date,hour,weather_condition,temperature_c,solar_generation_wh,energy_consumed_wh,battery_bank_level_wh,battery_bank_level_pct
2025-01-01,6,sunny,28.7,0.0,148.4,11851.6,59.3
2025-01-01,7,sunny,28.7,987.0,249.9,12588.7,62.9
2025-01-01,8,sunny,28.7,1895.5,500.8,13983.4,69.9
2025-01-01,9,sunny,28.7,3053.7,542.1,16495.0,82.5
2025-01-01,10,sunny,28.7,3721.4,560.0,19656.4,98.3
2025-01-01,11,sunny,28.7,3920.2,258.1,20000.0,100.0
2025-01-01,12,sunny,28.7,4629.6,161.2,20000.0,100.0
2025-01-01,13,sunny,28.7,4412.4,109.7,20000.0,100.0
2025-01-01,14,sunny,28.7,3872.4,91.7,20000.0,100.0
2025-01-01,15,sunny,28.7,3769.2,118.4,20000.0,100.0
2025-01-01,16,sunny,28.7,3043.6,289.6,20000.0,100.0
2025-01-01,17,sunny,28.7,2132.3,625.0,20000.0,100.0
2025-01-01,18,sunny,28.7,1035.9,774.7,20000.0,100.0
2025-01-01,19,sunny,28.7,0.0,679.4,19320.6,96.6
2025-01-02,6,sunny,27.7,0.0,134.2,19186.4,95.9
2025-01-02,7,sunny,27.7,1169.8,283.3,20000.0,100.0
2025-01-02,8,sunny,27.7,2327.3,460.6,20000.0,100.0
2025-01-02,9,sunny,27.7,3160.9,628.0,20000.0,100.0
2025-01-02,10,sunny,27.7,3769.2,575.0,20000.0,100.0
2025-01-02,11,sunny,27.7,4672.6,324.9,20000.0,100.0
2025-01-02,12,sunny,27.7,4403.9,136.3,20000.0,100.0
2025-01-02,13,sunny,27.7,4733.7,94.9,20000.0,100.0
2025-01-02,14,sunny,27.7,4511.3,97.8,20000.0,100.0
2025-01-02,15,sunny,27.7,3862.4,142.0,20000.0,100.0
2025-01-02,16,sunny,27.7,3187.9,251.3,20000.0,100.0
2025-01-02,17,sunny,27.7,2014.1,659.0,20000.0,100.0
2025-01-02,18,sunny,27.7,1112.0,794.8,20000.0,100.0
2025-01-02,19,sunny,27.7,0.0,689.0,19311.0,96.6
2025-01-03,6,sunny,25.9,0.0,140.2,19170.8,95.9
2025-01-03,7,sunny,25.9,903.7,279.3,19795.2,99.0
2025-01-03,8,sunny,25.9,1766.2,550.9,20000.0,100.0
2025-01-03,9,sunny,25.9,2329.0,548.9,20000.0,100.0
2025-01-03,10,sunny,25.9,2960.1,585.1,20000.0,100.0
2025-01-03,11,sunny,25.9,3598.1,266.7,20000.0,100.0
2025-01-03,12,sunny,25.9,3960.3,149.2,20000.0,100.0
2025-01-03,13,sunny,25.9,3722.2,115.9,20000.0,100.0
2025-01-03,14,sunny,25.9,3280.4,88.7,20000.0,100.0
2025-01-03,15,sunny,25.9,3138.1,118.9,20000.0,100.0
2025-01-03,16,sunny,25.9,2564.5,271.0,20000.0,100.0
2025-01-03,17,sunny,25.9,1641.1,590.4,20000.0,100.0
2025-01-03,18,sunny,25.9,889.9,782.7,20000.0,100.0
2025-01-03,19,sunny,25.9,0.0,717.3,19282.7,96.4
2025-01-04,6,sunny,25.9,0.0,145.8,19136.9,95.7
2025-01-04,7,sunny,25.9,951.4,309.3,19779.0,98.9
2025-01-04,8,sunny,25.9,1829.9,591.1,20000.0,100.0
2025-01-04,9,sunny,25.9,2915.9,574.9,20000.0,100.0
2025-01-04,10,sunny,25.9,3189.4,468.4,20000.0,100.0
2025-01-04,11,sunny,25.9,3927.5,265.4,20000.0,100.0
2025-01-04,12,sunny,25.9,4316.5,164.0,20000.0,100.0
2025-01-04,13,sunny,25.9,4295.9,104.6,20000.0,100.0
2025-01-04,14,sunny,25.9,4151.2,84.8,20000.0,100.0
2025-01-04,15,sunny,25.9,3342.9,125.4,20000.0,100.0
2025-01-04,16,sunny,25.9,2923.9,306.9,20000.0,100.0
2025-01-04,17,sunny,25.9,2007.1,590.3,20000.0,100.0
2025-01-04,18,sunny,25.9,1059.8,877.0,20000.0,100.0
2025-01-04,19,sunny,25.9,0.0,747.6,19252.4,96.3
2025-01-05,6,sunny,27.5,0.0,137.0,19115.4,95.6
2025-01-05,7,sunny,27.5,1028.9,275.0,19869.3,99.3
2025-01-05,8,sunny,27.5,1929.2,594.6,20000.0,100.0
2025-01-05,9,sunny,27.5,2972.1,633.1,20000.0,100.0
2025-01-05,10,sunny,27.5,3587.5,524.8,20000.0,100.0
2025-01-05,11,sunny,27.5,4218.6,341.7,20000.0,100.0
2025-01-05,12,sunny,27.5,4681.2,149.2,20000.0,100.0
2025-01-05,13,sunny,27.5,4273.7,103.5,20000.0,100.0
2025-01-05,14,sunny,27.5,4177.1,98.2,20000.0,100.0
2025-01-05,15,sunny,27.5,3727.5,136.2,20000.0,100.0
2025-01-05,16,sunny,27.5,2851.0,289.5,20000.0,100.0
2025-01-05,17,sunny,27.5,2016.3,582.3,20000.0,100.0
2025-01-05,18,sunny,27.5,1003.7,947.2,20000.0,100.0
2025-01-05,19,sunny,27.5,0.0,606.1,19393.9,97.0
2025-01-06,6,sunny,26.9,0.0,171.3,19222.6,96.1
2025-01-06,7,sunny,26.9,1074.6,315.4,19981.8,99.9
2025-01-06,8,sunny,26.9,2008.8,469.3,20000.0,100.0
2025-01-06,9,sunny,26.9,2985.3,647.3,20000.0,100.0
2025-01-06,10,sunny,26.9,3693.4,554.9,20000.0,100.0
2025-01-06,11,sunny,26.9,3639.1,264.0,20000.0,100.0
2025-01-06,12,sunny,26.9,4298.5,158.9,20000.0,100.0
2025-01-06,13,sunny,26.9,3877.7,114.0,20000.0,100.0
2025-01-06,14,sunny,26.9,4152.7,100.4,20000.0,100.0
2025-01-06,15,sunny,26.9,3449.1,115.5,20000.0,100.0
2025-01-06,16,sunny,26.9,2917.0,291.5,20000.0,100.0
2025-01-06,17,sunny,26.9,2072.0,645.2,20000.0,100.0
2025-01-06,18,sunny,26.9,1018.4,836.3,20000.0,100.0
2025-01-06,19,sunny,26.9,0.0,726.0,19274.0,96.4
2025-01-07,6,cloudy,24.4,0.0,179.7,19094.3,95.5
2025-01-07,7,cloudy,24.4,897.8,281.0,19711.1,98.6
2025-01-07,8,cloudy,24.4,1677.0,610.6,20000.0,100.0
2025-01-07,9,cloudy,24.4,2313.2,595.7,20000.0,100.0
2025-01-07,10,cloudy,24.4,3067.5,545.4,20000.0,100.0
2025-01-07,11,cloudy,24.4,3358.9,354.9,20000.0,100.0
2025-01-07,12,cloudy,24.4,3589.4,154.3,20000.0,100.0
2025-01-07,13,cloudy,24.4,3460.5,104.8,20000.0,100.0
2025-01-07,14,cloudy,24.4,3130.7,110.7,20000.0,100.0
2025-01-07,15,cloudy,24.4,3079.5,128.3,20000.0,100.0
2025-01-07,16,cloudy,24.4,2287.6,345.6,20000.0,100.0
2025-01-07,17,cloudy,24.4,1532.0,682.7,20000.0,100.0
2025-01-07,18,cloudy,24.4,846.5,960.5,19886.0,99.4
2025-01-07,19,cloudy,24.4,0.0,712.8,19173.2,95.9
2025-01-08,6,sunny,24.7,0.0,157.8,19015.4,95.1
2025-01-08,7,sunny,24.7,1051.5,286.7,19780.2,98.9
2025-01-08,8,sunny,24.7,1922.1,502.8,20000.0,100.0
2025-01-08,9,sunny,24.7,2834.1,601.7,20000.0,100.0
2025-01-08,10,sunny,24.7,3851.7,538.9,20000.0,100.0
2025-01-08,11,sunny,24.7,4288.9,358.2,20000.0,100.0
2025-01-08,12,sunny,24.7,4066.5,166.9,20000.0,100.0
2025-01-08,13,sunny,24.7,4595.3,113.1,20000.0,100.0
2025-01-08,14,sunny,24.7,4049.6,100.7,20000.0,100.0
2025-01-08,15,sunny,24.7,3346.4,140.2,20000.0,100.0
2025-01-08,16,sunny,24.7,3124.2,357.5,20000.0,100.0
2025-01-08,17,sunny,24.7,1891.1,728.7,20000.0,100.0
2025-01-08,18,sunny,24.7,1016.0,1030.2,19985.8,99.9
2025-01-08,19,sunny,24.7,0.0,776.0,19209.8,96.0
2025-01-09,6,sunny,27.5,0.0,144.8,19065.0,95.3
2025-01-09,7,sunny,27.5,934.4,356.7,19642.7,98.2
2025-01-09,8,sunny,27.5,1823.6,543.7,20000.0,100.0
2025-01-09,9,sunny,27.5,2553.6,601.5,20000.0,100.0
2025-01-09,10,sunny,27.5,3426.7,529.1,20000.0,100.0
2025-01-09,11,sunny,27.5,3457.8,296.8,20000.0,100.0
2025-01-09,12,sunny,27.5,4130.8,141.8,20000.0,100.0
2025-01-09,13,sunny,27.5,4073.2,116.8,20000.0,100.0
2025-01-09,14,sunny,27.5,3815.7,118.9,20000.0,100.0
2025-01-09,15,sunny,27.5,3364.4,159.0,20000.0,100.0
2025-01-09,16,sunny,27.5,2427.5,346.1,20000.0,100.0
2025-01-09,17,sunny,27.5,1817.5,703.1,20000.0,100.0
2025-01-09,18,sunny,27.5,986.5,1061.1,19925.4,99.6
2025-01-09,19,sunny,27.5,0.0,690.5,19234.9,96.2
2025-01-10,6,sunny,26.8,0.0,157.9,19077.0,95.4
2025-01-10,7,sunny,26.8,956.0,280.1,19752.9,98.8
2025-01-10,8,sunny,26.8,2066.8,558.1,20000.0,100.0
2025-01-10,9,sunny,26.8,3014.7,723.6,20000.0,100.0
2025-01-10,10,sunny,26.8,3258.0,509.0,20000.0,100.0
2025-01-10,11,sunny,26.8,3806.2,366.5,20000.0,100.0
2025-01-10,12,sunny,26.8,4049.4,164.0,20000.0,100.0
2025-01-10,13,sunny,26.8,4516.6,127.1,20000.0,100.0
2025-01-10,14,sunny,26.8,3824.9,91.0,20000.0,100.0
2025-01-10,15,sunny,26.8,3322.0,123.3,20000.0,100.0
2025-01-10,16,sunny,26.8,2694.7,328.0,20000.0,100.0
2025-01-10,17,sunny,26.8,2107.2,709.7,20000.0,100.0
2025-01-10,18,sunny,26.8,1040.1,855.9,20000.0,100.0
2025-01-10,19,sunny,26.8,0.0,726.7,19273.3,96.4
2025-01-11,6,sunny,28.9,0.0,144.8,19128.5,95.6
2025-01-11,7,sunny,28.9,865.6,318.2,19675.9,98.4
2025-01-11,8,sunny,28.9,1875.1,552.6,20000.0,100.0
2025-01-11,9,sunny,28.9,2608.3,716.4,20000.0,100.0
2025-01-11,10,sunny,28.9,2955.9,542.7,20000.0,100.0
2025-01-11,11,sunny,28.9,3613.8,341.1,20000.0,100.0
2025-01-11,12,sunny,28.9,3710.9,151.6,20000.0,100.0
2025-01-11,13,sunny,28.9,3876.4,101.3,20000.0,100.0
2025-01-11,14,sunny,28.9,3767.8,96.4,20000.0,100.0
2025-01-11,15,sunny,28.9,2919.9,143.4,20000.0,100.0
2025-01-11,16,sunny,28.9,2511.5,325.8,20000.0,100.0
2025-01-11,17,sunny,28.9,1737.7,815.0,20000.0,100.0
2025-01-11,18,sunny,28.9,901.8,944.2,19957.6,99.8
2025-01-11,19,sunny,28.9,0.0,617.5,19340.1,96.7
2025-01-12,6,sunny,29.2,0.0,144.4,19195.7,96.0
2025-01-12,7,sunny,29.2,988.4,324.8,19859.3,99.3
2025-01-12,8,sunny,29.2,1896.0,575.6,20000.0,100.0
2025-01-12,9,sunny,29.2,2377.3,784.7,20000.0,100.0
2025-01-12,10,sunny,29.2,3236.6,628.9,20000.0,100.0
2025-01-12,11,sunny,29.2,3555.5,341.4,20000.0,100.0
2025-01-12,12,sunny,29.2,4026.3,173.4,20000.0,100.0
2025-01-12,13,sunny,29.2,3727.6,119.2,20000.0,100.0
2025-01-12,14,sunny,29.2,3690.3,122.4,20000.0,100.0
2025-01-12,15,sunny,29.2,3101.6,141.8,20000.0,100.0
2025-01-12,16,sunny,29.2,2672.2,329.1,20000.0,100.0
2025-01-12,17,sunny,29.2,1852.0,708.8,20000.0,100.0
2025-01-12,18,sunny,29.2,879.9,1031.6,19848.3,99.2
2025-01-12,19,sunny,29.2,0.0,652.6,19195.7,96.0
2025-01-13,6,sunny,23.6,0.0,157.2,19038.5,95.2
2025-01-13,7,sunny,23.6,985.9,376.8,19647.6,98.2
2025-01-13,8,sunny,23.6,1928.3,533.0,20000.0,100.0
2025-01-13,9,sunny,23.6,2812.7,729.7,20000.0,100.0
2025-01-13,10,sunny,23.6,3818.9,632.0,20000.0,100.0
2025-01-13,11,sunny,23.6,4228.7,299.1,20000.0,100.0
2025-01-13,12,sunny,23.6,4255.1,167.6,20000.0,100.0
2025-01-13,13,sunny,23.6,4114.3,107.1,20000.0,100.0
2025-01-13,14,sunny,23.6,3976.7,96.6,20000.0,100.0
2025-01-13,15,sunny,23.6,3634.4,155.6,20000.0,100.0
2025-01-13,16,sunny,23.6,2713.7,330.3,20000.0,100.0
2025-01-13,17,sunny,23.6,2125.0,779.2,20000.0,100.0
2025-01-13,18,sunny,23.6,1099.6,956.3,20000.0,100.0
2025-01-13,19,sunny,23.6,0.0,668.9,19331.1,96.7
2025-01-14,6,sunny,27.5,0.0,165.0,19166.1,95.8
2025-01-14,7,sunny,27.5,1120.2,360.3,19926.0,99.6
2025-01-14,8,sunny,27.5,2200.6,552.1,20000.0,100.0
2025-01-14,9,sunny,27.5,3049.1,717.7,20000.0,100.0
2025-01-14,10,sunny,27.5,3890.4,569.3,20000.0,100.0
2025-01-14,11,sunny,27.5,4373.1,361.4,20000.0,100.0
2025-01-14,12,sunny,27.5,5159.6,170.4,20000.0,100.0
2025-01-14,13,sunny,27.5,4945.9,128.9,20000.0,100.0
2025-01-14,14,sunny,27.5,4908.0,113.6,20000.0,100.0
2025-01-14,15,sunny,27.5,4252.6,166.4,20000.0,100.0
2025-01-14,16,sunny,27.5,3377.7,331.8,20000.0,100.0
2025-01-14,17,sunny,27.5,2119.5,626.6,20000.0,100.0
2025-01-14,18,sunny,27.5,1162.6,980.1,20000.0,100.0
2025-01-14,19,sunny,27.5,0.0,748.1,19251.9,96.3
2025-01-15,6,sunny,25.3,0.0,158.1,19093.8,95.5
2025-01-15,7,sunny,25.3,1193.1,373.9,19913.0,99.6
2025-01-15,8,sunny,25.3,2385.6,665.8,20000.0,100.0
2025-01-15,9,sunny,25.3,3353.0,697.7,20000.0,100.0
2025-01-15,10,sunny,25.3,3866.5,557.1,20000.0,100.0
2025-01-15,11,sunny,25.3,4533.2,383.1,20000.0,100.0
2025-01-15,12,sunny,25.3,4622.3,175.3,20000.0,100.0
2025-01-15,13,sunny,25.3,4587.1,105.7,20000.0,100.0
2025-01-15,14,sunny,25.3,4251.1,96.3,20000.0,100.0
2025-01-15,15,sunny,25.3,4197.2,145.4,20000.0,100.0
2025-01-15,16,sunny,25.3,3325.9,357.7,20000.0,100.0
2025-01-15,17,sunny,25.3,2111.8,668.7,20000.0,100.0
2025-01-15,18,sunny,25.3,1196.4,922.2,20000.0,100.0
2025-01-15,19,sunny,25.3,0.0,660.9,19339.1,96.7
2025-01-16,6,sunny,25.3,0.0,162.4,19176.7,95.9
2025-01-16,7,sunny,25.3,1043.4,317.9,19902.2,99.5
2025-01-16,8,sunny,25.3,1870.6,592.8,20000.0,100.0
2025-01-16,9,sunny,25.3,2595.7,808.4,20000.0,100.0
2025-01-16,10,sunny,25.3,3488.8,583.0,20000.0,100.0
2025-01-16,11,sunny,25.3,4000.8,312.7,20000.0,100.0
2025-01-16,12,sunny,25.3,3731.3,177.8,20000.0,100.0
2025-01-16,13,sunny,25.3,4346.4,102.2,20000.0,100.0
2025-01-16,14,sunny,25.3,3633.7,112.9,20000.0,100.0
2025-01-16,15,sunny,25.3,3508.4,132.7,20000.0,100.0
2025-01-16,16,sunny,25.3,2654.8,368.3,20000.0,100.0
2025-01-16,17,sunny,25.3,1853.6,678.8,20000.0,100.0
2025-01-16,18,sunny,25.3,928.2,975.6,19952.6,99.8
2025-01-16,19,sunny,25.3,0.0,829.9,19122.7,95.6
2025-01-17,6,sunny,25.9,0.0,171.3,18951.4,94.8
2025-01-17,7,sunny,25.9,1018.4,389.6,19580.2,97.9
2025-01-17,8,sunny,25.9,1929.0,653.6,20000.0,100.0
2025-01-17,9,sunny,25.9,2976.7,663.4,20000.0,100.0
2025-01-17,10,sunny,25.9,3537.7,556.5,20000.0,100.0
2025-01-17,11,sunny,25.9,3843.5,341.9,20000.0,100.0
2025-01-17,12,sunny,25.9,4149.3,191.6,20000.0,100.0
2025-01-17,13,sunny,25.9,4557.1,130.7,20000.0,100.0
2025-01-17,14,sunny,25.9,3893.6,105.7,20000.0,100.0
2025-01-17,15,sunny,25.9,3420.9,136.2,20000.0,100.0
2025-01-17,16,sunny,25.9,3060.1,336.2,20000.0,100.0
2025-01-17,17,sunny,25.9,1922.4,835.2,20000.0,100.0
2025-01-17,18,sunny,25.9,1017.7,871.8,20000.0,100.0
2025-01-17,19,sunny,25.9,0.0,788.1,19211.9,96.1
2025-01-18,6,sunny,28.8,0.0,196.5,19015.4,95.1
2025-01-18,7,sunny,28.8,1181.2,320.7,19875.9,99.4
2025-01-18,8,sunny,28.8,2026.5,685.8,20000.0,100.0
2025-01-18,9,sunny,28.8,3013.7,789.4,20000.0,100.0
2025-01-18,10,sunny,28.8,4009.6,548.8,20000.0,100.0
2025-01-18,11,sunny,28.8,4569.4,395.2,20000.0,100.0
2025-01-18,12,sunny,28.8,4813.9,174.6,20000.0,100.0
2025-01-18,13,sunny,28.8,4920.0,122.1,20000.0,100.0
2025-01-18,14,sunny,28.8,4545.1,125.6,20000.0,100.0
2025-01-18,15,sunny,28.8,4003.3,144.7,20000.0,100.0
2025-01-18,16,sunny,28.8,2923.8,322.5,20000.0,100.0
2025-01-18,17,sunny,28.8,2178.0,765.5,20000.0,100.0
2025-01-18,18,sunny,28.8,1135.4,991.3,20000.0,100.0
2025-01-18,19,sunny,28.8,0.0,859.0,19141.0,95.7
2025-01-19,6,sunny,27.8,0.0,180.8,18960.2,94.8
2025-01-19,7,sunny,27.8,1110.8,384.0,19687.0,98.4
2025-01-19,8,sunny,27.8,2426.1,665.5,20000.0,100.0
2025-01-19,9,sunny,27.8,3440.5,881.8,20000.0,100.0
2025-01-19,10,sunny,27.8,3920.7,649.9,20000.0,100.0
2025-01-19,11,sunny,27.8,4539.9,404.3,20000.0,100.0
2025-01-19,12,sunny,27.8,4537.0,174.8,20000.0,100.0
2025-01-19,13,sunny,27.8,5119.1,114.4,20000.0,100.0
2025-01-19,14,sunny,27.8,4760.0,111.7,20000.0,100.0
2025-01-19,15,sunny,27.8,4308.3,174.0,20000.0,100.0
2025-01-19,16,sunny,27.8,3133.9,382.2,20000.0,100.0
2025-01-19,17,sunny,27.8,2208.7,796.7,20000.0,100.0
2025-01-19,18,sunny,27.8,1195.1,1136.2,20000.0,100.0
2025-01-19,19,sunny,27.8,0.0,707.3,19292.7,96.5
2025-01-20,6,sunny,26.2,0.0,157.2,19135.5,95.7
2025-01-20,7,sunny,26.2,932.0,395.4,19672.1,98.4
2025-01-20,8,sunny,26.2,1719.4,610.7,20000.0,100.0
2025-01-20,9,sunny,26.2,2825.4,673.0,20000.0,100.0
2025-01-20,10,sunny,26.2,3407.8,584.5,20000.0,100.0
2025-01-20,11,sunny,26.2,3938.8,382.7,20000.0,100.0
2025-01-20,12,sunny,26.2,4193.4,165.9,20000.0,100.0
2025-01-20,13,sunny,26.2,3977.6,133.9,20000.0,100.0
2025-01-20,14,sunny,26.2,3582.6,107.5,20000.0,100.0
2025-01-20,15,sunny,26.2,3043.0,179.3,20000.0,100.0
2025-01-20,16,sunny,26.2,2729.7,371.7,20000.0,100.0
2025-01-20,17,sunny,26.2,1922.7,787.3,20000.0,100.0
2025-01-20,18,sunny,26.2,950.8,1028.6,19922.2,99.6
2025-01-20,19,sunny,26.2,0.0,710.0,19212.2,96.1
2025-01-21,6,sunny,26.1,0.0,187.5,19024.7,95.1
2025-01-21,7,sunny,26.1,977.6,410.9,19591.4,98.0
2025-01-21,8,sunny,26.1,2133.8,717.2,20000.0,100.0
2025-01-21,9,sunny,26.1,2793.0,707.6,20000.0,100.0
2025-01-21,10,sunny,26.1,3400.4,558.3,20000.0,100.0
2025-01-21,11,sunny,26.1,3806.3,313.6,20000.0,100.0
2025-01-21,12,sunny,26.1,4615.5,159.8,20000.0,100.0
2025-01-21,13,sunny,26.1,4049.4,137.0,20000.0,100.0
2025-01-21,14,sunny,26.1,4092.5,127.8,20000.0,100.0
2025-01-21,15,sunny,26.1,3629.9,177.5,20000.0,100.0
2025-01-21,16,sunny,26.1,2928.1,363.1,20000.0,100.0
2025-01-21,17,sunny,26.1,2075.0,775.2,20000.0,100.0
2025-01-21,18,sunny,26.1,1010.2,1044.7,19965.5,99.8
2025-01-21,19,sunny,26.1,0.0,857.8,19107.7,95.5
2025-01-22,6,sunny,26.4,0.0,204.0,18903.7,94.5
2025-01-22,7,sunny,26.4,1032.7,383.8,19552.6,97.8
2025-01-22,8,sunny,26.4,2172.1,561.5,20000.0,100.0
2025-01-22,9,sunny,26.4,3058.0,747.6,20000.0,100.0
2025-01-22,10,sunny,26.4,3487.6,679.4,20000.0,100.0
2025-01-22,11,sunny,26.4,4404.2,341.1,20000.0,100.0
2025-01-22,12,sunny,26.4,4445.2,173.3,20000.0,100.0
2025-01-22,13,sunny,26.4,4435.4,130.6,20000.0,100.0
2025-01-22,14,sunny,26.4,4213.3,123.7,20000.0,100.0
2025-01-22,15,sunny,26.4,3441.9,170.2,20000.0,100.0
2025-01-22,16,sunny,26.4,3017.2,384.2,20000.0,100.0
2025-01-22,17,sunny,26.4,1924.2,782.8,20000.0,100.0
2025-01-22,18,sunny,26.4,1045.6,933.2,20000.0,100.0
2025-01-22,19,sunny,26.4,0.0,781.4,19218.6,96.1
2025-01-23,6,sunny,26.3,0.0,185.3,19033.3,95.2
2025-01-23,7,sunny,26.3,1166.5,380.2,19819.6,99.1
2025-01-23,8,sunny,26.3,2414.7,647.6,20000.0,100.0
2025-01-23,9,sunny,26.3,3247.0,825.6,20000.0,100.0
2025-01-23,10,sunny,26.3,4158.6,565.8,20000.0,100.0
2025-01-23,11,sunny,26.3,4569.2,365.0,20000.0,100.0
2025-01-23,12,sunny,26.3,5153.4,186.5,20000.0,100.0
2025-01-23,13,sunny,26.3,4815.9,144.9,20000.0,100.0
2025-01-23,14,sunny,26.3,4523.5,108.9,20000.0,100.0
2025-01-23,15,sunny,26.3,3837.3,142.7,20000.0,100.0
2025-01-23,16,sunny,26.3,2984.3,360.3,20000.0,100.0
2025-01-23,17,sunny,26.3,2359.4,859.5,20000.0,100.0
2025-01-23,18,sunny,26.3,1082.7,1098.4,19984.3,99.9
2025-01-23,19,sunny,26.3,0.0,909.6,19074.7,95.4
2025-01-24,6,sunny,26.9,0.0,196.6,18878.1,94.4
2025-01-24,7,sunny,26.9,995.0,399.5,19473.6,97.4
2025-01-24,8,sunny,26.9,1877.5,735.3,20000.0,100.0
2025-01-24,9,sunny,26.9,2795.0,871.0,20000.0,100.0
2025-01-24,10,sunny,26.9,3655.3,753.6,20000.0,100.0
2025-01-24,11,sunny,26.9,3773.5,346.9,20000.0,100.0
2025-01-24,12,sunny,26.9,4023.4,175.2,20000.0,100.0
2025-01-24,13,sunny,26.9,4237.1,147.5,20000.0,100.0
2025-01-24,14,sunny,26.9,4238.1,122.6,20000.0,100.0
2025-01-24,15,sunny,26.9,3542.8,181.7,20000.0,100.0
2025-01-24,16,sunny,26.9,2981.0,338.4,20000.0,100.0
2025-01-24,17,sunny,26.9,1967.3,892.1,20000.0,100.0
2025-01-24,18,sunny,26.9,978.1,1066.6,19911.5,99.6
2025-01-24,19,sunny,26.9,0.0,929.1,18982.4,94.9
2025-01-25,6,sunny,28.1,0.0,180.2,18802.2,94.0
2025-01-25,7,sunny,28.1,1036.3,381.0,19457.5,97.3
2025-01-25,8,sunny,28.1,1999.6,689.0,20000.0,100.0
2025-01-25,9,sunny,28.1,2810.7,877.7,20000.0,100.0
2025-01-25,10,sunny,28.1,3447.6,628.2,20000.0,100.0
2025-01-25,11,sunny,28.1,3789.3,339.2,20000.0,100.0
2025-01-25,12,sunny,28.1,4498.0,187.4,20000.0,100.0
2025-01-25,13,sunny,28.1,4089.2,139.8,20000.0,100.0
2025-01-25,14,sunny,28.1,4053.2,105.1,20000.0,100.0
2025-01-25,15,sunny,28.1,3438.2,149.5,20000.0,100.0
2025-01-25,16,sunny,28.1,2919.3,349.7,20000.0,100.0
2025-01-25,17,sunny,28.1,1864.2,709.5,20000.0,100.0
2025-01-25,18,sunny,28.1,1041.8,939.3,20000.0,100.0
2025-01-25,19,sunny,28.1,0.0,734.2,19265.8,96.3
2025-01-26,6,sunny,28.0,0.0,167.6,19098.2,95.5
2025-01-26,7,sunny,28.0,962.4,422.3,19638.3,98.2
2025-01-26,8,sunny,28.0,1651.4,603.7,20000.0,100.0
2025-01-26,9,sunny,28.0,2706.5,836.7,20000.0,100.0
2025-01-26,10,sunny,28.0,2992.2,608.6,20000.0,100.0
2025-01-26,11,sunny,28.0,3681.4,403.2,20000.0,100.0
2025-01-26,12,sunny,28.0,3873.0,218.4,20000.0,100.0
2025-01-26,13,sunny,28.0,3811.2,123.1,20000.0,100.0
2025-01-26,14,sunny,28.0,3580.4,118.7,20000.0,100.0
2025-01-26,15,sunny,28.0,3028.4,144.4,20000.0,100.0
2025-01-26,16,sunny,28.0,2490.2,402.6,20000.0,100.0
2025-01-26,17,sunny,28.0,1653.5,811.6,20000.0,100.0
2025-01-26,18,sunny,28.0,940.0,1143.8,19796.2,99.0
2025-01-26,19,sunny,28.0,0.0,903.7,18892.5,94.5
2025-01-27,6,sunny,28.5,0.0,200.1,18692.4,93.5
2025-01-27,7,sunny,28.5,1057.6,329.0,19421.0,97.1
2025-01-27,8,sunny,28.5,2046.5,665.3,20000.0,100.0
2025-01-27,9,sunny,28.5,3009.5,751.5,20000.0,100.0
2025-01-27,10,sunny,28.5,3974.0,760.6,20000.0,100.0
2025-01-27,11,sunny,28.5,4102.8,430.4,20000.0,100.0
2025-01-27,12,sunny,28.5,4227.0,218.8,20000.0,100.0
2025-01-27,13,sunny,28.5,4883.1,112.8,20000.0,100.0
2025-01-27,14,sunny,28.5,4474.4,142.7,20000.0,100.0
2025-01-27,15,sunny,28.5,4021.4,192.5,20000.0,100.0
2025-01-27,16,sunny,28.5,3073.5,333.8,20000.0,100.0
2025-01-27,17,sunny,28.5,2252.4,863.0,20000.0,100.0
2025-01-27,18,sunny,28.5,1120.1,1089.8,20000.0,100.0
2025-01-27,19,sunny,28.5,0.0,747.7,19252.3,96.3
2025-01-28,6,sunny,25.4,0.0,216.4,19035.9,95.2
2025-01-28,7,sunny,25.4,909.3,386.0,19559.2,97.8
2025-01-28,8,sunny,25.4,1722.0,776.6,20000.0,100.0
2025-01-28,9,sunny,25.4,2621.0,807.0,20000.0,100.0
2025-01-28,10,sunny,25.4,2983.1,623.5,20000.0,100.0
2025-01-28,11,sunny,25.4,3547.9,436.0,20000.0,100.0
2025-01-28,12,sunny,25.4,3924.3,179.2,20000.0,100.0
2025-01-28,13,sunny,25.4,3997.4,128.6,20000.0,100.0
2025-01-28,14,sunny,25.4,3760.8,116.5,20000.0,100.0
2025-01-28,15,sunny,25.4,3197.6,192.1,20000.0,100.0
2025-01-28,16,sunny,25.4,2436.0,408.0,20000.0,100.0
2025-01-28,17,sunny,25.4,1906.2,754.0,20000.0,100.0
2025-01-28,18,sunny,25.4,855.3,1186.9,19668.4,98.3
2025-01-28,19,sunny,25.4,0.0,733.9,18934.5,94.7
2025-01-29,6,sunny,27.1,0.0,187.9,18746.6,93.7
2025-01-29,7,sunny,27.1,1228.7,390.8,19584.5,97.9
2025-01-29,8,sunny,27.1,2385.0,676.0,20000.0,100.0
2025-01-29,9,sunny,27.1,3458.0,886.1,20000.0,100.0
2025-01-29,10,sunny,27.1,3775.0,766.4,20000.0,100.0
2025-01-29,11,sunny,27.1,4550.7,346.7,20000.0,100.0
2025-01-29,12,sunny,27.1,4580.9,208.8,20000.0,100.0
2025-01-29,13,sunny,27.1,4502.5,126.0,20000.0,100.0
2025-01-29,14,sunny,27.1,4305.6,125.2,20000.0,100.0
2025-01-29,15,sunny,27.1,3959.2,173.0,20000.0,100.0
2025-01-29,16,sunny,27.1,3123.1,334.6,20000.0,100.0
2025-01-29,17,sunny,27.1,2305.4,817.9,20000.0,100.0
2025-01-29,18,sunny,27.1,1193.8,1004.8,20000.0,100.0
2025-01-29,19,sunny,27.1,0.0,785.9,19214.1,96.1
2025-01-30,6,sunny,27.3,0.0,192.2,19021.9,95.1
2025-01-30,7,sunny,27.3,1100.7,403.0,19719.6,98.6
2025-01-30,8,sunny,27.3,1971.0,696.5,20000.0,100.0
2025-01-30,9,sunny,27.3,2963.4,835.4,20000.0,100.0
2025-01-30,10,sunny,27.3,3536.0,752.2,20000.0,100.0
2025-01-30,11,sunny,27.3,4571.9,335.8,20000.0,100.0
2025-01-30,12,sunny,27.3,4615.6,215.3,20000.0,100.0
2025-01-30,13,sunny,27.3,4394.2,147.6,20000.0,100.0
2025-01-30,14,sunny,27.3,4367.7,145.2,20000.0,100.0
2025-01-30,15,sunny,27.3,4046.5,149.6,20000.0,100.0
2025-01-30,16,sunny,27.3,3010.1,398.4,20000.0,100.0
2025-01-30,17,sunny,27.3,2011.9,815.7,20000.0,100.0
2025-01-30,18,sunny,27.3,1177.8,982.1,20000.0,100.0
2025-01-30,19,sunny,27.3,0.0,946.0,19054.0,95.3
2025-01-31,6,sunny,25.1,0.0,199.8,18854.2,94.3
2025-01-31,7,sunny,25.1,1045.5,342.4,19557.3,97.8
2025-01-31,8,sunny,25.1,2299.9,650.5,20000.0,100.0
2025-01-31,9,sunny,25.1,3073.2,757.3,20000.0,100.0
2025-01-31,10,sunny,25.1,3766.9,789.9,20000.0,100.0
2025-01-31,11,sunny,25.1,4332.1,451.5,20000.0,100.0
2025-01-31,12,sunny,25.1,4427.2,201.6,20000.0,100.0
2025-01-31,13,sunny,25.1,4852.1,135.0,20000.0,100.0
2025-01-31,14,sunny,25.1,4183.6,143.6,20000.0,100.0
2025-01-31,15,sunny,25.1,3747.1,176.6,20000.0,100.0
2025-01-31,16,sunny,25.1,3296.4,359.1,20000.0,100.0
2025-01-31,17,sunny,25.1,2086.6,743.9,20000.0,100.0
2025-01-31,18,sunny,25.1,1089.9,1055.1,20000.0,100.0
2025-01-31,19,sunny,25.1,0.0,782.9,19217.1,96.1
2025-02-01,6,sunny,27.4,0.0,193.9,19023.2,95.1
2025-02-01,7,sunny,27.4,989.2,395.1,19617.3,98.1
2025-02-01,8,sunny,27.4,1819.2,780.6,20000.0,100.0
2025-02-01,9,sunny,27.4,2681.8,796.3,20000.0,100.0
2025-02-01,10,sunny,27.4,3494.5,672.6,20000.0,100.0
2025-02-01,11,sunny,27.4,3474.8,398.5,20000.0,100.0
2025-02-01,12,sunny,27.4,3741.1,187.2,20000.0,100.0
2025-02-01,13,sunny,27.4,4121.8,123.0,20000.0,100.0
2025-02-01,14,sunny,27.4,3916.6,148.1,20000.0,100.0
2025-02-01,15,sunny,27.4,3345.9,187.7,20000.0,100.0
2025-02-01,16,sunny,27.4,2739.6,459.1,20000.0,100.0
2025-02-01,17,sunny,27.4,1813.6,785.1,20000.0,100.0
2025-02-01,18,sunny,27.4,960.1,1181.4,19778.7,98.9
2025-02-01,19,sunny,27.4,0.0,903.1,18875.6,94.4
2025-02-02,6,sunny,27.8,0.0,176.6,18699.0,93.5
2025-02-02,7,sunny,27.8,983.9,371.3,19311.6,96.6
2025-02-02,8,sunny,27.8,1962.4,612.4,20000.0,100.0
2025-02-02,9,sunny,27.8,2802.6,797.9,20000.0,100.0
2025-02-02,10,sunny,27.8,3533.2,687.7,20000.0,100.0
2025-02-02,11,sunny,27.8,3989.3,381.9,20000.0,100.0
2025-02-02,12,sunny,27.8,4068.9,175.8,20000.0,100.0
2025-02-02,13,sunny,27.8,4144.0,150.4,20000.0,100.0
2025-02-02,14,sunny,27.8,4399.5,149.1,20000.0,100.0
2025-02-02,15,sunny,27.8,3602.8,179.9,20000.0,100.0
2025-02-02,16,sunny,27.8,2818.3,436.7,20000.0,100.0
2025-02-02,17,sunny,27.8,2115.9,972.3,20000.0,100.0
2025-02-02,18,sunny,27.8,1110.7,1157.0,19953.7,99.8
2025-02-02,19,sunny,27.8,0.0,962.3,18991.4,95.0
2025-02-03,6,sunny,25.8,0.0,237.4,18754.0,93.8
2025-02-03,7,sunny,25.8,1178.3,356.7,19575.6,97.9
2025-02-03,8,sunny,25.8,2249.6,618.1,20000.0,100.0
2025-02-03,9,sunny,25.8,3265.0,966.3,20000.0,100.0
2025-02-03,10,sunny,25.8,3951.6,795.5,20000.0,100.0
2025-02-03,11,sunny,25.8,4146.5,378.9,20000.0,100.0
2025-02-03,12,sunny,25.8,4630.7,178.4,20000.0,100.0
2025-02-03,13,sunny,25.8,4655.3,130.9,20000.0,100.0
2025-02-03,14,sunny,25.8,4347.0,130.3,20000.0,100.0
2025-02-03,15,sunny,25.8,4117.4,167.4,20000.0,100.0
2025-02-03,16,sunny,25.8,3324.5,398.1,20000.0,100.0
2025-02-03,17,sunny,25.8,2138.6,889.7,20000.0,100.0
2025-02-03,18,sunny,25.8,1117.0,1104.0,20000.0,100.0
2025-02-03,19,sunny,25.8,0.0,796.2,19203.8,96.0
2025-02-04,6,sunny,26.2,0.0,228.9,18974.9,94.9
2025-02-04,7,sunny,26.2,1123.0,467.6,19630.3,98.2
2025-02-04,8,sunny,26.2,2364.8,826.5,20000.0,100.0
2025-02-04,9,sunny,26.2,3400.9,798.4,20000.0,100.0
2025-02-04,10,sunny,26.2,4028.4,653.1,20000.0,100.0
2025-02-04,11,sunny,26.2,4781.4,420.2,20000.0,100.0
2025-02-04,12,sunny,26.2,4663.3,235.5,20000.0,100.0
2025-02-04,13,sunny,26.2,4552.9,144.8,20000.0,100.0
2025-02-04,14,sunny,26.2,4713.2,116.6,20000.0,100.0
2025-02-04,15,sunny,26.2,4072.4,198.5,20000.0,100.0
2025-02-04,16,sunny,26.2,3017.6,412.2,20000.0,100.0
2025-02-04,17,sunny,26.2,2181.4,940.7,20000.0,100.0
2025-02-04,18,sunny,26.2,1098.2,1358.6,19739.6,98.7
2025-02-04,19,sunny,26.2,0.0,812.4,18927.2,94.6
2025-02-05,6,sunny,25.8,0.0,206.8,18720.4,93.6
2025-02-05,7,sunny,25.8,1023.9,364.3,19380.0,96.9
2025-02-05,8,sunny,25.8,2260.6,721.4,20000.0,100.0
2025-02-05,9,sunny,25.8,3167.1,897.5,20000.0,100.0
2025-02-05,10,sunny,25.8,3959.1,640.7,20000.0,100.0
2025-02-05,11,sunny,25.8,3972.8,466.7,20000.0,100.0
2025-02-05,12,sunny,25.8,4793.0,198.7,20000.0,100.0
2025-02-05,13,sunny,25.8,4384.3,141.3,20000.0,100.0
2025-02-05,14,sunny,25.8,4169.2,123.0,20000.0,100.0
2025-02-05,15,sunny,25.8,3945.4,169.4,20000.0,100.0
2025-02-05,16,sunny,25.8,3090.0,360.5,20000.0,100.0
2025-02-05,17,sunny,25.8,1950.3,946.4,20000.0,100.0
2025-02-05,18,sunny,25.8,1054.3,1268.1,19786.2,98.9
2025-02-05,19,sunny,25.8,0.0,1026.7,18759.5,93.8
2025-02-06,6,sunny,27.0,0.0,200.8,18558.7,92.8
2025-02-06,7,sunny,27.0,869.6,421.6,19006.7,95.0
2025-02-06,8,sunny,27.0,1669.7,640.3,20000.0,100.0
2025-02-06,9,sunny,27.0,2409.7,843.0,20000.0,100.0
2025-02-06,10,sunny,27.0,2998.6,670.4,20000.0,100.0
2025-02-06,11,sunny,27.0,3340.7,432.8,20000.0,100.0
2025-02-06,12,sunny,27.0,3618.3,202.4,20000.0,100.0
2025-02-06,13,sunny,27.0,3700.9,156.3,20000.0,100.0
2025-02-06,14,sunny,27.0,3403.1,140.4,20000.0,100.0
2025-02-06,15,sunny,27.0,3271.1,185.7,20000.0,100.0
2025-02-06,16,sunny,27.0,2614.4,454.7,20000.0,100.0
2025-02-06,17,sunny,27.0,1606.5,893.0,20000.0,100.0
2025-02-06,18,sunny,27.0,914.6,1400.4,19514.2,97.6
2025-02-06,19,sunny,27.0,0.0,801.0,18713.2,93.6
2025-02-07,6,sunny,27.0,0.0,214.5,18498.7,92.5
2025-02-07,7,sunny,27.0,1002.4,467.1,19034.0,95.2
2025-02-07,8,sunny,27.0,1919.3,768.9,20000.0,100.0
2025-02-07,9,sunny,27.0,2790.6,1012.1,20000.0,100.0
2025-02-07,10,sunny,27.0,3522.0,640.3,20000.0,100.0
2025-02-07,11,sunny,27.0,3819.2,384.7,20000.0,100.0
2025-02-07,12,sunny,27.0,4242.9,223.6,20000.0,100.0
2025-02-07,13,sunny,27.0,3970.7,132.1,20000.0,100.0
2025-02-07,14,sunny,27.0,3692.7,146.4,20000.0,100.0
2025-02-07,15,sunny,27.0,3181.2,163.4,20000.0,100.0
2025-02-07,16,sunny,27.0,2845.7,454.8,20000.0,100.0
2025-02-07,17,sunny,27.0,1795.0,862.9,20000.0,100.0
2025-02-07,18,sunny,27.0,1039.5,1309.4,19730.1,98.7
2025-02-07,19,sunny,27.0,0.0,867.1,18863.0,94.3
2025-02-08,6,sunny,26.1,0.0,186.3,18676.7,93.4
2025-02-08,7,sunny,26.1,1012.5,453.3,19235.9,96.2
2025-02-08,8,sunny,26.1,2275.2,807.8,20000.0,100.0
2025-02-08,9,sunny,26.1,3023.5,921.7,20000.0,100.0
2025-02-08,10,sunny,26.1,3731.8,710.6,20000.0,100.0
2025-02-08,11,sunny,26.1,4296.2,415.3,20000.0,100.0
2025-02-08,12,sunny,26.1,4614.8,241.6,20000.0,100.0
2025-02-08,13,sunny,26.1,4892.3,128.4,20000.0,100.0
2025-02-08,14,sunny,26.1,4205.9,125.8,20000.0,100.0
2025-02-08,15,sunny,26.1,3683.1,175.7,20000.0,100.0
2025-02-08,16,sunny,26.1,2884.7,458.7,20000.0,100.0
2025-02-08,17,sunny,26.1,2127.0,1044.8,20000.0,100.0
2025-02-08,18,sunny,26.1,1017.1,1081.4,19935.7,99.7
2025-02-08,19,sunny,26.1,0.0,811.2,19124.5,95.6
2025-02-09,6,sunny,22.4,0.0,197.9,18926.6,94.6
2025-02-09,7,sunny,22.4,1073.9,427.4,19573.1,97.9
2025-02-09,8,sunny,22.4,2087.5,728.4,20000.0,100.0
2025-02-09,9,sunny,22.4,3090.2,832.1,20000.0,100.0
2025-02-09,10,sunny,22.4,3611.3,799.4,20000.0,100.0
2025-02-09,11,sunny,22.4,4383.7,410.9,20000.0,100.0
2025-02-09,12,sunny,22.4,4450.5,189.5,20000.0,100.0
2025-02-09,13,sunny,22.4,4181.2,129.1,20000.0,100.0
2025-02-09,14,sunny,22.4,4294.1,131.4,20000.0,100.0
2025-02-09,15,sunny,22.4,3777.3,164.6,20000.0,100.0
2025-02-09,16,sunny,22.4,3106.4,471.7,20000.0,100.0
2025-02-09,17,sunny,22.4,1931.6,802.1,20000.0,100.0
2025-02-09,18,sunny,22.4,989.4,1386.3,19603.1,98.0
2025-02-09,19,sunny,22.4,0.0,949.4,18653.7,93.3
2025-02-10,6,sunny,26.3,0.0,219.5,18434.2,92.2
2025-02-10,7,sunny,26.3,1166.1,385.9,19214.4,96.1
2025-02-10,8,sunny,26.3,2213.1,660.1,20000.0,100.0
2025-02-10,9,sunny,26.3,2994.6,1050.2,20000.0,100.0
2025-02-10,10,sunny,26.3,3824.2,805.1,20000.0,100.0
2025-02-10,11,sunny,26.3,4082.8,420.7,20000.0,100.0
2025-02-10,12,sunny,26.3,4406.2,220.9,20000.0,100.0
2025-02-10,13,sunny,26.3,4472.4,141.7,20000.0,100.0
2025-02-10,14,sunny,26.3,4110.3,130.9,20000.0,100.0
2025-02-10,15,sunny,26.3,3652.0,170.7,20000.0,100.0
2025-02-10,16,sunny,26.3,3177.0,445.4,20000.0,100.0
2025-02-10,17,sunny,26.3,1987.3,998.5,20000.0,100.0
2025-02-10,18,sunny,26.3,1142.5,1164.3,19978.2,99.9
2025-02-10,19,sunny,26.3,0.0,804.5,19173.7,95.9
2025-02-11,6,sunny,27.1,0.0,191.1,18982.6,94.9
2025-02-11,7,sunny,27.1,1042.4,378.9,19646.1,98.2
2025-02-11,8,sunny,27.1,1977.5,828.1,20000.0,100.0
2025-02-11,9,sunny,27.1,2722.1,809.7,20000.0,100.0
2025-02-11,10,sunny,27.1,3503.6,882.3,20000.0,100.0
2025-02-11,11,sunny,27.1,3776.8,394.3,20000.0,100.0
2025-02-11,12,sunny,27.1,3924.2,225.0,20000.0,100.0
2025-02-11,13,sunny,27.1,4227.0,163.9,20000.0,100.0
2025-02-11,14,sunny,27.1,4075.9,159.4,20000.0,100.0
2025-02-11,15,sunny,27.1,3615.5,177.8,20000.0,100.0
2025-02-11,16,sunny,27.1,2806.2,409.2,20000.0,100.0
2025-02-11,17,sunny,27.1,1898.8,1074.7,20000.0,100.0
2025-02-11,18,sunny,27.1,1032.2,1455.6,19576.6,97.9
2025-02-11,19,sunny,27.1,0.0,962.1,18614.5,93.1
2025-02-12,6,sunny,29.2,0.0,224.9,18389.6,91.9
2025-02-12,7,sunny,29.2,1089.0,495.1,18983.5,94.9
2025-02-12,8,sunny,29.2,2134.4,705.0,20000.0,100.0
2025-02-12,9,sunny,29.2,3364.7,841.0,20000.0,100.0
2025-02-12,10,sunny,29.2,4259.1,827.8,20000.0,100.0
2025-02-12,11,sunny,29.2,4255.7,463.6,20000.0,100.0
2025-02-12,12,sunny,29.2,4937.5,240.3,20000.0,100.0
2025-02-12,13,sunny,29.2,5083.8,161.9,20000.0,100.0
2025-02-12,14,sunny,29.2,4618.6,136.1,20000.0,100.0
2025-02-12,15,sunny,29.2,4133.8,220.5,20000.0,100.0
2025-02-12,16,sunny,29.2,3276.3,460.9,20000.0,100.0
2025-02-12,17,sunny,29.2,2243.6,1032.9,20000.0,100.0
2025-02-12,18,sunny,29.2,1256.0,1153.8,20000.0,100.0
2025-02-12,19,sunny,29.2,0.0,970.6,19029.4,95.1
2025-02-13,6,sunny,25.3,0.0,218.4,18811.0,94.1
2025-02-13,7,sunny,25.3,979.5,453.2,19337.3,96.7
2025-02-13,8,sunny,25.3,1923.6,833.2,20000.0,100.0
2025-02-13,9,sunny,25.3,2738.3,1048.4,20000.0,100.0
2025-02-13,10,sunny,25.3,3389.8,790.4,20000.0,100.0
2025-02-13,11,sunny,25.3,3840.5,389.0,20000.0,100.0
2025-02-13,12,sunny,25.3,3871.9,226.8,20000.0,100.0
2025-02-13,13,sunny,25.3,4242.1,161.4,20000.0,100.0
2025-02-13,14,sunny,25.3,3540.6,149.0,20000.0,100.0
2025-02-13,15,sunny,25.3,3183.6,209.2,20000.0,100.0
2025-02-13,16,sunny,25.3,2814.9,455.3,20000.0,100.0
2025-02-13,17,sunny,25.3,1904.5,920.2,20000.0,100.0
2025-02-13,18,sunny,25.3,959.2,1436.6,19522.6,97.6
2025-02-13,19,sunny,25.3,0.0,972.8,18549.8,92.7
2025-02-14,6,sunny,26.3,0.0,205.8,18344.0,91.7
2025-02-14,7,sunny,26.3,1143.9,504.8,18983.1,94.9
2025-02-14,8,sunny,26.3,2267.3,725.2,20000.0,100.0
2025-02-14,9,sunny,26.3,3036.6,925.1,20000.0,100.0
2025-02-14,10,sunny,26.3,4206.9,760.3,20000.0,100.0
2025-02-14,11,sunny,26.3,4749.3,485.9,20000.0,100.0
2025-02-14,12,sunny,26.3,4549.7,234.1,20000.0,100.0
2025-02-14,13,sunny,26.3,5181.3,149.9,20000.0,100.0
2025-02-14,14,sunny,26.3,4243.3,164.7,20000.0,100.0
2025-02-14,15,sunny,26.3,4248.9,198.4,20000.0,100.0
2025-02-14,16,sunny,26.3,3258.7,407.8,20000.0,100.0
2025-02-14,17,sunny,26.3,2376.9,974.4,20000.0,100.0
2025-02-14,18,sunny,26.3,1083.0,1377.2,19705.8,98.5
2025-02-14,19,sunny,26.3,0.0,1071.1,18634.7,93.2
2025-02-15,6,sunny,26.4,0.0,258.5,18376.2,91.9
2025-02-15,7,sunny,26.4,1005.0,468.2,18913.0,94.6
2025-02-15,8,sunny,26.4,1930.8,775.1,20000.0,100.0
2025-02-15,9,sunny,26.4,2608.8,861.4,20000.0,100.0
2025-02-15,10,sunny,26.4,3297.7,874.4,20000.0,100.0
2025-02-15,11,sunny,26.4,3694.4,412.2,20000.0,100.0
2025-02-15,12,sunny,26.4,4179.4,209.0,20000.0,100.0
2025-02-15,13,sunny,26.4,3933.4,158.6,20000.0,100.0
2025-02-15,14,sunny,26.4,3828.0,152.9,20000.0,100.0
2025-02-15,15,sunny,26.4,3657.2,177.9,20000.0,100.0
2025-02-15,16,sunny,26.4,2947.3,504.3,20000.0,100.0
2025-02-15,17,sunny,26.4,2040.3,1021.3,20000.0,100.0
2025-02-15,18,sunny,26.4,1018.5,1371.0,19647.5,98.2
2025-02-15,19,sunny,26.4,0.0,840.1,18807.4,94.0
2025-02-16,6,sunny,25.7,0.0,221.9,18585.5,92.9
2025-02-16,7,sunny,25.7,1079.1,453.9,19210.7,96.1
2025-02-16,8,sunny,25.7,2268.0,785.4,20000.0,100.0
2025-02-16,9,sunny,25.7,3153.0,913.6,20000.0,100.0
2025-02-16,10,sunny,25.7,4029.0,770.5,20000.0,100.0
2025-02-16,11,sunny,25.7,4887.7,408.2,20000.0,100.0
2025-02-16,12,sunny,25.7,4705.2,216.1,20000.0,100.0
2025-02-16,13,sunny,25.7,4871.7,156.9,20000.0,100.0
2025-02-16,14,sunny,25.7,4659.0,168.5,20000.0,100.0
2025-02-16,15,sunny,25.7,3879.5,211.8,20000.0,100.0
2025-02-16,16,sunny,25.7,2996.5,421.2,20000.0,100.0
2025-02-16,17,sunny,25.7,2252.9,851.1,20000.0,100.0
2025-02-16,18,sunny,25.7,1187.8,1397.4,19790.4,99.0
2025-02-16,19,sunny,25.7,0.0,995.4,18795.0,94.0
2025-02-17,6,sunny,26.5,0.0,204.3,18590.7,93.0
2025-02-17,7,sunny,26.5,1161.5,524.0,19228.2,96.1
2025-02-17,8,sunny,26.5,2038.9,820.7,20000.0,100.0
2025-02-17,9,sunny,26.5,3265.0,1093.2,20000.0,100.0
2025-02-17,10,sunny,26.5,3928.5,835.8,20000.0,100.0
2025-02-17,11,sunny,26.5,4566.6,505.3,20000.0,100.0
2025-02-17,12,sunny,26.5,4432.5,261.9,20000.0,100.0
2025-02-17,13,sunny,26.5,4362.8,174.1,20000.0,100.0
2025-02-17,14,sunny,26.5,4143.9,135.9,20000.0,100.0
2025-02-17,15,sunny,26.5,3603.6,198.5,20000.0,100.0
2025-02-17,16,sunny,26.5,3063.5,411.3,20000.0,100.0
2025-02-17,17,sunny,26.5,2186.5,969.0,20000.0,100.0
2025-02-17,18,sunny,26.5,1181.2,1494.6,19686.6,98.4
2025-02-17,19,sunny,26.5,0.0,885.8,18800.8,94.0
2025-02-18,6,sunny,25.7,0.0,227.4,18573.4,92.9
2025-02-18,7,sunny,25.7,1034.8,521.9,19086.3,95.4
2025-02-18,8,sunny,25.7,1855.6,853.9,20000.0,100.0
2025-02-18,9,sunny,25.7,2666.6,1079.6,20000.0,100.0
2025-02-18,10,sunny,25.7,3091.5,726.3,20000.0,100.0
2025-02-18,11,sunny,25.7,3851.6,422.8,20000.0,100.0
2025-02-18,12,sunny,25.7,4121.4,223.5,20000.0,100.0
2025-02-18,13,sunny,25.7,4257.7,174.6,20000.0,100.0
2025-02-18,14,sunny,25.7,3781.0,163.2,20000.0,100.0
2025-02-18,15,sunny,25.7,3214.3,203.0,20000.0,100.0
2025-02-18,16,sunny,25.7,2559.5,510.6,20000.0,100.0
2025-02-18,17,sunny,25.7,1974.8,1127.4,20000.0,100.0
2025-02-18,18,sunny,25.7,1025.1,1533.1,19492.0,97.5
2025-02-18,19,sunny,25.7,0.0,1136.4,18355.6,91.8
2025-02-19,6,sunny,27.3,0.0,224.7,18130.9,90.7
2025-02-19,7,sunny,27.3,930.8,427.3,18634.4,93.2
2025-02-19,8,sunny,27.3,1748.3,818.6,19564.1,97.8
2025-02-19,9,sunny,27.3,2825.0,1050.6,20000.0,100.0
2025-02-19,10,sunny,27.3,3319.3,801.9,20000.0,100.0
2025-02-19,11,sunny,27.3,3738.5,422.9,20000.0,100.0
2025-02-19,12,sunny,27.3,4189.3,214.5,20000.0,100.0
2025-02-19,13,sunny,27.3,4124.0,173.1,20000.0,100.0
2025-02-19,14,sunny,27.3,3802.3,168.5,20000.0,100.0
2025-02-19,15,sunny,27.3,3202.3,228.4,20000.0,100.0
2025-02-19,16,sunny,27.3,2760.0,505.9,20000.0,100.0
2025-02-19,17,sunny,27.3,1915.6,1119.2,20000.0,100.0
2025-02-19,18,sunny,27.3,1035.1,1325.3,19709.8,98.5
2025-02-19,19,sunny,27.3,0.0,1088.2,18621.6,93.1
2025-02-20,6,sunny,28.9,0.0,242.3,18379.3,91.9
2025-02-20,7,sunny,28.9,914.2,428.4,18865.1,94.3
2025-02-20,8,sunny,28.9,1988.9,800.1,20000.0,100.0
2025-02-20,9,sunny,28.9,2652.7,941.2,20000.0,100.0
2025-02-20,10,sunny,28.9,3342.5,901.5,20000.0,100.0
2025-02-20,11,sunny,28.9,4033.5,406.6,20000.0,100.0
2025-02-20,12,sunny,28.9,4083.5,235.3,20000.0,100.0
2025-02-20,13,sunny,28.9,4108.0,159.3,20000.0,100.0
2025-02-20,14,sunny,28.9,3743.1,151.9,20000.0,100.0
2025-02-20,15,sunny,28.9,3389.0,206.6,20000.0,100.0
2025-02-20,16,sunny,28.9,2685.1,512.5,20000.0,100.0
2025-02-20,17,sunny,28.9,1961.3,973.0,20000.0,100.0
2025-02-20,18,sunny,28.9,1018.2,1513.4,19504.8,97.5
2025-02-20,19,sunny,28.9,0.0,1047.0,18457.8,92.3
2025-02-21,6,sunny,29.0,0.0,251.7,18206.1,91.0
2025-02-21,7,sunny,29.0,996.5,472.0,18730.6,93.7
2025-02-21,8,sunny,29.0,2149.7,802.4,20000.0,100.0
2025-02-21,9,sunny,29.0,3035.2,1176.6,20000.0,100.0
2025-02-21,10,sunny,29.0,3766.4,748.6,20000.0,100.0
2025-02-21,11,sunny,29.0,4244.8,404.4,20000.0,100.0
2025-02-21,12,sunny,29.0,4224.9,266.1,20000.0,100.0
2025-02-21,13,sunny,29.0,4420.2,164.7,20000.0,100.0
2025-02-21,14,sunny,29.0,3976.0,168.8,20000.0,100.0
2025-02-21,15,sunny,29.0,3675.9,206.1,20000.0,100.0
2025-02-21,16,sunny,29.0,3042.6,433.2,20000.0,100.0
2025-02-21,17,sunny,29.0,1908.9,1073.5,20000.0,100.0
2025-02-21,18,sunny,29.0,1110.7,1274.1,19836.6,99.2
2025-02-21,19,sunny,29.0,0.0,918.1,18918.5,94.6
2025-02-22,6,sunny,25.8,0.0,276.8,18641.7,93.2
2025-02-22,7,sunny,25.8,1079.1,482.0,19238.8,96.2
2025-02-22,8,sunny,25.8,2269.8,915.6,20000.0,100.0
2025-02-22,9,sunny,25.8,3160.7,1006.6,20000.0,100.0
2025-02-22,10,sunny,25.8,3807.1,898.9,20000.0,100.0
2025-02-22,11,sunny,25.8,4757.9,422.3,20000.0,100.0
2025-02-22,12,sunny,25.8,4760.1,269.7,20000.0,100.0
2025-02-22,13,sunny,25.8,4469.2,154.4,20000.0,100.0
2025-02-22,14,sunny,25.8,4596.8,147.7,20000.0,100.0
2025-02-22,15,sunny,25.8,3871.3,207.2,20000.0,100.0
2025-02-22,16,sunny,25.8,3074.3,479.2,20000.0,100.0
2025-02-22,17,sunny,25.8,2337.6,1060.7,20000.0,100.0
2025-02-22,18,sunny,25.8,1093.6,1532.6,19561.0,97.8
2025-02-22,19,sunny,25.8,0.0,1119.6,18441.4,92.2
2025-02-23,6,sunny,26.0,0.0,220.2,18221.2,91.1
2025-02-23,7,sunny,26.0,1142.4,410.6,18953.0,94.8
2025-02-23,8,sunny,26.0,2125.6,901.4,20000.0,100.0
2025-02-23,9,sunny,26.0,3331.3,911.1,20000.0,100.0
2025-02-23,10,sunny,26.0,4161.4,920.0,20000.0,100.0
2025-02-23,11,sunny,26.0,4719.4,506.0,20000.0,100.0
2025-02-23,12,sunny,26.0,4868.0,244.9,20000.0,100.0
2025-02-23,13,sunny,26.0,4852.4,186.4,20000.0,100.0
2025-02-23,14,sunny,26.0,4191.0,148.0,20000.0,100.0
2025-02-23,15,sunny,26.0,3671.9,239.5,20000.0,100.0
2025-02-23,16,sunny,26.0,3140.3,503.7,20000.0,100.0
2025-02-23,17,sunny,26.0,2335.9,1199.0,20000.0,100.0
2025-02-23,18,sunny,26.0,1083.5,1525.3,19558.2,97.8
2025-02-23,19,sunny,26.0,0.0,903.6,18654.6,93.3
2025-02-24,6,sunny,25.3,0.0,245.9,18408.7,92.0
2025-02-24,7,sunny,25.3,1004.5,428.4,18984.8,94.9
2025-02-24,8,sunny,25.3,1906.1,749.7,20000.0,100.0
2025-02-24,9,sunny,25.3,2951.4,1003.2,20000.0,100.0
2025-02-24,10,sunny,25.3,3430.5,899.9,20000.0,100.0
2025-02-24,11,sunny,25.3,4192.3,486.7,20000.0,100.0
2025-02-24,12,sunny,25.3,4616.1,236.4,20000.0,100.0
2025-02-24,13,sunny,25.3,4550.1,145.5,20000.0,100.0
2025-02-24,14,sunny,25.3,4225.5,180.9,20000.0,100.0
2025-02-24,15,sunny,25.3,3778.1,217.9,20000.0,100.0
2025-02-24,16,sunny,25.3,2946.5,460.9,20000.0,100.0
2025-02-24,17,sunny,25.3,2081.3,1138.2,20000.0,100.0
2025-02-24,18,sunny,25.3,1123.0,1406.8,19716.2,98.6
2025-02-24,19,sunny,25.3,0.0,1083.1,18633.1,93.2
2025-02-25,6,sunny,24.3,0.0,263.8,18369.3,91.8
2025-02-25,7,sunny,24.3,925.1,436.1,18858.3,94.3
2025-02-25,8,sunny,24.3,1756.1,953.2,19661.2,98.3
2025-02-25,9,sunny,24.3,2774.6,911.8,20000.0,100.0
2025-02-25,10,sunny,24.3,3101.3,872.3,20000.0,100.0
2025-02-25,11,sunny,24.3,3672.1,498.7,20000.0,100.0
2025-02-25,12,sunny,24.3,3993.0,278.0,20000.0,100.0
2025-02-25,13,sunny,24.3,3901.9,177.1,20000.0,100.0
2025-02-25,14,sunny,24.3,3538.5,180.7,20000.0,100.0
2025-02-25,15,sunny,24.3,3591.3,229.8,20000.0,100.0
2025-02-25,16,sunny,24.3,2680.0,444.9,20000.0,100.0
2025-02-25,17,sunny,24.3,1979.1,1135.8,20000.0,100.0
2025-02-25,18,sunny,24.3,930.8,1399.7,19531.1,97.7
2025-02-25,19,sunny,24.3,0.0,1164.5,18366.6,91.8
2025-02-26,6,sunny,26.6,0.0,231.4,18135.2,90.7
2025-02-26,7,sunny,26.6,1082.0,421.7,18795.5,94.0
2025-02-26,8,sunny,26.6,2238.1,846.2,20000.0,100.0
2025-02-26,9,sunny,26.6,3029.5,984.2,20000.0,100.0
2025-02-26,10,sunny,26.6,3626.3,886.3,20000.0,100.0
2025-02-26,11,sunny,26.6,4135.2,424.4,20000.0,100.0
2025-02-26,12,sunny,26.6,4767.2,239.3,20000.0,100.0
2025-02-26,13,sunny,26.6,4494.4,165.8,20000.0,100.0
2025-02-26,14,sunny,26.6,4521.7,151.6,20000.0,100.0
2025-02-26,15,sunny,26.6,3946.6,244.5,20000.0,100.0
2025-02-26,16,sunny,26.6,3134.3,479.3,20000.0,100.0
2025-02-26,17,sunny,26.6,2225.2,1054.9,20000.0,100.0
2025-02-26,18,sunny,26.6,1089.3,1441.7,19647.6,98.2
2025-02-26,19,sunny,26.6,0.0,941.6,18706.0,93.5
2025-02-27,6,sunny,28.5,0.0,254.6,18451.4,92.3
2025-02-27,7,sunny,28.5,1093.7,423.4,19121.7,95.6
2025-02-27,8,sunny,28.5,2029.1,858.8,20000.0,100.0
2025-02-27,9,sunny,28.5,2632.5,992.7,20000.0,100.0
2025-02-27,10,sunny,28.5,3320.5,795.9,20000.0,100.0
2025-02-27,11,sunny,28.5,3868.7,477.2,20000.0,100.0
2025-02-27,12,sunny,28.5,4274.0,212.8,20000.0,100.0
2025-02-27,13,sunny,28.5,4033.7,149.7,20000.0,100.0
2025-02-27,14,sunny,28.5,4038.3,153.1,20000.0,100.0
2025-02-27,15,sunny,28.5,3553.8,199.4,20000.0,100.0
2025-02-27,16,sunny,28.5,2634.3,558.1,20000.0,100.0
2025-02-27,17,sunny,28.5,1871.9,955.8,20000.0,100.0
2025-02-27,18,sunny,28.5,970.0,1649.4,19320.6,96.6
2025-02-27,19,sunny,28.5,0.0,1111.8,18208.8,91.0
2025-02-28,6,sunny,25.6,0.0,229.7,17979.1,89.9
2025-02-28,7,sunny,25.6,1188.8,483.5,18684.4,93.4
2025-02-28,8,sunny,25.6,2225.1,989.5,19920.0,99.6
2025-02-28,9,sunny,25.6,3058.3,1242.3,20000.0,100.0
2025-02-28,10,sunny,25.6,3937.4,915.2,20000.0,100.0
2025-02-28,11,sunny,25.6,4886.3,429.6,20000.0,100.0
2025-02-28,12,sunny,25.6,5154.3,257.3,20000.0,100.0
2025-02-28,13,sunny,25.6,4991.6,153.7,20000.0,100.0
2025-02-28,14,sunny,25.6,4581.6,171.0,20000.0,100.0
2025-02-28,15,sunny,25.6,3985.0,196.5,20000.0,100.0
2025-02-28,16,sunny,25.6,3105.5,549.2,20000.0,100.0
2025-02-28,17,sunny,25.6,2103.3,1151.9,20000.0,100.0
2025-02-28,18,sunny,25.6,1256.3,1237.3,20000.0,100.0
2025-02-28,19,sunny,25.6,0.0,1140.7,18859.3,94.3
2025-03-01,6,sunny,24.8,0.0,260.6,18598.7,93.0
2025-03-01,7,sunny,24.8,946.9,528.4,19017.2,95.1
2025-03-01,8,sunny,24.8,1904.9,805.0,20000.0,100.0
2025-03-01,9,sunny,24.8,2705.4,1213.6,20000.0,100.0
2025-03-01,10,sunny,24.8,3410.6,875.0,20000.0,100.0
2025-03-01,11,sunny,24.8,3674.2,436.9,20000.0,100.0
2025-03-01,12,sunny,24.8,3853.4,216.7,20000.0,100.0
2025-03-01,13,sunny,24.8,4311.3,158.6,20000.0,100.0
2025-03-01,14,sunny,24.8,3960.9,147.4,20000.0,100.0
2025-03-01,15,sunny,24.8,3214.5,215.3,20000.0,100.0
2025-03-01,16,sunny,24.8,2607.0,544.7,20000.0,100.0
2025-03-01,17,sunny,24.8,2009.9,1214.7,20000.0,100.0
2025-03-01,18,sunny,24.8,915.4,1583.6,19331.8,96.7
2025-03-01,19,sunny,24.8,0.0,1227.2,18104.6,90.5
2025-03-02,6,sunny,25.8,0.0,218.3,17886.3,89.4
2025-03-02,7,sunny,25.8,979.5,564.9,18300.9,91.5
2025-03-02,8,sunny,25.8,2069.2,1014.0,19356.1,96.8
2025-03-02,9,sunny,25.8,2650.1,1127.0,20000.0,100.0
2025-03-02,10,sunny,25.8,3373.2,900.2,20000.0,100.0
2025-03-02,11,sunny,25.8,3871.2,469.8,20000.0,100.0
2025-03-02,12,sunny,25.8,4274.8,231.5,20000.0,100.0
2025-03-02,13,sunny,25.8,4206.7,182.1,20000.0,100.0
2025-03-02,14,sunny,25.8,3753.4,186.1,20000.0,100.0
2025-03-02,15,sunny,25.8,3507.2,243.6,20000.0,100.0
2025-03-02,16,sunny,25.8,2890.3,535.3,20000.0,100.0
2025-03-02,17,sunny,25.8,2044.5,1223.4,20000.0,100.0
2025-03-02,18,sunny,25.8,1036.8,1374.7,19662.1,98.3
2025-03-02,19,sunny,25.8,0.0,1134.7,18527.4,92.6
2025-03-03,6,sunny,25.5,0.0,261.3,18266.1,91.3
2025-03-03,7,sunny,25.5,1105.7,522.8,18849.0,94.2
2025-03-03,8,sunny,25.5,2366.9,981.5,20000.0,100.0
2025-03-03,9,sunny,25.5,3138.0,1120.7,20000.0,100.0
2025-03-03,10,sunny,25.5,4050.9,887.8,20000.0,100.0
2025-03-03,11,sunny,25.5,4667.0,462.0,20000.0,100.0
2025-03-03,12,sunny,25.5,5196.3,226.5,20000.0,100.0
2025-03-03,13,sunny,25.5,5084.6,180.4,20000.0,100.0
2025-03-03,14,sunny,25.5,4379.3,178.2,20000.0,100.0
2025-03-03,15,sunny,25.5,3755.6,242.3,20000.0,100.0
2025-03-03,16,sunny,25.5,3277.5,447.9,20000.0,100.0
2025-03-03,17,sunny,25.5,2119.0,1190.8,20000.0,100.0
2025-03-03,18,sunny,25.5,1129.5,1656.3,19473.2,97.4
2025-03-03,19,sunny,25.5,0.0,1173.3,18299.9,91.5
2025-03-04,6,sunny,28.1,0.0,227.6,18072.3,90.4
2025-03-04,7,sunny,28.1,1060.3,469.0,18663.6,93.3
2025-03-04,8,sunny,28.1,2080.8,966.9,19777.5,98.9
2025-03-04,9,sunny,28.1,3006.7,1135.8,20000.0,100.0
2025-03-04,10,sunny,28.1,3639.3,804.3,20000.0,100.0
2025-03-04,11,sunny,28.1,4103.8,564.6,20000.0,100.0
2025-03-04,12,sunny,28.1,4590.3,249.9,20000.0,100.0
2025-03-04,13,sunny,28.1,4720.6,153.6,20000.0,100.0
2025-03-04,14,sunny,28.1,4095.3,153.6,20000.0,100.0
2025-03-04,15,sunny,28.1,4026.2,239.4,20000.0,100.0
2025-03-04,16,sunny,28.1,3073.4,434.9,20000.0,100.0
2025-03-04,17,sunny,28.1,2012.8,1160.6,20000.0,100.0
2025-03-04,18,sunny,28.1,1069.3,1683.7,19385.6,96.9
2025-03-04,19,sunny,28.1,0.0,1097.6,18288.0,91.4
2025-03-05,6,sunny,26.8,0.0,241.5,18046.5,90.2
2025-03-05,7,sunny,26.8,1034.9,451.2,18630.2,93.2
2025-03-05,8,sunny,26.8,1940.2,984.7,19585.7,97.9
2025-03-05,9,sunny,26.8,2754.3,1118.5,20000.0,100.0
2025-03-05,10,sunny,26.8,3419.8,812.8,20000.0,100.0
2025-03-05,11,sunny,26.8,3649.4,477.7,20000.0,100.0
2025-03-05,12,sunny,26.8,4112.8,256.6,20000.0,100.0
2025-03-05,13,sunny,26.8,3892.6,198.3,20000.0,100.0
2025-03-05,14,sunny,26.8,3742.4,165.6,20000.0,100.0
2025-03-05,15,sunny,26.8,3312.5,205.4,20000.0,100.0
2025-03-05,16,sunny,26.8,2803.1,506.3,20000.0,100.0
2025-03-05,17,sunny,26.8,1755.7,1279.3,20000.0,100.0
2025-03-05,18,sunny,26.8,1024.3,1604.9,19419.4,97.1
2025-03-05,19,sunny,26.8,0.0,1260.1,18159.3,90.8
2025-03-06,6,sunny,24.0,0.0,244.6,17914.7,89.6
2025-03-06,7,sunny,24.0,963.8,456.9,18421.6,92.1
2025-03-06,8,sunny,24.0,2003.1,991.0,19433.7,97.2
2025-03-06,9,sunny,24.0,2901.8,1065.6,20000.0,100.0
2025-03-06,10,sunny,24.0,3305.4,901.2,20000.0,100.0
2025-03-06,11,sunny,24.0,3962.1,581.7,20000.0,100.0
2025-03-06,12,sunny,24.0,4417.3,295.8,20000.0,100.0
2025-03-06,13,sunny,24.0,4401.5,204.1,20000.0,100.0
2025-03-06,14,sunny,24.0,3912.8,146.5,20000.0,100.0
2025-03-06,15,sunny,24.0,3240.6,221.1,20000.0,100.0
2025-03-06,16,sunny,24.0,2685.8,466.6,20000.0,100.0
2025-03-06,17,sunny,24.0,2091.5,1027.5,20000.0,100.0
2025-03-06,18,sunny,24.0,1078.0,1633.0,19445.0,97.2
2025-03-06,19,sunny,24.0,0.0,1190.5,18254.5,91.3
2025-03-07,6,sunny,27.5,0.0,299.6,17954.9,89.8
2025-03-07,7,sunny,27.5,906.7,482.1,18379.5,91.9
2025-03-07,8,sunny,27.5,1875.1,963.4,19291.2,96.5
2025-03-07,9,sunny,27.5,2572.1,1180.7,20000.0,100.0
2025-03-07,10,sunny,27.5,3047.7,968.1,20000.0,100.0
2025-03-07,11,sunny,27.5,3525.1,484.8,20000.0,100.0
2025-03-07,12,sunny,27.5,3677.9,251.5,20000.0,100.0
2025-03-07,13,sunny,27.5,3778.8,177.9,20000.0,100.0
2025-03-07,14,sunny,27.5,3480.0,155.0,20000.0,100.0
2025-03-07,15,sunny,27.5,3236.9,204.6,20000.0,100.0
2025-03-07,16,sunny,27.5,2666.8,590.9,20000.0,100.0
2025-03-07,17,sunny,27.5,1795.7,1275.6,20000.0,100.0
2025-03-07,18,sunny,27.5,877.4,1315.8,19561.6,97.8
2025-03-07,19,sunny,27.5,0.0,1227.8,18333.8,91.7
2025-03-08,6,sunny,27.3,0.0,256.7,18077.1,90.4
2025-03-08,7,sunny,27.3,1131.4,472.5,18736.0,93.7
2025-03-08,8,sunny,27.3,2438.4,805.3,20000.0,100.0
2025-03-08,9,sunny,27.3,3395.4,1191.2,20000.0,100.0
2025-03-08,10,sunny,27.3,4157.1,985.4,20000.0,100.0
2025-03-08,11,sunny,27.3,4809.6,474.2,20000.0,100.0
2025-03-08,12,sunny,27.3,4467.8,274.5,20000.0,100.0
2025-03-08,13,sunny,27.3,4730.6,161.1,20000.0,100.0
2025-03-08,14,sunny,27.3,4338.1,163.2,20000.0,100.0
2025-03-08,15,sunny,27.3,3746.8,201.0,20000.0,100.0
2025-03-08,16,sunny,27.3,3439.6,495.4,20000.0,100.0
2025-03-08,17,sunny,27.3,2433.6,1306.1,20000.0,100.0
2025-03-08,18,sunny,27.3,1102.5,1634.3,19468.2,97.3
2025-03-08,19,sunny,27.3,0.0,1212.0,18256.2,91.3
2025-03-09,6,sunny,25.8,0.0,276.8,17979.4,89.9
2025-03-09,7,sunny,25.8,1222.6,554.6,18647.4,93.2
2025-03-09,8,sunny,25.8,2280.5,1068.5,19859.4,99.3
2025-03-09,9,sunny,25.8,3238.2,992.3,20000.0,100.0
2025-03-09,10,sunny,25.8,4132.6,895.0,20000.0,100.0
2025-03-09,11,sunny,25.8,4105.3,528.6,20000.0,100.0
2025-03-09,12,sunny,25.8,5035.7,248.9,20000.0,100.0
2025-03-09,13,sunny,25.8,4712.3,165.0,20000.0,100.0
2025-03-09,14,sunny,25.8,4141.8,151.2,20000.0,100.0
2025-03-09,15,sunny,25.8,4048.3,258.8,20000.0,100.0
2025-03-09,16,sunny,25.8,2978.9,495.0,20000.0,100.0
2025-03-09,17,sunny,25.8,2105.2,990.4,20000.0,100.0
2025-03-09,18,sunny,25.8,1146.8,1638.5,19508.3,97.5
2025-03-09,19,sunny,25.8,0.0,1115.5,18392.8,92.0
2025-03-10,6,sunny,27.8,0.0,305.3,18087.5,90.4
2025-03-10,7,sunny,27.8,1159.0,598.3,18648.2,93.2
2025-03-10,8,sunny,27.8,2302.3,981.3,19969.2,99.8
2025-03-10,9,sunny,27.8,3290.7,1129.9,20000.0,100.0
2025-03-10,10,sunny,27.8,3539.0,815.9,20000.0,100.0
2025-03-10,11,sunny,27.8,4091.6,466.5,20000.0,100.0
2025-03-10,12,sunny,27.8,4516.3,286.6,20000.0,100.0
2025-03-10,13,sunny,27.8,4828.4,189.1,20000.0,100.0
2025-03-10,14,sunny,27.8,4116.4,187.1,20000.0,100.0
2025-03-10,15,sunny,27.8,3746.0,200.6,20000.0,100.0
2025-03-10,16,sunny,27.8,2983.1,505.1,20000.0,100.0
2025-03-10,17,sunny,27.8,2088.5,1270.7,20000.0,100.0
2025-03-10,18,sunny,27.8,1158.7,1647.5,19511.2,97.6
2025-03-10,19,sunny,27.8,0.0,1269.3,18241.9,91.2
2025-03-11,6,sunny,27.6,0.0,270.7,17971.2,89.9
2025-03-11,7,sunny,27.6,956.2,472.3,18455.1,92.3
2025-03-11,8,sunny,27.6,1879.5,832.0,19502.6,97.5
2025-03-11,9,sunny,27.6,2536.2,1038.1,20000.0,100.0
2025-03-11,10,sunny,27.6,3551.0,884.4,20000.0,100.0
2025-03-11,11,sunny,27.6,3686.9,506.0,20000.0,100.0
2025-03-11,12,sunny,27.6,4248.9,277.2,20000.0,100.0
2025-03-11,13,sunny,27.6,4261.8,174.2,20000.0,100.0
2025-03-11,14,sunny,27.6,3547.5,178.3,20000.0,100.0
2025-03-11,15,sunny,27.6,3240.2,257.9,20000.0,100.0
2025-03-11,16,sunny,27.6,2830.5,531.3,20000.0,100.0
2025-03-11,17,sunny,27.6,2010.1,1188.4,20000.0,100.0
2025-03-11,18,sunny,27.6,931.1,1561.5,19369.6,96.8
2025-03-11,19,sunny,27.6,0.0,1276.5,18093.1,90.5
2025-03-12,6,sunny,25.9,0.0,236.3,17856.8,89.3
2025-03-12,7,sunny,25.9,851.3,569.8,18138.3,90.7
2025-03-12,8,sunny,25.9,1651.0,945.2,18844.1,94.2
2025-03-12,9,sunny,25.9,2459.4,1078.6,20000.0,100.0
2025-03-12,10,sunny,25.9,2980.2,1027.0,20000.0,100.0
2025-03-12,11,sunny,25.9,3803.2,480.0,20000.0,100.0
2025-03-12,12,sunny,25.9,4042.5,281.7,20000.0,100.0
2025-03-12,13,sunny,25.9,3857.8,198.3,20000.0,100.0
2025-03-12,14,sunny,25.9,3667.8,193.5,20000.0,100.0
2025-03-12,15,sunny,25.9,3122.1,240.5,20000.0,100.0
2025-03-12,16,sunny,25.9,2453.7,475.4,20000.0,100.0
2025-03-12,17,sunny,25.9,1812.2,1012.8,20000.0,100.0
2025-03-12,18,sunny,25.9,878.8,1385.1,19493.7,97.5
2025-03-12,19,sunny,25.9,0.0,1226.6,18267.1,91.3
2025-03-13,6,sunny,28.1,0.0,270.2,17996.9,90.0
2025-03-13,7,sunny,28.1,1020.6,577.5,18440.0,92.2
2025-03-13,8,sunny,28.1,2052.5,955.6,19536.9,97.7
2025-03-13,9,sunny,28.1,2887.7,1347.6,20000.0,100.0
2025-03-13,10,sunny,28.1,3732.7,957.2,20000.0,100.0
2025-03-13,11,sunny,28.1,4066.9,464.7,20000.0,100.0
2025-03-13,12,sunny,28.1,4626.6,260.7,20000.0,100.0
2025-03-13,13,sunny,28.1,4169.0,215.9,20000.0,100.0
2025-03-13,14,sunny,28.1,4217.2,153.6,20000.0,100.0
2025-03-13,15,sunny,28.1,3349.0,205.5,20000.0,100.0
2025-03-13,16,sunny,28.1,2937.9,473.1,20000.0,100.0
2025-03-13,17,sunny,28.1,2163.0,1340.8,20000.0,100.0
2025-03-13,18,sunny,28.1,1051.7,1643.1,19408.6,97.0
2025-03-13,19,sunny,28.1,0.0,1030.3,18378.3,91.9
2025-03-14,6,sunny,28.7,0.0,261.8,18116.5,90.6
2025-03-14,7,sunny,28.7,871.8,534.4,18453.9,92.3
2025-03-14,8,sunny,28.7,1888.7,1051.6,19291.0,96.5
2025-03-14,9,sunny,28.7,2653.5,1313.8,20000.0,100.0
2025-03-14,10,sunny,28.7,3194.6,1065.3,20000.0,100.0
2025-03-14,11,sunny,28.7,3686.1,499.9,20000.0,100.0
2025-03-14,12,sunny,28.7,4176.8,258.8,20000.0,100.0
2025-03-14,13,sunny,28.7,3624.7,174.4,20000.0,100.0
2025-03-14,14,sunny,28.7,3606.9,170.9,20000.0,100.0
2025-03-14,15,sunny,28.7,3253.5,268.9,20000.0,100.0
2025-03-14,16,sunny,28.7,2528.2,549.8,20000.0,100.0
2025-03-14,17,sunny,28.7,1785.2,1308.4,20000.0,100.0
2025-03-14,18,sunny,28.7,892.9,1407.9,19485.0,97.4
2025-03-14,19,sunny,28.7,0.0,1254.7,18230.3,91.2
2025-03-15,6,sunny,28.6,0.0,270.3,17960.0,89.8
2025-03-15,7,sunny,28.6,903.6,485.6,18378.0,91.9
2025-03-15,8,sunny,28.6,1756.5,920.9,19213.6,96.1
2025-03-15,9,sunny,28.6,2695.9,1146.1,20000.0,100.0
2025-03-15,10,sunny,28.6,3379.3,965.0,20000.0,100.0
2025-03-15,11,sunny,28.6,3908.0,576.3,20000.0,100.0
2025-03-15,12,sunny,28.6,3925.6,266.4,20000.0,100.0
2025-03-15,13,sunny,28.6,4091.5,195.8,20000.0,100.0
2025-03-15,14,sunny,28.6,3695.5,170.9,20000.0,100.0
2025-03-15,15,sunny,28.6,3448.1,253.5,20000.0,100.0
2025-03-15,16,sunny,28.6,2546.3,540.3,20000.0,100.0
2025-03-15,17,sunny,28.6,2004.9,1033.9,20000.0,100.0
2025-03-15,18,sunny,28.6,1026.8,1445.9,19580.9,97.9
2025-03-15,19,sunny,28.6,0.0,1173.7,18407.2,92.0
2025-03-16,6,sunny,27.8,0.0,319.4,18087.8,90.4
2025-03-16,7,sunny,27.8,1029.2,613.1,18503.9,92.5
2025-03-16,8,sunny,27.8,2200.7,993.6,19711.0,98.6
2025-03-16,9,sunny,27.8,2813.8,1272.6,20000.0,100.0
2025-03-16,10,sunny,27.8,3687.1,1107.3,20000.0,100.0
2025-03-16,11,sunny,27.8,4118.8,514.0,20000.0,100.0
2025-03-16,12,sunny,27.8,4168.5,297.9,20000.0,100.0
2025-03-16,13,sunny,27.8,4736.2,164.4,20000.0,100.0
2025-03-16,14,sunny,27.8,4311.4,204.4,20000.0,100.0
2025-03-16,15,sunny,27.8,3420.1,215.8,20000.0,100.0
2025-03-16,16,sunny,27.8,3035.7,578.1,20000.0,100.0
2025-03-16,17,sunny,27.8,1929.4,1330.1,20000.0,100.0
2025-03-16,18,sunny,27.8,1068.0,1816.7,19251.3,96.3
2025-03-16,19,sunny,27.8,0.0,1322.1,17929.2,89.6
2025-03-17,6,sunny,27.0,0.0,249.1,17680.1,88.4
2025-03-17,7,sunny,27.0,1050.7,494.9,18235.9,91.2
2025-03-17,8,sunny,27.0,1995.0,851.8,19379.1,96.9
2025-03-17,9,sunny,27.0,2754.2,1115.8,20000.0,100.0
2025-03-17,10,sunny,27.0,3592.1,1067.9,20000.0,100.0
2025-03-17,11,sunny,27.0,3734.2,614.3,20000.0,100.0
2025-03-17,12,sunny,27.0,4490.5,269.6,20000.0,100.0
2025-03-17,13,sunny,27.0,4358.4,187.1,20000.0,100.0
2025-03-17,14,sunny,27.0,3793.9,183.9,20000.0,100.0
2025-03-17,15,sunny,27.0,3302.5,273.9,20000.0,100.0
2025-03-17,16,sunny,27.0,3027.4,610.9,20000.0,100.0
2025-03-17,17,sunny,27.0,2010.8,1237.6,20000.0,100.0
2025-03-17,18,sunny,27.0,1102.1,1506.1,19596.0,98.0
2025-03-17,19,sunny,27.0,0.0,1239.2,18356.8,91.8
2025-03-18,6,sunny,27.2,0.0,293.0,18063.8,90.3
2025-03-18,7,sunny,27.2,920.2,507.1,18476.9,92.4
2025-03-18,8,sunny,27.2,1723.1,949.3,19250.7,96.3
2025-03-18,9,sunny,27.2,2800.0,1161.3,20000.0,100.0
2025-03-18,10,sunny,27.2,3374.1,1065.8,20000.0,100.0
2025-03-18,11,sunny,27.2,3631.9,613.5,20000.0,100.0
2025-03-18,12,sunny,27.2,4077.7,289.8,20000.0,100.0
2025-03-18,13,sunny,27.2,3656.7,166.9,20000.0,100.0
2025-03-18,14,sunny,27.2,4012.3,199.1,20000.0,100.0
2025-03-18,15,sunny,27.2,3504.6,277.4,20000.0,100.0
2025-03-18,16,sunny,27.2,2450.6,609.8,20000.0,100.0
2025-03-18,17,sunny,27.2,1840.2,1330.8,20000.0,100.0
2025-03-18,18,sunny,27.2,882.4,1535.6,19346.8,96.7
2025-03-18,19,sunny,27.2,0.0,1332.0,18014.8,90.1
2025-03-19,6,sunny,26.2,0.0,326.7,17688.1,88.4
2025-03-19,7,sunny,26.2,896.9,554.1,18030.9,90.2
2025-03-19,8,sunny,26.2,1772.3,968.9,18834.3,94.2
2025-03-19,9,sunny,26.2,2529.1,1203.9,20000.0,100.0
2025-03-19,10,sunny,26.2,3270.1,1118.1,20000.0,100.0
2025-03-19,11,sunny,26.2,3772.6,573.9,20000.0,100.0
2025-03-19,12,sunny,26.2,3722.3,304.2,20000.0,100.0
2025-03-19,13,sunny,26.2,3951.2,198.9,20000.0,100.0
2025-03-19,14,sunny,26.2,3646.3,198.5,20000.0,100.0
2025-03-19,15,sunny,26.2,3198.1,267.5,20000.0,100.0
2025-03-19,16,sunny,26.2,2396.3,564.0,20000.0,100.0
2025-03-19,17,sunny,26.2,1782.1,1048.3,20000.0,100.0
2025-03-19,18,sunny,26.2,955.0,1704.7,19250.3,96.3
2025-03-19,19,sunny,26.2,0.0,1349.1,17901.2,89.5
2025-03-20,6,sunny,27.1,0.0,319.0,17582.2,87.9
2025-03-20,7,sunny,27.1,934.3,578.6,17937.9,89.7
2025-03-20,8,sunny,27.1,1697.3,1045.8,18589.4,92.9
2025-03-20,9,sunny,27.1,2711.5,1261.6,20000.0,100.0
2025-03-20,10,sunny,27.1,3254.2,1095.4,20000.0,100.0
2025-03-20,11,sunny,27.1,3802.4,528.9,20000.0,100.0
2025-03-20,12,sunny,27.1,4204.8,306.3,20000.0,100.0
2025-03-20,13,sunny,27.1,4222.2,224.2,20000.0,100.0
2025-03-20,14,sunny,27.1,3937.5,200.1,20000.0,100.0
2025-03-20,15,sunny,27.1,3310.7,226.0,20000.0,100.0
2025-03-20,16,sunny,27.1,2641.0,613.1,20000.0,100.0
2025-03-20,17,sunny,27.1,1844.4,1377.0,20000.0,100.0
2025-03-20,18,sunny,27.1,889.9,1601.4,19288.5,96.4
2025-03-20,19,sunny,27.1,0.0,1214.8,18073.7,90.4
2025-03-21,6,sunny,26.5,0.0,288.8,17784.9,88.9
2025-03-21,7,sunny,26.5,1073.2,487.5,18370.6,91.9
2025-03-21,8,sunny,26.5,2230.3,907.0,19693.9,98.5
2025-03-21,9,sunny,26.5,3296.3,1354.7,20000.0,100.0
2025-03-21,10,sunny,26.5,3800.1,1036.4,20000.0,100.0
2025-03-21,11,sunny,26.5,4266.2,536.6,20000.0,100.0
2025-03-21,12,sunny,26.5,5069.8,294.1,20000.0,100.0
2025-03-21,13,sunny,26.5,5067.7,181.4,20000.0,100.0
2025-03-21,14,sunny,26.5,4387.9,185.4,20000.0,100.0
2025-03-21,15,sunny,26.5,3953.7,289.9,20000.0,100.0
2025-03-21,16,sunny,26.5,3005.9,631.8,20000.0,100.0
2025-03-21,17,sunny,26.5,2364.7,1267.7,20000.0,100.0
2025-03-21,18,sunny,26.5,1125.6,1680.7,19444.9,97.2
2025-03-21,19,sunny,26.5,0.0,1359.8,18085.1,90.4
2025-03-22,6,sunny,27.9,0.0,293.3,17791.8,89.0
2025-03-22,7,sunny,27.9,957.9,574.4,18175.3,90.9
2025-03-22,8,sunny,27.9,1913.8,918.7,19170.4,95.9
2025-03-22,9,sunny,27.9,2758.1,1369.5,20000.0,100.0
2025-03-22,10,sunny,27.9,3367.7,1009.6,20000.0,100.0
2025-03-22,11,sunny,27.9,3813.1,540.5,20000.0,100.0
2025-03-22,12,sunny,27.9,4003.8,260.5,20000.0,100.0
2025-03-22,13,sunny,27.9,3734.4,195.7,20000.0,100.0
2025-03-22,14,sunny,27.9,3525.9,181.8,20000.0,100.0
2025-03-22,15,sunny,27.9,3347.8,235.3,20000.0,100.0
2025-03-22,16,sunny,27.9,2667.9,501.5,20000.0,100.0
2025-03-22,17,sunny,27.9,1875.4,1365.6,20000.0,100.0
2025-03-22,18,sunny,27.9,913.8,1793.8,19120.0,95.6
2025-03-22,19,sunny,27.9,0.0,1368.9,17751.1,88.8
2025-03-23,6,sunny,29.5,0.0,275.5,17475.6,87.4
2025-03-23,7,sunny,29.5,1114.9,547.5,18043.0,90.2
2025-03-23,8,sunny,29.5,2165.6,894.5,19314.1,96.6
2025-03-23,9,sunny,29.5,2744.4,1448.1,20000.0,100.0
2025-03-23,10,sunny,29.5,3870.9,1138.4,20000.0,100.0
2025-03-23,11,sunny,29.5,4450.2,566.6,20000.0,100.0
2025-03-23,12,sunny,29.5,4273.2,261.2,20000.0,100.0
2025-03-23,13,sunny,29.5,4418.9,183.3,20000.0,100.0
2025-03-23,14,sunny,29.5,4440.1,161.2,20000.0,100.0
2025-03-23,15,sunny,29.5,3461.6,236.0,20000.0,100.0
2025-03-23,16,sunny,29.5,2814.5,531.0,20000.0,100.0
2025-03-23,17,sunny,29.5,2117.9,1198.0,20000.0,100.0
2025-03-23,18,sunny,29.5,1083.9,1890.1,19193.8,96.0
2025-03-23,19,sunny,29.5,0.0,1337.1,17856.7,89.3
2025-03-24,6,sunny,27.5,0.0,336.8,17519.9,87.6
2025-03-24,7,sunny,27.5,1188.5,542.1,18166.3,90.8
2025-03-24,8,sunny,27.5,2248.4,1130.8,19283.9,96.4
2025-03-24,9,sunny,27.5,3316.5,1290.8,20000.0,100.0
2025-03-24,10,sunny,27.5,4249.8,1080.6,20000.0,100.0
2025-03-24,11,sunny,27.5,4658.3,526.8,20000.0,100.0
2025-03-24,12,sunny,27.5,4546.4,336.9,20000.0,100.0
2025-03-24,13,sunny,27.5,4913.1,196.3,20000.0,100.0
2025-03-24,14,sunny,27.5,4620.6,165.5,20000.0,100.0
2025-03-24,15,sunny,27.5,4210.9,235.1,20000.0,100.0
2025-03-24,16,sunny,27.5,3384.2,588.1,20000.0,100.0
2025-03-24,17,sunny,27.5,2187.7,1092.0,20000.0,100.0
2025-03-24,18,sunny,27.5,1223.4,1537.2,19686.2,98.4
2025-03-24,19,sunny,27.5,0.0,1368.8,18317.4,91.6
2025-03-25,6,sunny,26.7,0.0,329.5,17987.9,89.9
2025-03-25,7,sunny,26.7,903.7,533.6,18358.0,91.8
2025-03-25,8,sunny,26.7,1758.2,941.7,19174.5,95.9
2025-03-25,9,sunny,26.7,2512.1,1116.0,20000.0,100.0
2025-03-25,10,sunny,26.7,3039.2,1008.0,20000.0,100.0
2025-03-25,11,sunny,26.7,3857.1,506.8,20000.0,100.0
2025-03-25,12,sunny,26.7,3698.2,333.9,20000.0,100.0
2025-03-25,13,sunny,26.7,4101.4,213.5,20000.0,100.0
2025-03-25,14,sunny,26.7,3498.8,187.1,20000.0,100.0
2025-03-25,15,sunny,26.7,3065.2,229.8,20000.0,100.0
2025-03-25,16,sunny,26.7,2536.9,599.0,20000.0,100.0
2025-03-25,17,sunny,26.7,1772.3,1321.5,20000.0,100.0
2025-03-25,18,sunny,26.7,903.5,1633.7,19269.8,96.3
2025-03-25,19,sunny,26.7,0.0,1424.2,17845.6,89.2
2025-03-26,6,sunny,29.7,0.0,259.2,17586.4,87.9
2025-03-26,7,sunny,29.7,1209.4,530.0,18265.8,91.3
2025-03-26,8,sunny,29.7,2239.6,1036.0,19469.4,97.3
2025-03-26,9,sunny,29.7,3075.8,1127.2,20000.0,100.0
2025-03-26,10,sunny,29.7,3918.2,1181.1,20000.0,100.0
2025-03-26,11,sunny,29.7,4638.9,567.1,20000.0,100.0
2025-03-26,12,sunny,29.7,4496.2,308.3,20000.0,100.0
2025-03-26,13,sunny,29.7,4535.9,206.5,20000.0,100.0
2025-03-26,14,sunny,29.7,4734.9,188.5,20000.0,100.0
2025-03-26,15,sunny,29.7,3888.2,224.8,20000.0,100.0
2025-03-26,16,sunny,29.7,2996.4,576.9,20000.0,100.0
2025-03-26,17,sunny,29.7,2399.1,1188.0,20000.0,100.0
2025-03-26,18,sunny,29.7,1180.0,1818.6,19361.4,96.8
2025-03-26,19,sunny,29.7,0.0,1152.9,18208.5,91.0
2025-03-27,6,sunny,27.5,0.0,322.2,17886.3,89.4
2025-03-27,7,sunny,27.5,1083.2,637.4,18332.1,91.7
2025-03-27,8,sunny,27.5,2141.6,1126.2,19347.5,96.7
2025-03-27,9,sunny,27.5,2994.7,1419.8,20000.0,100.0
2025-03-27,10,sunny,27.5,3650.5,1141.1,20000.0,100.0
2025-03-27,11,sunny,27.5,4273.4,587.2,20000.0,100.0
2025-03-27,12,sunny,27.5,4343.2,302.4,20000.0,100.0
2025-03-27,13,sunny,27.5,4482.4,200.9,20000.0,100.0
2025-03-27,14,sunny,27.5,4202.6,211.5,20000.0,100.0
2025-03-27,15,sunny,27.5,3776.1,242.0,20000.0,100.0
2025-03-27,16,sunny,27.5,2932.4,638.5,20000.0,100.0
2025-03-27,17,sunny,27.5,2124.5,1452.6,20000.0,100.0
2025-03-27,18,sunny,27.5,1036.8,1774.9,19261.9,96.3
2025-03-27,19,sunny,27.5,0.0,1479.1,17782.8,88.9
2025-03-28,6,sunny,29.1,0.0,297.6,17485.2,87.4
2025-03-28,7,sunny,29.1,1008.0,539.6,17953.6,89.8
2025-03-28,8,sunny,29.1,2160.7,1056.0,19058.3,95.3
2025-03-28,9,sunny,29.1,2738.5,1383.5,20000.0,100.0
2025-03-28,10,sunny,29.1,3488.0,1171.5,20000.0,100.0
2025-03-28,11,sunny,29.1,4000.5,541.6,20000.0,100.0
2025-03-28,12,sunny,29.1,4096.1,304.0,20000.0,100.0
2025-03-28,13,sunny,29.1,4342.3,221.9,20000.0,100.0
2025-03-28,14,sunny,29.1,4098.8,186.1,20000.0,100.0
2025-03-28,15,sunny,29.1,3494.4,245.8,20000.0,100.0
2025-03-28,16,sunny,29.1,3115.2,536.5,20000.0,100.0
2025-03-28,17,sunny,29.1,2202.2,1234.8,20000.0,100.0
2025-03-28,18,sunny,29.1,988.0,1612.7,19375.3,96.9
2025-03-28,19,sunny,29.1,0.0,1415.7,17959.6,89.8
2025-03-29,6,sunny,26.1,0.0,316.7,17642.9,88.2
2025-03-29,7,sunny,26.1,1129.0,681.5,18090.4,90.5
2025-03-29,8,sunny,26.1,2110.5,1159.9,19041.0,95.2
2025-03-29,9,sunny,26.1,3061.9,1303.3,20000.0,100.0
2025-03-29,10,sunny,26.1,3750.8,924.9,20000.0,100.0
2025-03-29,11,sunny,26.1,4295.4,681.6,20000.0,100.0
2025-03-29,12,sunny,26.1,4106.3,335.5,20000.0,100.0
2025-03-29,13,sunny,26.1,4678.5,190.5,20000.0,100.0
2025-03-29,14,sunny,26.1,4147.2,221.6,20000.0,100.0
2025-03-29,15,sunny,26.1,3893.9,235.3,20000.0,100.0
2025-03-29,16,sunny,26.1,2862.0,635.7,20000.0,100.0
2025-03-29,17,sunny,26.1,1965.5,1241.3,20000.0,100.0
2025-03-29,18,sunny,26.1,979.9,1572.3,19407.6,97.0
2025-03-29,19,sunny,26.1,0.0,1370.4,18037.2,90.2
2025-03-30,6,sunny,27.7,0.0,285.7,17751.5,88.8
2025-03-30,7,sunny,27.7,947.7,549.3,18149.9,90.7
2025-03-30,8,sunny,27.7,1931.1,962.4,19118.6,95.6
2025-03-30,9,sunny,27.7,2628.0,1179.4,20000.0,100.0
2025-03-30,10,sunny,27.7,3611.5,1106.6,20000.0,100.0
2025-03-30,11,sunny,27.7,4269.1,656.1,20000.0,100.0
2025-03-30,12,sunny,27.7,4292.1,273.2,20000.0,100.0
2025-03-30,13,sunny,27.7,4289.7,181.3,20000.0,100.0
2025-03-30,14,sunny,27.7,3958.4,191.1,20000.0,100.0
2025-03-30,15,sunny,27.7,3482.4,248.8,20000.0,100.0
2025-03-30,16,sunny,27.7,2918.6,665.3,20000.0,100.0
2025-03-30,17,sunny,27.7,2070.7,1368.5,20000.0,100.0
2025-03-30,18,sunny,27.7,1030.1,1516.8,19513.3,97.6
2025-03-30,19,sunny,27.7,0.0,1335.8,18177.5,90.9
2025-03-31,6,sunny,24.6,0.0,319.8,17857.7,89.3
2025-03-31,7,sunny,24.6,1002.0,627.8,18231.9,91.2
2025-03-31,8,sunny,24.6,1927.1,1061.9,19097.1,95.5
2025-03-31,9,sunny,24.6,2696.9,1298.4,20000.0,100.0
2025-03-31,10,sunny,24.6,3557.4,923.6,20000.0,100.0
2025-03-31,11,sunny,24.6,4107.9,566.4,20000.0,100.0
2025-03-31,12,sunny,24.6,4289.1,321.6,20000.0,100.0
2025-03-31,13,sunny,24.6,4269.9,216.8,20000.0,100.0
2025-03-31,14,sunny,24.6,4207.1,199.2,20000.0,100.0
2025-03-31,15,sunny,24.6,3582.3,284.5,20000.0,100.0
2025-03-31,16,sunny,24.6,2673.8,567.7,20000.0,100.0
2025-03-31,17,sunny,24.6,1930.2,1237.4,20000.0,100.0
2025-03-31,18,sunny,24.6,985.1,1717.5,19267.6,96.3
2025-03-31,19,sunny,24.6,0.0,1214.4,18053.2,90.3
2025-04-01,6,cloudy,25.4,0.0,271.2,17782.0,88.9
2025-04-01,7,cloudy,25.4,700.9,523.1,17959.8,89.8
2025-04-01,8,cloudy,25.4,1404.3,1027.3,18336.8,91.7
2025-04-01,9,cloudy,25.4,2085.9,1259.8,19162.9,95.8
2025-04-01,10,cloudy,25.4,2445.2,999.4,20000.0,100.0
2025-04-01,11,cloudy,25.4,2801.9,603.4,20000.0,100.0
2025-04-01,12,cloudy,25.4,2862.7,282.6,20000.0,100.0
2025-04-01,13,cloudy,25.4,2746.2,187.2,20000.0,100.0
2025-04-01,14,cloudy,25.4,2962.3,194.6,20000.0,100.0
2025-04-01,15,cloudy,25.4,2235.9,306.2,20000.0,100.0
2025-04-01,16,cloudy,25.4,1807.0,595.8,20000.0,100.0
2025-04-01,17,cloudy,25.4,1413.1,1499.5,19913.6,99.6
2025-04-01,18,cloudy,25.4,727.2,1766.5,18874.3,94.4
2025-04-01,19,cloudy,25.4,0.0,1149.3,17725.0,88.6
2025-04-02,6,rainy,22.4,0.0,289.0,17436.0,87.2
2025-04-02,7,rainy,22.4,386.8,643.0,17179.8,85.9
2025-04-02,8,rainy,22.4,796.8,1091.7,16884.9,84.4
2025-04-02,9,rainy,22.4,1208.3,1386.0,16707.2,83.5
2025-04-02,10,rainy,22.4,1366.7,1051.6,17022.3,85.1
2025-04-02,11,rainy,22.4,1509.1,556.4,17975.0,89.9
2025-04-02,12,rainy,22.4,1604.8,341.0,19238.8,96.2
2025-04-02,13,rainy,22.4,1751.4,214.4,20000.0,100.0
2025-04-02,14,rainy,22.4,1568.3,211.2,20000.0,100.0
2025-04-02,15,rainy,22.4,1475.4,302.2,20000.0,100.0
2025-04-02,16,rainy,22.4,1142.4,673.2,20000.0,100.0
2025-04-02,17,rainy,22.4,796.2,1331.1,19465.1,97.3
2025-04-02,18,rainy,22.4,432.3,1735.2,18162.2,90.8
2025-04-02,19,rainy,22.4,0.0,1262.9,16899.3,84.5
2025-04-03,6,cloudy,25.3,0.0,307.2,16592.1,83.0
2025-04-03,7,cloudy,25.3,579.6,684.4,16487.3,82.4
2025-04-03,8,cloudy,25.3,1148.6,1228.8,16407.1,82.0
2025-04-03,9,cloudy,25.3,1603.2,1369.8,16640.5,83.2
2025-04-03,10,cloudy,25.3,2095.2,1198.0,17537.7,87.7
2025-04-03,11,cloudy,25.3,2235.6,692.3,19081.0,95.4
2025-04-03,12,cloudy,25.3,2525.3,321.9,20000.0,100.0
2025-04-03,13,cloudy,25.3,2517.1,184.0,20000.0,100.0
2025-04-03,14,cloudy,25.3,2366.0,187.9,20000.0,100.0
2025-04-03,15,cloudy,25.3,2033.0,285.0,20000.0,100.0
2025-04-03,16,cloudy,25.3,1678.2,542.5,20000.0,100.0
2025-04-03,17,cloudy,25.3,1099.2,1222.0,19877.2,99.4
2025-04-03,18,cloudy,25.3,577.0,1865.6,18588.6,92.9
2025-04-03,19,cloudy,25.3,0.0,1503.7,17084.9,85.4
2025-04-04,6,rainy,22.3,0.0,296.2,16788.7,83.9
2025-04-04,7,rainy,22.3,375.2,705.5,16458.4,82.3
2025-04-04,8,rainy,22.3,787.5,1167.5,16078.4,80.4
2025-04-04,9,rainy,22.3,982.0,1391.2,15669.2,78.3
2025-04-04,10,rainy,22.3,1403.5,1243.8,15828.9,79.1
2025-04-04,11,rainy,22.3,1393.1,600.7,16621.3,83.1
2025-04-04,12,rainy,22.3,1529.8,280.5,17870.6,89.4
2025-04-04,13,rainy,22.3,1621.7,200.4,19291.9,96.5
2025-04-04,14,rainy,22.3,1447.6,178.4,20000.0,100.0
2025-04-04,15,rainy,22.3,1304.9,246.2,20000.0,100.0
2025-04-04,16,rainy,22.3,1040.8,554.9,20000.0,100.0
2025-04-04,17,rainy,22.3,788.5,1212.5,19576.0,97.9
2025-04-04,18,rainy,22.3,380.8,1652.1,18304.7,91.5
2025-04-04,19,rainy,22.3,0.0,1235.8,17068.9,85.3
2025-04-05,6,cloudy,24.1,0.0,331.9,16737.0,83.7
2025-04-05,7,cloudy,24.1,501.9,612.6,16626.3,83.1
2025-04-05,8,cloudy,24.1,1053.6,1015.1,16664.8,83.3
2025-04-05,9,cloudy,24.1,1455.6,1186.3,16934.1,84.7
2025-04-05,10,cloudy,24.1,1763.5,1092.0,17605.6,88.0
2025-04-05,11,cloudy,24.1,2251.7,716.5,19140.8,95.7
2025-04-05,12,cloudy,24.1,2386.9,310.1,20000.0,100.0
2025-04-05,13,cloudy,24.1,2079.5,204.8,20000.0,100.0
2025-04-05,14,cloudy,24.1,2009.2,174.8,20000.0,100.0
2025-04-05,15,cloudy,24.1,1728.1,272.0,20000.0,100.0
2025-04-05,16,cloudy,24.1,1448.2,565.1,20000.0,100.0
2025-04-05,17,cloudy,24.1,1075.2,1306.3,19768.9,98.8
2025-04-05,18,cloudy,24.1,564.9,1685.7,18648.1,93.2
2025-04-05,19,cloudy,24.1,0.0,1235.5,17412.6,87.1
2025-04-06,6,rainy,23.6,0.0,330.0,17082.6,85.4
2025-04-06,7,rainy,23.6,316.6,565.6,16833.6,84.2
2025-04-06,8,rainy,23.6,680.1,957.3,16556.4,82.8
2025-04-06,9,rainy,23.6,919.4,1388.7,16087.1,80.4
2025-04-06,10,rainy,23.6,1086.3,1093.6,16079.8,80.4
2025-04-06,11,rainy,23.6,1202.0,668.8,16613.0,83.1
2025-04-06,12,rainy,23.6,1304.3,289.9,17627.4,88.1
2025-04-06,13,rainy,23.6,1323.8,243.7,18707.5,93.5
2025-04-06,14,rainy,23.6,1342.0,233.3,19816.2,99.1
2025-04-06,15,rainy,23.6,1156.1,291.0,20000.0,100.0
2025-04-06,16,rainy,23.6,907.4,705.0,20000.0,100.0
2025-04-06,17,rainy,23.6,639.0,1312.9,19326.1,96.6
2025-04-06,18,rainy,23.6,335.6,1863.7,17798.0,89.0
2025-04-06,19,rainy,23.6,0.0,1328.4,16469.6,82.3
2025-04-07,6,cloudy,25.9,0.0,352.0,16117.6,80.6
2025-04-07,7,cloudy,25.9,733.5,678.7,16172.4,80.9
2025-04-07,8,cloudy,25.9,1356.5,1257.8,16271.1,81.4
2025-04-07,9,cloudy,25.9,2044.6,1277.5,17038.2,85.2
2025-04-07,10,cloudy,25.9,2443.9,1037.0,18445.1,92.2
2025-04-07,11,cloudy,25.9,2832.3,671.9,20000.0,100.0
2025-04-07,12,cloudy,25.9,3282.3,337.3,20000.0,100.0
2025-04-07,13,cloudy,25.9,3092.2,215.3,20000.0,100.0
2025-04-07,14,cloudy,25.9,3037.6,228.6,20000.0,100.0
2025-04-07,15,cloudy,25.9,2464.1,317.0,20000.0,100.0
2025-04-07,16,cloudy,25.9,2017.6,689.0,20000.0,100.0
2025-04-07,17,cloudy,25.9,1540.4,1464.7,20000.0,100.0
2025-04-07,18,cloudy,25.9,701.6,1896.4,18805.2,94.0
2025-04-07,19,cloudy,25.9,0.0,1500.1,17305.1,86.5
2025-04-08,6,cloudy,26.6,0.0,292.0,17013.1,85.1
2025-04-08,7,cloudy,26.6,663.4,662.3,17014.2,85.1
2025-04-08,8,cloudy,26.6,1293.6,1012.5,17295.3,86.5
2025-04-08,9,cloudy,26.6,1733.6,1345.7,17683.2,88.4
2025-04-08,10,cloudy,26.6,2372.8,1146.9,18909.1,94.5
2025-04-08,11,cloudy,26.6,2496.0,624.9,20000.0,100.0
2025-04-08,12,cloudy,26.6,2741.8,301.0,20000.0,100.0
2025-04-08,13,cloudy,26.6,2896.6,207.4,20000.0,100.0
2025-04-08,14,cloudy,26.6,2651.6,234.5,20000.0,100.0
2025-04-08,15,cloudy,26.6,2333.6,290.5,20000.0,100.0
2025-04-08,16,cloudy,26.6,1746.3,574.3,20000.0,100.0
2025-04-08,17,cloudy,26.6,1229.4,1498.5,19730.9,98.7
2025-04-08,18,cloudy,26.6,709.4,1684.2,18756.1,93.8
2025-04-08,19,cloudy,26.6,0.0,1314.5,17441.6,87.2
2025-04-09,6,cloudy,27.4,0.0,364.1,17077.5,85.4
2025-04-09,7,cloudy,27.4,658.5,668.3,17067.7,85.3
2025-04-09,8,cloudy,27.4,1332.5,1062.5,17337.7,86.7
2025-04-09,9,cloudy,27.4,2002.1,1223.3,18116.5,90.6
2025-04-09,10,cloudy,27.4,2414.5,1205.4,19325.6,96.6
2025-04-09,11,cloudy,27.4,2826.3,641.4,20000.0,100.0
2025-04-09,12,cloudy,27.4,2743.0,356.6,20000.0,100.0
2025-04-09,13,cloudy,27.4,2937.9,221.2,20000.0,100.0
2025-04-09,14,cloudy,27.4,2766.0,194.7,20000.0,100.0
2025-04-09,15,cloudy,27.4,2370.4,313.1,20000.0,100.0
2025-04-09,16,cloudy,27.4,1831.3,636.1,20000.0,100.0
2025-04-09,17,cloudy,27.4,1412.0,1520.9,19891.1,99.5
2025-04-09,18,cloudy,27.4,720.4,1805.2,18806.3,94.0
2025-04-09,19,cloudy,27.4,0.0,1250.5,17555.8,87.8
2025-04-10,6,cloudy,24.9,0.0,366.5,17189.3,85.9
2025-04-10,7,cloudy,24.9,749.6,665.9,17273.0,86.4
2025-04-10,8,cloudy,24.9,1390.0,1138.1,17524.9,87.6
2025-04-10,9,cloudy,24.9,2008.7,1198.6,18335.0,91.7
2025-04-10,10,cloudy,24.9,2490.5,1255.7,19569.8,97.8
2025-04-10,11,cloudy,24.9,2919.3,698.4,20000.0,100.0
2025-04-10,12,cloudy,24.9,2952.1,329.3,20000.0,100.0
2025-04-10,13,cloudy,24.9,2787.2,214.6,20000.0,100.0
2025-04-10,14,cloudy,24.9,2817.1,195.0,20000.0,100.0
2025-04-10,15,cloudy,24.9,2309.8,300.0,20000.0,100.0
2025-04-10,16,cloudy,24.9,1985.8,626.6,20000.0,100.0
2025-04-10,17,cloudy,24.9,1351.6,1419.7,19931.9,99.7
2025-04-10,18,cloudy,24.9,717.0,1865.3,18783.6,93.9
2025-04-10,19,cloudy,24.9,0.0,1195.9,17587.7,87.9
2025-04-11,6,cloudy,25.6,0.0,299.5,17288.2,86.4
2025-04-11,7,cloudy,25.6,678.4,602.5,17364.1,86.8
2025-04-11,8,cloudy,25.6,1385.3,1105.4,17644.0,88.2
2025-04-11,9,cloudy,25.6,1913.0,1301.7,18255.3,91.3
2025-04-11,10,cloudy,25.6,2152.7,1108.1,19299.9,96.5
2025-04-11,11,cloudy,25.6,2655.8,637.2,20000.0,100.0
2025-04-11,12,cloudy,25.6,3003.2,348.7,20000.0,100.0
2025-04-11,13,cloudy,25.6,3017.8,209.9,20000.0,100.0
2025-04-11,14,cloudy,25.6,2758.4,215.1,20000.0,100.0
2025-04-11,15,cloudy,25.6,2364.5,327.0,20000.0,100.0
2025-04-11,16,cloudy,25.6,1917.4,723.8,20000.0,100.0
2025-04-11,17,cloudy,25.6,1358.2,1253.8,20000.0,100.0
2025-04-11,18,cloudy,25.6,696.7,1881.5,18815.2,94.1
2025-04-11,19,cloudy,25.6,0.0,1541.5,17273.7,86.4
2025-04-12,6,sunny,27.1,0.0,329.4,16944.3,84.7
2025-04-12,7,sunny,27.1,898.4,692.1,17150.6,85.8
2025-04-12,8,sunny,27.1,1880.0,1262.8,17767.8,88.8
2025-04-12,9,sunny,27.1,2571.0,1423.7,18915.1,94.6
2025-04-12,10,sunny,27.1,3108.3,1279.5,20000.0,100.0
2025-04-12,11,sunny,27.1,3564.6,571.2,20000.0,100.0
2025-04-12,12,sunny,27.1,3803.0,360.4,20000.0,100.0
2025-04-12,13,sunny,27.1,3742.2,232.6,20000.0,100.0
2025-04-12,14,sunny,27.1,3894.4,228.8,20000.0,100.0
2025-04-12,15,sunny,27.1,3145.2,249.2,20000.0,100.0
2025-04-12,16,sunny,27.1,2640.2,592.0,20000.0,100.0
2025-04-12,17,sunny,27.1,1922.1,1358.3,20000.0,100.0
2025-04-12,18,sunny,27.1,952.9,1680.5,19272.4,96.4
2025-04-12,19,sunny,27.1,0.0,1285.5,17986.9,89.9
2025-04-13,6,cloudy,25.1,0.0,350.3,17636.6,88.2
2025-04-13,7,cloudy,25.1,524.3,557.1,17603.8,88.0
2025-04-13,8,cloudy,25.1,1043.3,1033.3,17613.8,88.1
2025-04-13,9,cloudy,25.1,1461.4,1582.5,17492.7,87.5
2025-04-13,10,cloudy,25.1,1925.9,1041.5,18377.1,91.9
2025-04-13,11,cloudy,25.1,2172.7,604.4,19945.4,99.7
2025-04-13,12,cloudy,25.1,2454.3,285.4,20000.0,100.0
2025-04-13,13,cloudy,25.1,2368.5,244.6,20000.0,100.0
2025-04-13,14,cloudy,25.1,2010.5,192.9,20000.0,100.0
2025-04-13,15,cloudy,25.1,1862.1,320.4,20000.0,100.0
2025-04-13,16,cloudy,25.1,1536.2,684.0,20000.0,100.0
2025-04-13,17,cloudy,25.1,1117.1,1567.7,19549.4,97.7
2025-04-13,18,cloudy,25.1,549.3,1916.4,18182.3,90.9
2025-04-13,19,cloudy,25.1,0.0,1325.8,16856.5,84.3
2025-04-14,6,rainy,23.4,0.0,363.8,16492.7,82.5
2025-04-14,7,rainy,23.4,389.2,586.8,16295.1,81.5
2025-04-14,8,rainy,23.4,737.5,1170.5,15862.1,79.3
2025-04-14,9,rainy,23.4,1164.5,1246.8,15779.8,78.9
2025-04-14,10,rainy,23.4,1273.0,1147.7,15905.1,79.5
2025-04-14,11,rainy,23.4,1668.3,612.2,16961.2,84.8
2025-04-14,12,rainy,23.4,1772.0,372.6,18360.6,91.8
2025-04-14,13,rainy,23.4,1599.9,248.9,19711.6,98.6
2025-04-14,14,rainy,23.4,1603.5,215.9,20000.0,100.0
2025-04-14,15,rainy,23.4,1355.9,317.6,20000.0,100.0
2025-04-14,16,rainy,23.4,1155.5,707.8,20000.0,100.0
2025-04-14,17,rainy,23.4,834.2,1425.7,19408.5,97.0
2025-04-14,18,rainy,23.4,417.8,2130.8,17695.5,88.5
2025-04-14,19,rainy,23.4,0.0,1237.8,16457.7,82.3
2025-04-15,6,cloudy,20.9,0.0,355.7,16102.0,80.5
2025-04-15,7,cloudy,20.9,636.6,630.7,16107.9,80.5
2025-04-15,8,cloudy,20.9,1361.3,1036.6,16432.6,82.2
2025-04-15,9,cloudy,20.9,2025.0,1290.5,17167.1,85.8
2025-04-15,10,cloudy,20.9,2518.0,1066.9,18618.2,93.1
2025-04-15,11,cloudy,20.9,2895.8,680.0,20000.0,100.0
2025-04-15,12,cloudy,20.9,2674.5,291.8,20000.0,100.0
2025-04-15,13,cloudy,20.9,2670.3,234.7,20000.0,100.0
2025-04-15,14,cloudy,20.9,2819.3,210.0,20000.0,100.0
2025-04-15,15,cloudy,20.9,2348.6,299.5,20000.0,100.0
2025-04-15,16,cloudy,20.9,1918.3,698.0,20000.0,100.0
2025-04-15,17,cloudy,20.9,1331.7,1535.3,19796.4,99.0
2025-04-15,18,cloudy,20.9,741.5,1845.4,18692.5,93.5
2025-04-15,19,cloudy,20.9,0.0,1280.7,17411.8,87.1
2025-04-16,6,cloudy,25.7,0.0,350.3,17061.5,85.3
2025-04-16,7,cloudy,25.7,768.3,722.1,17107.7,85.5
2025-04-16,8,cloudy,25.7,1432.1,1284.8,17255.0,86.3
2025-04-16,9,cloudy,25.7,1960.1,1498.6,17716.5,88.6
2025-04-16,10,cloudy,25.7,2810.2,1273.6,19253.1,96.3
2025-04-16,11,cloudy,25.7,3155.4,642.3,20000.0,100.0
2025-04-16,12,cloudy,25.7,3335.7,342.5,20000.0,100.0
2025-04-16,13,cloudy,25.7,3235.2,199.4,20000.0,100.0
2025-04-16,14,cloudy,25.7,2855.2,220.8,20000.0,100.0
2025-04-16,15,cloudy,25.7,2455.2,314.5,20000.0,100.0
2025-04-16,16,cloudy,25.7,2233.4,748.0,20000.0,100.0
2025-04-16,17,cloudy,25.7,1396.2,1641.9,19754.3,98.8
2025-04-16,18,cloudy,25.7,715.0,1927.5,18541.8,92.7
2025-04-16,19,cloudy,25.7,0.0,1263.6,17278.2,86.4
2025-04-17,6,cloudy,24.3,0.0,370.9,16907.3,84.5
2025-04-17,7,cloudy,24.3,631.9,591.4,16947.8,84.7
2025-04-17,8,cloudy,24.3,1315.3,1084.7,17178.4,85.9
2025-04-17,9,cloudy,24.3,1923.0,1650.6,17450.8,87.3
2025-04-17,10,cloudy,24.3,2399.3,1312.1,18538.0,92.7
2025-04-17,11,cloudy,24.3,2626.7,732.8,20000.0,100.0
2025-04-17,12,cloudy,24.3,2644.7,295.3,20000.0,100.0
2025-04-17,13,cloudy,24.3,2847.1,200.0,20000.0,100.0
2025-04-17,14,cloudy,24.3,2776.9,231.2,20000.0,100.0
2025-04-17,15,cloudy,24.3,2465.4,278.4,20000.0,100.0
2025-04-17,16,cloudy,24.3,1853.3,716.3,20000.0,100.0
2025-04-17,17,cloudy,24.3,1250.1,1476.7,19773.4,98.9
2025-04-17,18,cloudy,24.3,686.7,2233.7,18226.4,91.1
2025-04-17,19,cloudy,24.3,0.0,1291.3,16935.1,84.7
2025-04-18,6,cloudy,23.0,0.0,334.0,16601.1,83.0
2025-04-18,7,cloudy,23.0,737.8,593.4,16745.5,83.7
2025-04-18,8,cloudy,23.0,1484.7,1066.1,17164.1,85.8
2025-04-18,9,cloudy,23.0,2144.1,1317.3,17990.9,90.0
2025-04-18,10,cloudy,23.0,2714.7,1076.6,19629.0,98.1
2025-04-18,11,cloudy,23.0,3163.5,574.7,20000.0,100.0
2025-04-18,12,cloudy,23.0,3176.4,322.6,20000.0,100.0
2025-04-18,13,cloudy,23.0,3031.8,230.3,20000.0,100.0
2025-04-18,14,cloudy,23.0,3138.6,247.2,20000.0,100.0
2025-04-18,15,cloudy,23.0,2545.0,265.7,20000.0,100.0
2025-04-18,16,cloudy,23.0,2186.2,687.9,20000.0,100.0
2025-04-18,17,cloudy,23.0,1413.8,1580.7,19833.1,99.2
2025-04-18,18,cloudy,23.0,765.4,2053.9,18544.6,92.7
2025-04-18,19,cloudy,23.0,0.0,1439.4,17105.2,85.5
2025-04-19,6,cloudy,24.1,0.0,371.4,16733.8,83.7
2025-04-19,7,cloudy,24.1,858.7,723.4,16869.1,84.3
2025-04-19,8,cloudy,24.1,1476.5,1110.2,17235.4,86.2
2025-04-19,9,cloudy,24.1,2264.0,1512.1,17987.3,89.9
2025-04-19,10,cloudy,24.1,3005.6,1146.8,19846.1,99.2
2025-04-19,11,cloudy,24.1,3393.0,605.5,20000.0,100.0
2025-04-19,12,cloudy,24.1,3338.4,296.8,20000.0,100.0
2025-04-19,13,cloudy,24.1,3532.9,209.0,20000.0,100.0
2025-04-19,14,cloudy,24.1,3088.0,239.2,20000.0,100.0
2025-04-19,15,cloudy,24.1,2838.6,254.5,20000.0,100.0
2025-04-19,16,cloudy,24.1,2100.8,677.2,20000.0,100.0
2025-04-19,17,cloudy,24.1,1546.5,1332.6,20000.0,100.0
2025-04-19,18,cloudy,24.1,835.4,1813.2,19022.2,95.1
2025-04-19,19,cloudy,24.1,0.0,1420.6,17601.6,88.0
2025-04-20,6,rainy,24.2,0.0,296.0,17305.6,86.5
2025-04-20,7,rainy,24.2,419.5,758.7,16966.4,84.8
2025-04-20,8,rainy,24.2,882.2,1151.6,16697.0,83.5
2025-04-20,9,rainy,24.2,1211.8,1507.6,16401.2,82.0
2025-04-20,10,rainy,24.2,1561.7,1102.8,16860.1,84.3
2025-04-20,11,rainy,24.2,1636.0,636.8,17859.3,89.3
2025-04-20,12,rainy,24.2,1666.5,325.5,19200.3,96.0
2025-04-20,13,rainy,24.2,1897.4,263.7,20000.0,100.0
2025-04-20,14,rainy,24.2,1587.5,219.3,20000.0,100.0
2025-04-20,15,rainy,24.2,1459.4,298.6,20000.0,100.0
2025-04-20,16,rainy,24.2,1207.9,580.9,20000.0,100.0
2025-04-20,17,rainy,24.2,883.6,1692.3,19191.3,96.0
2025-04-20,18,rainy,24.2,442.5,2080.0,17553.8,87.8
2025-04-20,19,rainy,24.2,0.0,1408.1,16145.7,80.7
2025-04-21,6,cloudy,21.8,0.0,380.2,15765.5,78.8
2025-04-21,7,cloudy,21.8,646.2,663.2,15748.5,78.7
2025-04-21,8,cloudy,21.8,1236.4,1373.4,15611.5,78.1
2025-04-21,9,cloudy,21.8,1721.9,1330.2,16003.2,80.0
2025-04-21,10,cloudy,21.8,2133.7,1261.2,16875.7,84.4
2025-04-21,11,cloudy,21.8,2749.1,626.6,18998.2,95.0
2025-04-21,12,cloudy,21.8,2882.7,323.4,20000.0,100.0
2025-04-21,13,cloudy,21.8,2775.1,203.4,20000.0,100.0
2025-04-21,14,cloudy,21.8,2553.9,233.6,20000.0,100.0
2025-04-21,15,cloudy,21.8,2262.0,277.4,20000.0,100.0
2025-04-21,16,cloudy,21.8,1904.1,778.3,20000.0,100.0
2025-04-21,17,cloudy,21.8,1262.2,1550.3,19711.9,98.6
2025-04-21,18,cloudy,21.8,683.3,1840.2,18555.0,92.8
2025-04-21,19,cloudy,21.8,0.0,1391.3,17163.7,85.8
2025-04-22,6,cloudy,23.0,0.0,351.8,16811.9,84.1
2025-04-22,7,cloudy,23.0,710.9,756.2,16766.6,83.8
2025-04-22,8,cloudy,23.0,1480.1,1067.6,17179.1,85.9
2025-04-22,9,cloudy,23.0,1893.2,1429.5,17642.8,88.2
2025-04-22,10,cloudy,23.0,2427.3,1208.0,18862.1,94.3
2025-04-22,11,cloudy,23.0,2918.3,739.8,20000.0,100.0
2025-04-22,12,cloudy,23.0,2720.0,343.6,20000.0,100.0
2025-04-22,13,cloudy,23.0,2990.8,234.4,20000.0,100.0
2025-04-22,14,cloudy,23.0,2609.5,217.6,20000.0,100.0
2025-04-22,15,cloudy,23.0,2402.1,274.4,20000.0,100.0
2025-04-22,16,cloudy,23.0,2039.6,649.0,20000.0,100.0
2025-04-22,17,cloudy,23.0,1393.9,1504.4,19889.5,99.4
2025-04-22,18,cloudy,23.0,749.3,1777.9,18860.9,94.3
2025-04-22,19,cloudy,23.0,0.0,1407.7,17453.2,87.3
2025-04-23,6,cloudy,22.9,0.0,323.3,17129.9,85.6
2025-04-23,7,cloudy,22.9,698.5,670.0,17158.4,85.8
2025-04-23,8,cloudy,22.9,1509.9,1344.4,17323.9,86.6
2025-04-23,9,cloudy,22.9,2141.8,1527.2,17938.5,89.7
2025-04-23,10,cloudy,22.9,2654.5,1282.7,19310.3,96.6
2025-04-23,11,cloudy,22.9,2796.2,698.3,20000.0,100.0
2025-04-23,12,cloudy,22.9,3224.0,330.9,20000.0,100.0
2025-04-23,13,cloudy,22.9,3168.5,237.1,20000.0,100.0
2025-04-23,14,cloudy,22.9,2916.7,197.9,20000.0,100.0
2025-04-23,15,cloudy,22.9,2631.6,337.7,20000.0,100.0
2025-04-23,16,cloudy,22.9,1953.5,661.6,20000.0,100.0
2025-04-23,17,cloudy,22.9,1348.4,1292.8,20000.0,100.0
2025-04-23,18,cloudy,22.9,802.4,2011.8,18790.6,94.0
2025-04-23,19,cloudy,22.9,0.0,1403.5,17387.1,86.9
2025-04-24,6,rainy,23.9,0.0,329.0,17058.1,85.3
2025-04-24,7,rainy,23.9,317.1,729.4,16645.8,83.2
2025-04-24,8,rainy,23.9,608.7,1287.3,15967.2,79.8
2025-04-24,9,rainy,23.9,904.6,1620.3,15251.5,76.3
2025-04-24,10,rainy,23.9,1216.0,1305.0,15162.5,75.8
2025-04-24,11,rainy,23.9,1229.4,733.6,15658.3,78.3
2025-04-24,12,rainy,23.9,1514.5,324.7,16848.1,84.2
2025-04-24,13,rainy,23.9,1359.4,262.2,17945.3,89.7
2025-04-24,14,rainy,23.9,1257.2,237.7,18964.8,94.8
2025-04-24,15,rainy,23.9,1213.4,263.4,19914.8,99.6
2025-04-24,16,rainy,23.9,948.5,708.6,20000.0,100.0
2025-04-24,17,rainy,23.9,639.4,1683.8,18955.6,94.8
2025-04-24,18,rainy,23.9,321.9,1943.7,17333.8,86.7
2025-04-24,19,rainy,23.9,0.0,1372.5,15961.3,79.8
2025-04-25,6,cloudy,26.7,0.0,308.6,15652.7,78.3
2025-04-25,7,cloudy,26.7,551.3,755.5,15448.5,77.2
2025-04-25,8,cloudy,26.7,1098.2,1406.6,15140.1,75.7
2025-04-25,9,cloudy,26.7,1526.3,1639.1,15027.3,75.1
2025-04-25,10,cloudy,26.7,1847.1,1381.3,15493.1,77.5
2025-04-25,11,cloudy,26.7,2143.0,774.9,16861.2,84.3
2025-04-25,12,cloudy,26.7,2135.4,353.4,18643.2,93.2
2025-04-25,13,cloudy,26.7,2304.7,219.4,20000.0,100.0
2025-04-25,14,cloudy,26.7,2003.5,260.7,20000.0,100.0
2025-04-25,15,cloudy,26.7,1826.9,278.1,20000.0,100.0
2025-04-25,16,cloudy,26.7,1448.4,675.0,20000.0,100.0
2025-04-25,17,cloudy,26.7,1061.8,1713.7,19348.1,96.7
2025-04-25,18,cloudy,26.7,576.8,2129.4,17795.5,89.0
2025-04-25,19,cloudy,26.7,0.0,1439.5,16356.0,81.8
2025-04-26,6,cloudy,22.0,0.0,406.0,15950.0,79.7
2025-04-26,7,cloudy,22.0,838.1,657.3,16130.8,80.7
2025-04-26,8,cloudy,22.0,1582.7,1223.2,16490.3,82.5
2025-04-26,9,cloudy,22.0,2139.3,1426.9,17202.7,86.0
2025-04-26,10,cloudy,22.0,2576.5,1253.7,18525.5,92.6
2025-04-26,11,cloudy,22.0,3075.3,701.0,20000.0,100.0
2025-04-26,12,cloudy,22.0,3148.0,402.3,20000.0,100.0
2025-04-26,13,cloudy,22.0,3362.3,271.2,20000.0,100.0
2025-04-26,14,cloudy,22.0,2914.4,237.6,20000.0,100.0
2025-04-26,15,cloudy,22.0,2876.0,293.3,20000.0,100.0
2025-04-26,16,cloudy,22.0,2096.0,650.6,20000.0,100.0
2025-04-26,17,cloudy,22.0,1487.3,1504.3,19983.0,99.9
2025-04-26,18,cloudy,22.0,772.4,1906.6,18848.8,94.2
2025-04-26,19,cloudy,22.0,0.0,1323.6,17525.2,87.6
2025-04-27,6,cloudy,25.4,0.0,327.4,17197.8,86.0
2025-04-27,7,cloudy,25.4,803.3,596.9,17404.2,87.0
2025-04-27,8,cloudy,25.4,1628.6,1070.0,17962.8,89.8
2025-04-27,9,cloudy,25.4,2251.8,1759.7,18454.9,92.3
2025-04-27,10,cloudy,25.4,3082.2,1135.6,20000.0,100.0
2025-04-27,11,cloudy,25.4,3193.8,694.4,20000.0,100.0
2025-04-27,12,cloudy,25.4,3678.1,389.8,20000.0,100.0
2025-04-27,13,cloudy,25.4,3292.2,216.0,20000.0,100.0
2025-04-27,14,cloudy,25.4,3247.9,255.9,20000.0,100.0
2025-04-27,15,cloudy,25.4,3066.0,274.0,20000.0,100.0
2025-04-27,16,cloudy,25.4,2360.0,630.9,20000.0,100.0
2025-04-27,17,cloudy,25.4,1682.0,1728.3,19953.7,99.8
2025-04-27,18,cloudy,25.4,836.2,1800.2,18989.7,94.9
2025-04-27,19,cloudy,25.4,0.0,1494.2,17495.5,87.5
2025-04-28,6,cloudy,22.1,0.0,334.7,17160.8,85.8
2025-04-28,7,cloudy,22.1,712.8,664.6,17209.0,86.0
2025-04-28,8,cloudy,22.1,1356.7,1166.1,17399.6,87.0
2025-04-28,9,cloudy,22.1,2136.4,1374.7,18161.3,90.8
2025-04-28,10,cloudy,22.1,2433.0,1110.4,19483.9,97.4
2025-04-28,11,cloudy,22.1,2748.9,784.9,20000.0,100.0
2025-04-28,12,cloudy,22.1,3334.6,310.3,20000.0,100.0
2025-04-28,13,cloudy,22.1,3246.2,262.0,20000.0,100.0
2025-04-28,14,cloudy,22.1,3164.7,220.9,20000.0,100.0
2025-04-28,15,cloudy,22.1,2502.3,307.8,20000.0,100.0
2025-04-28,16,cloudy,22.1,2199.4,755.6,20000.0,100.0
2025-04-28,17,cloudy,22.1,1454.8,1425.8,20000.0,100.0
2025-04-28,18,cloudy,22.1,778.8,2287.9,18490.9,92.5
2025-04-28,19,cloudy,22.1,0.0,1622.2,16868.7,84.3
2025-04-29,6,cloudy,25.9,0.0,390.8,16477.9,82.4
2025-04-29,7,cloudy,25.9,711.2,697.3,16491.8,82.5
2025-04-29,8,cloudy,25.9,1255.3,1206.8,16540.3,82.7
2025-04-29,9,cloudy,25.9,1732.3,1453.5,16819.1,84.1
2025-04-29,10,cloudy,25.9,2133.3,1227.2,17725.2,88.6
2025-04-29,11,cloudy,25.9,2455.9,676.5,19504.6,97.5
2025-04-29,12,cloudy,25.9,2872.2,333.4,20000.0,100.0
2025-04-29,13,cloudy,25.9,2795.4,275.4,20000.0,100.0
2025-04-29,14,cloudy,25.9,2615.0,211.3,20000.0,100.0
2025-04-29,15,cloudy,25.9,2223.8,322.3,20000.0,100.0
2025-04-29,16,cloudy,25.9,1837.6,635.8,20000.0,100.0
2025-04-29,17,cloudy,25.9,1275.9,1572.0,19703.9,98.5
2025-04-29,18,cloudy,25.9,638.8,2148.6,18194.1,91.0
2025-04-29,19,cloudy,25.9,0.0,1475.9,16718.2,83.6
2025-04-30,6,cloudy,24.1,0.0,353.0,16365.2,81.8
2025-04-30,7,cloudy,24.1,564.8,801.7,16128.3,80.6
2025-04-30,8,cloudy,24.1,1101.4,1161.0,16068.7,80.3
2025-04-30,9,cloudy,24.1,1711.8,1670.3,16110.2,80.6
2025-04-30,10,cloudy,24.1,2054.5,1090.3,17074.4,85.4
2025-04-30,11,cloudy,24.1,2141.8,742.3,18473.9,92.4
2025-04-30,12,cloudy,24.1,2303.0,332.9,20000.0,100.0
2025-04-30,13,cloudy,24.1,2514.3,231.2,20000.0,100.0
2025-04-30,14,cloudy,24.1,2121.0,201.3,20000.0,100.0
2025-04-30,15,cloudy,24.1,1981.1,326.4,20000.0,100.0
2025-04-30,16,cloudy,24.1,1701.8,630.9,20000.0,100.0
2025-04-30,17,cloudy,24.1,1075.9,1573.7,19502.2,97.5
2025-04-30,18,cloudy,24.1,569.0,2077.9,17993.3,90.0
2025-04-30,19,cloudy,24.1,0.0,1580.8,16412.5,82.1
2025-05-01,6,cloudy,26.3,0.0,411.8,16000.7,80.0
2025-05-01,7,cloudy,26.3,557.0,717.1,15840.6,79.2
2025-05-01,8,cloudy,26.3,1151.6,1269.7,15722.5,78.6
2025-05-01,9,cloudy,26.3,1528.5,1456.6,15794.4,79.0
2025-05-01,10,cloudy,26.3,1961.9,1293.4,16462.9,82.3
2025-05-01,11,cloudy,26.3,2080.2,761.3,17781.8,88.9
2025-05-01,12,cloudy,26.3,2361.3,353.4,19789.7,98.9
2025-05-01,13,cloudy,26.3,2134.0,244.3,20000.0,100.0
2025-05-01,14,cloudy,26.3,2010.5,205.0,20000.0,100.0
2025-05-01,15,cloudy,26.3,1894.7,277.2,20000.0,100.0
2025-05-01,16,cloudy,26.3,1489.9,751.3,20000.0,100.0
2025-05-01,17,cloudy,26.3,1049.6,1801.6,19248.0,96.2
2025-05-01,18,cloudy,26.3,592.6,2153.1,17687.5,88.4
2025-05-01,19,cloudy,26.3,0.0,1740.6,15946.9,79.7
2025-05-02,6,cloudy,20.2,0.0,365.4,15581.5,77.9
2025-05-02,7,cloudy,20.2,492.0,671.1,15402.4,77.0
2025-05-02,8,cloudy,20.2,1104.4,1202.9,15303.9,76.5
2025-05-02,9,cloudy,20.2,1400.5,1423.8,15280.6,76.4
2025-05-02,10,cloudy,20.2,1821.9,1404.1,15698.4,78.5
2025-05-02,11,cloudy,20.2,2159.0,706.2,17151.2,85.8
2025-05-02,12,cloudy,20.2,2105.9,316.5,18940.6,94.7
2025-05-02,13,cloudy,20.2,2192.0,273.1,20000.0,100.0
2025-05-02,14,cloudy,20.2,2149.9,229.7,20000.0,100.0
2025-05-02,15,cloudy,20.2,1854.4,312.4,20000.0,100.0
2025-05-02,16,cloudy,20.2,1490.6,725.2,20000.0,100.0
2025-05-02,17,cloudy,20.2,1060.8,1579.0,19481.8,97.4
2025-05-02,18,cloudy,20.2,567.5,2064.2,17985.1,89.9
2025-05-02,19,cloudy,20.2,0.0,1450.8,16534.3,82.7
2025-05-03,6,cloudy,25.2,0.0,391.9,16142.4,80.7
2025-05-03,7,cloudy,25.2,620.5,759.2,16003.7,80.0
2025-05-03,8,cloudy,25.2,1287.4,1245.5,16045.6,80.2
2025-05-03,9,cloudy,25.2,1754.3,1426.8,16373.1,81.9
2025-05-03,10,cloudy,25.2,2181.2,1389.6,17164.7,85.8
2025-05-03,11,cloudy,25.2,2669.4,743.7,19090.4,95.5
2025-05-03,12,cloudy,25.2,2584.0,388.3,20000.0,100.0
2025-05-03,13,cloudy,25.2,2764.8,238.2,20000.0,100.0
2025-05-03,14,cloudy,25.2,2637.5,207.0,20000.0,100.0
2025-05-03,15,cloudy,25.2,2044.1,283.9,20000.0,100.0
2025-05-03,16,cloudy,25.2,1686.8,807.4,20000.0,100.0
2025-05-03,17,cloudy,25.2,1233.8,1476.2,19757.6,98.8
2025-05-03,18,cloudy,25.2,635.8,2053.3,18340.1,91.7
2025-05-03,19,cloudy,25.2,0.0,1411.2,16928.9,84.6
2025-05-04,6,cloudy,23.8,0.0,336.9,16592.0,83.0
2025-05-04,7,cloudy,23.8,617.2,793.6,16415.6,82.1
2025-05-04,8,cloudy,23.8,1090.5,1126.4,16379.7,81.9
2025-05-04,9,cloudy,23.8,1765.5,1569.1,16576.1,82.9
2025-05-04,10,cloudy,23.8,2090.4,1101.9,17564.6,87.8
2025-05-04,11,cloudy,23.8,2249.1,728.2,19085.5,95.4
2025-05-04,12,cloudy,23.8,2618.9,344.6,20000.0,100.0
2025-05-04,13,cloudy,23.8,2576.7,264.3,20000.0,100.0
2025-05-04,14,cloudy,23.8,2190.5,223.7,20000.0,100.0
2025-05-04,15,cloudy,23.8,1966.7,316.1,20000.0,100.0
2025-05-04,16,cloudy,23.8,1685.7,714.0,20000.0,100.0
2025-05-04,17,cloudy,23.8,1111.8,1684.4,19427.4,97.1
2025-05-04,18,cloudy,23.8,603.7,2143.0,17888.1,89.4
2025-05-04,19,cloudy,23.8,0.0,1458.2,16429.9,82.1
2025-05-05,6,cloudy,24.3,0.0,332.8,16097.1,80.5
2025-05-05,7,cloudy,24.3,573.6,753.0,15917.7,79.6
2025-05-05,8,cloudy,24.3,1070.5,1431.6,15556.6,77.8
2025-05-05,9,cloudy,24.3,1649.3,1407.4,15798.5,79.0
2025-05-05,10,cloudy,24.3,2001.9,1251.0,16549.4,82.7
2025-05-05,11,cloudy,24.3,2377.9,670.3,18257.0,91.3
2025-05-05,12,cloudy,24.3,2265.3,365.4,20000.0,100.0
2025-05-05,13,cloudy,24.3,2261.0,267.9,20000.0,100.0
2025-05-05,14,cloudy,24.3,2201.7,219.6,20000.0,100.0
2025-05-05,15,cloudy,24.3,1945.5,360.9,20000.0,100.0
2025-05-05,16,cloudy,24.3,1636.5,731.9,20000.0,100.0
2025-05-05,17,cloudy,24.3,1061.8,1445.2,19616.6,98.1
2025-05-05,18,cloudy,24.3,598.1,2276.1,17938.6,89.7
2025-05-05,19,cloudy,24.3,0.0,1780.7,16157.9,80.8
2025-05-06,6,sunny,27.9,0.0,331.1,15826.8,79.1
2025-05-06,7,sunny,27.9,914.2,709.3,16031.7,80.2
2025-05-06,8,sunny,27.9,1905.8,1229.9,16707.6,83.5
2025-05-06,9,sunny,27.9,2669.9,1721.8,17655.7,88.3
2025-05-06,10,sunny,27.9,3242.1,1462.2,19435.6,97.2
2025-05-06,11,sunny,27.9,3539.8,709.8,20000.0,100.0
2025-05-06,12,sunny,27.9,3613.4,348.5,20000.0,100.0
2025-05-06,13,sunny,27.9,4035.0,252.5,20000.0,100.0
2025-05-06,14,sunny,27.9,3503.1,220.3,20000.0,100.0
2025-05-06,15,sunny,27.9,3153.2,345.9,20000.0,100.0
2025-05-06,16,sunny,27.9,2463.0,792.6,20000.0,100.0
2025-05-06,17,sunny,27.9,1820.3,1745.1,20000.0,100.0
2025-05-06,18,sunny,27.9,883.8,2236.1,18647.7,93.2
2025-05-06,19,sunny,27.9,0.0,1540.9,17106.8,85.5
2025-05-07,6,sunny,26.8,0.0,415.8,16691.0,83.5
2025-05-07,7,sunny,26.8,842.8,758.7,16775.1,83.9
2025-05-07,8,sunny,26.8,1888.2,1317.1,17346.2,86.7
2025-05-07,9,sunny,26.8,2623.6,1656.0,18313.8,91.6
2025-05-07,10,sunny,26.8,3247.7,1365.6,20000.0,100.0
2025-05-07,11,sunny,26.8,3639.8,677.4,20000.0,100.0
2025-05-07,12,sunny,26.8,3893.7,345.9,20000.0,100.0
2025-05-07,13,sunny,26.8,4031.6,234.9,20000.0,100.0
2025-05-07,14,sunny,26.8,3392.6,268.0,20000.0,100.0
2025-05-07,15,sunny,26.8,2989.1,312.7,20000.0,100.0
2025-05-07,16,sunny,26.8,2590.4,663.6,20000.0,100.0
2025-05-07,17,sunny,26.8,1665.2,1607.7,20000.0,100.0
2025-05-07,18,sunny,26.8,869.3,1990.5,18878.8,94.4
2025-05-07,19,sunny,26.8,0.0,1551.6,17327.2,86.6
2025-05-08,6,cloudy,24.9,0.0,391.6,16935.6,84.7
2025-05-08,7,cloudy,24.9,717.3,700.6,16952.3,84.8
2025-05-08,8,cloudy,24.9,1576.9,1343.4,17185.8,85.9
2025-05-08,9,cloudy,24.9,2099.2,1600.8,17684.2,88.4
2025-05-08,10,cloudy,24.9,2522.5,1433.7,18773.0,93.9
2025-05-08,11,cloudy,24.9,3191.7,832.6,20000.0,100.0
2025-05-08,12,cloudy,24.9,3050.4,355.9,20000.0,100.0
2025-05-08,13,cloudy,24.9,3019.4,242.1,20000.0,100.0
2025-05-08,14,cloudy,24.9,2923.4,252.9,20000.0,100.0
2025-05-08,15,cloudy,24.9,2515.0,369.2,20000.0,100.0
2025-05-08,16,cloudy,24.9,1998.1,633.0,20000.0,100.0
2025-05-08,17,cloudy,24.9,1572.8,1721.3,19851.5,99.3
2025-05-08,18,cloudy,24.9,750.9,2234.7,18367.7,91.8
2025-05-08,19,cloudy,24.9,0.0,1460.8,16906.9,84.5
2025-05-09,6,cloudy,24.9,0.0,347.0,16559.9,82.8
2025-05-09,7,cloudy,24.9,792.2,804.4,16547.7,82.7
2025-05-09,8,cloudy,24.9,1423.8,1137.1,16834.4,84.2
2025-05-09,9,cloudy,24.9,2121.6,1759.2,17196.8,86.0
2025-05-09,10,cloudy,24.9,2719.4,1397.1,18519.1,92.6
2025-05-09,11,cloudy,24.9,2974.4,685.6,20000.0,100.0
2025-05-09,12,cloudy,24.9,3221.5,345.5,20000.0,100.0
2025-05-09,13,cloudy,24.9,3317.4,234.7,20000.0,100.0
2025-05-09,14,cloudy,24.9,2922.6,244.8,20000.0,100.0
2025-05-09,15,cloudy,24.9,2652.3,339.5,20000.0,100.0
2025-05-09,16,cloudy,24.9,2120.9,840.3,20000.0,100.0
2025-05-09,17,cloudy,24.9,1579.3,1815.3,19764.0,98.8
2025-05-09,18,cloudy,24.9,788.2,2271.3,18280.9,91.4
2025-05-09,19,cloudy,24.9,0.0,1598.1,16682.8,83.4
2025-05-10,6,cloudy,22.6,0.0,324.6,16358.2,81.8
2025-05-10,7,cloudy,22.6,792.2,646.5,16503.9,82.5
2025-05-10,8,cloudy,22.6,1465.0,1369.3,16599.6,83.0
2025-05-10,9,cloudy,22.6,1985.8,1827.2,16758.2,83.8
2025-05-10,10,cloudy,22.6,2461.4,1476.3,17743.3,88.7
2025-05-10,11,cloudy,22.6,3055.2,690.2,20000.0,100.0
2025-05-10,12,cloudy,22.6,2950.1,359.9,20000.0,100.0
2025-05-10,13,cloudy,22.6,3068.7,239.7,20000.0,100.0
2025-05-10,14,cloudy,22.6,3161.8,225.6,20000.0,100.0
2025-05-10,15,cloudy,22.6,2716.1,297.2,20000.0,100.0
2025-05-10,16,cloudy,22.6,2236.4,688.2,20000.0,100.0
2025-05-10,17,cloudy,22.6,1441.9,1666.5,19775.4,98.9
2025-05-10,18,cloudy,22.6,707.7,2401.8,18081.3,90.4
2025-05-10,19,cloudy,22.6,0.0,1661.9,16419.4,82.1
2025-05-11,6,cloudy,21.5,0.0,344.7,16074.7,80.4
2025-05-11,7,cloudy,21.5,642.3,707.3,16009.7,80.0
2025-05-11,8,cloudy,21.5,1244.0,1498.3,15755.4,78.8
2025-05-11,9,cloudy,21.5,1881.4,1702.0,15934.8,79.7
2025-05-11,10,cloudy,21.5,2279.2,1240.7,16973.3,84.9
2025-05-11,11,cloudy,21.5,2648.8,705.5,18916.6,94.6
2025-05-11,12,cloudy,21.5,2743.2,377.3,20000.0,100.0
2025-05-11,13,cloudy,21.5,2813.3,298.6,20000.0,100.0
2025-05-11,14,cloudy,21.5,2534.8,245.8,20000.0,100.0
2025-05-11,15,cloudy,21.5,2204.6,317.7,20000.0,100.0
2025-05-11,16,cloudy,21.5,1940.4,680.0,20000.0,100.0
2025-05-11,17,cloudy,21.5,1332.3,1604.4,19727.9,98.6
2025-05-11,18,cloudy,21.5,630.9,2490.1,17868.7,89.3
2025-05-11,19,cloudy,21.5,0.0,1785.7,16083.0,80.4
2025-05-12,6,cloudy,22.3,0.0,374.4,15708.6,78.5
2025-05-12,7,cloudy,22.3,607.6,720.1,15596.1,78.0
2025-05-12,8,cloudy,22.3,1111.0,1534.6,15172.5,75.9
2025-05-12,9,cloudy,22.3,1633.0,1742.6,15062.9,75.3
2025-05-12,10,cloudy,22.3,2053.8,1467.7,15649.0,78.2
2025-05-12,11,cloudy,22.3,2410.1,769.8,17289.3,86.4
2025-05-12,12,cloudy,22.3,2347.3,329.5,19307.1,96.5
2025-05-12,13,cloudy,22.3,2466.6,287.5,20000.0,100.0
2025-05-12,14,cloudy,22.3,2265.7,222.9,20000.0,100.0
2025-05-12,15,cloudy,22.3,1944.0,335.2,20000.0,100.0
2025-05-12,16,cloudy,22.3,1703.0,682.6,20000.0,100.0
2025-05-12,17,cloudy,22.3,1154.3,1779.0,19375.3,96.9
2025-05-12,18,cloudy,22.3,623.5,1959.6,18039.2,90.2
2025-05-12,19,cloudy,22.3,0.0,1703.7,16335.5,81.7
2025-05-13,6,cloudy,25.2,0.0,400.5,15935.0,79.7
2025-05-13,7,cloudy,25.2,576.0,743.5,15767.5,78.8
2025-05-13,8,cloudy,25.2,1162.3,1363.7,15566.1,77.8
2025-05-13,9,cloudy,25.2,1528.9,1626.6,15468.4,77.3
2025-05-13,10,cloudy,25.2,1951.5,1510.4,15909.5,79.5
2025-05-13,11,cloudy,25.2,2489.3,713.4,17685.4,88.4
2025-05-13,12,cloudy,25.2,2339.3,353.8,19670.9,98.4
2025-05-13,13,cloudy,25.2,2453.9,292.7,20000.0,100.0
2025-05-13,14,cloudy,25.2,2319.3,215.8,20000.0,100.0
2025-05-13,15,cloudy,25.2,1896.9,308.4,20000.0,100.0
2025-05-13,16,cloudy,25.2,1731.6,788.4,20000.0,100.0
2025-05-13,17,cloudy,25.2,1163.9,1570.9,19593.0,98.0
2025-05-13,18,cloudy,25.2,632.8,2112.0,18113.8,90.6
2025-05-13,19,cloudy,25.2,0.0,1858.4,16255.4,81.3
2025-05-14,6,rainy,23.8,0.0,406.6,15848.8,79.2
2025-05-14,7,rainy,23.8,256.9,756.7,15349.0,76.7
2025-05-14,8,rainy,23.8,509.5,1171.9,14686.6,73.4
2025-05-14,9,rainy,23.8,702.0,1576.9,13811.7,69.1
2025-05-14,10,rainy,23.8,956.2,1330.8,13437.1,67.2
2025-05-14,11,rainy,23.8,1039.0,875.0,13601.1,68.0
2025-05-14,12,rainy,23.8,1214.7,344.6,14471.2,72.4
2025-05-14,13,rainy,23.8,1122.9,276.2,15317.9,76.6
2025-05-14,14,rainy,23.8,1110.1,240.1,16187.9,80.9
2025-05-14,15,rainy,23.8,979.0,299.4,16867.5,84.3
2025-05-14,16,rainy,23.8,740.3,813.9,16793.9,84.0
2025-05-14,17,rainy,23.8,542.9,1837.8,15499.0,77.5
2025-05-14,18,rainy,23.8,255.2,2016.8,13737.4,68.7
2025-05-14,19,rainy,23.8,0.0,1514.8,12222.6,61.1
2025-05-15,6,cloudy,24.0,0.0,408.4,11814.2,59.1
2025-05-15,7,cloudy,24.0,634.6,652.0,11796.8,59.0
2025-05-15,8,cloudy,24.0,1288.1,1174.0,11910.9,59.6
2025-05-15,9,cloudy,24.0,1890.9,1432.8,12369.0,61.8
2025-05-15,10,cloudy,24.0,2232.1,1515.7,13085.4,65.4
2025-05-15,11,cloudy,24.0,2552.2,791.1,14846.5,74.2
2025-05-15,12,cloudy,24.0,2754.7,345.8,17255.4,86.3
2025-05-15,13,cloudy,24.0,2751.9,295.9,19711.4,98.6
2025-05-15,14,cloudy,24.0,2708.2,247.0,20000.0,100.0
2025-05-15,15,cloudy,24.0,2168.5,364.7,20000.0,100.0
2025-05-15,16,cloudy,24.0,1801.9,711.9,20000.0,100.0
2025-05-15,17,cloudy,24.0,1191.2,1510.8,19680.4,98.4
2025-05-15,18,cloudy,24.0,642.0,2023.3,18299.1,91.5
2025-05-15,19,cloudy,24.0,0.0,1451.4,16847.7,84.2
2025-05-16,6,cloudy,26.0,0.0,386.0,16461.7,82.3
2025-05-16,7,cloudy,26.0,712.0,876.6,16297.1,81.5
2025-05-16,8,cloudy,26.0,1530.1,1322.6,16504.6,82.5
2025-05-16,9,cloudy,26.0,2037.3,1617.1,16924.8,84.6
2025-05-16,10,cloudy,26.0,2367.4,1276.9,18015.3,90.1
2025-05-16,11,cloudy,26.0,2727.4,677.9,20000.0,100.0
2025-05-16,12,cloudy,26.0,3103.0,344.6,20000.0,100.0
2025-05-16,13,cloudy,26.0,2886.4,265.3,20000.0,100.0
2025-05-16,14,cloudy,26.0,2869.8,225.1,20000.0,100.0
2025-05-16,15,cloudy,26.0,2354.3,309.2,20000.0,100.0
2025-05-16,16,cloudy,26.0,1970.1,840.9,20000.0,100.0
2025-05-16,17,cloudy,26.0,1531.1,1637.0,19894.1,99.5
2025-05-16,18,cloudy,26.0,730.3,2399.8,18224.6,91.1
2025-05-16,19,cloudy,26.0,0.0,1524.9,16699.7,83.5
2025-05-17,6,cloudy,24.9,0.0,350.9,16348.8,81.7
2025-05-17,7,cloudy,24.9,844.4,728.3,16464.9,82.3
2025-05-17,8,cloudy,24.9,1631.5,1351.7,16744.7,83.7
2025-05-17,9,cloudy,24.9,2473.6,1692.5,17525.8,87.6
2025-05-17,10,cloudy,24.9,2861.6,1204.8,19182.6,95.9
2025-05-17,11,cloudy,24.9,3576.4,768.5,20000.0,100.0
2025-05-17,12,cloudy,24.9,3374.2,365.0,20000.0,100.0
2025-05-17,13,cloudy,24.9,3787.1,288.3,20000.0,100.0
2025-05-17,14,cloudy,24.9,3604.6,261.5,20000.0,100.0
2025-05-17,15,cloudy,24.9,2963.7,334.6,20000.0,100.0
2025-05-17,16,cloudy,24.9,2302.9,810.1,20000.0,100.0
2025-05-17,17,cloudy,24.9,1715.8,1517.1,20000.0,100.0
2025-05-17,18,cloudy,24.9,923.9,2177.0,18746.9,93.7
2025-05-17,19,cloudy,24.9,0.0,1604.9,17142.0,85.7
2025-05-18,6,rainy,24.2,0.0,449.5,16692.5,83.5
2025-05-18,7,rainy,24.2,429.7,852.7,16269.5,81.3
2025-05-18,8,rainy,24.2,832.5,1325.4,15776.6,78.9
2025-05-18,9,rainy,24.2,1170.0,1734.9,15211.7,76.1
2025-05-18,10,rainy,24.2,1444.1,1241.3,15414.5,77.1
2025-05-18,11,rainy,24.2,1643.6,883.5,16174.6,80.9
2025-05-18,12,rainy,24.2,1633.9,453.1,17355.4,86.8
2025-05-18,13,rainy,24.2,1653.5,245.1,18763.8,93.8
2025-05-18,14,rainy,24.2,1492.4,276.6,19979.6,99.9
2025-05-18,15,rainy,24.2,1408.7,323.8,20000.0,100.0
2025-05-18,16,rainy,24.2,1144.4,739.3,20000.0,100.0
2025-05-18,17,rainy,24.2,782.6,1885.1,18897.5,94.5
2025-05-18,18,rainy,24.2,416.7,2456.1,16858.1,84.3
2025-05-18,19,rainy,24.2,0.0,1950.8,14907.3,74.5
2025-05-19,6,sunny,26.7,0.0,403.7,14503.6,72.5
2025-05-19,7,sunny,26.7,946.3,833.3,14616.6,73.1
2025-05-19,8,sunny,26.7,1760.3,1178.4,15198.5,76.0
2025-05-19,9,sunny,26.7,2629.5,1958.2,15869.8,79.3
2025-05-19,10,sunny,26.7,3097.2,1249.5,17717.5,88.6
2025-05-19,11,sunny,26.7,3511.7,763.0,20000.0,100.0
2025-05-19,12,sunny,26.7,3710.0,379.0,20000.0,100.0
2025-05-19,13,sunny,26.7,3939.9,258.0,20000.0,100.0
2025-05-19,14,sunny,26.7,3575.6,220.7,20000.0,100.0
2025-05-19,15,sunny,26.7,3403.9,335.6,20000.0,100.0
2025-05-19,16,sunny,26.7,2508.9,685.1,20000.0,100.0
2025-05-19,17,sunny,26.7,1843.3,1894.3,19949.0,99.7
2025-05-19,18,sunny,26.7,864.4,2043.9,18769.5,93.8
2025-05-19,19,sunny,26.7,0.0,1760.3,17009.2,85.0
2025-05-20,6,rainy,22.2,0.0,430.9,16578.3,82.9
2025-05-20,7,rainy,22.2,529.7,724.4,16383.6,81.9
2025-05-20,8,rainy,22.2,939.9,1327.5,15996.0,80.0
2025-05-20,9,rainy,22.2,1475.0,1811.2,15659.8,78.3
2025-05-20,10,rainy,22.2,1800.9,1523.7,15937.0,79.7
2025-05-20,11,rainy,22.2,1926.8,746.3,17117.5,85.6
2025-05-20,12,rainy,22.2,1969.1,443.2,18643.4,93.2
2025-05-20,13,rainy,22.2,2145.2,255.3,20000.0,100.0
2025-05-20,14,rainy,22.2,1863.0,274.4,20000.0,100.0
2025-05-20,15,rainy,22.2,1823.3,364.1,20000.0,100.0
2025-05-20,16,rainy,22.2,1350.5,883.1,20000.0,100.0
2025-05-20,17,rainy,22.2,1030.3,1796.9,19233.4,96.2
2025-05-20,18,rainy,22.2,522.5,2576.5,17179.4,85.9
2025-05-20,19,rainy,22.2,0.0,1764.9,15414.5,77.1
2025-05-21,6,cloudy,27.1,0.0,418.2,14996.3,75.0
2025-05-21,7,cloudy,27.1,529.0,703.0,14822.3,74.1
2025-05-21,8,cloudy,27.1,1166.5,1553.7,14435.1,72.2
2025-05-21,9,cloudy,27.1,1676.9,1681.7,14430.3,72.2
2025-05-21,10,cloudy,27.1,2030.9,1530.2,14931.0,74.7
2025-05-21,11,cloudy,27.1,2148.1,703.8,16375.3,81.9
2025-05-21,12,cloudy,27.1,2526.7,344.4,18557.6,92.8
2025-05-21,13,cloudy,27.1,2382.3,285.3,20000.0,100.0
2025-05-21,14,cloudy,27.1,2272.6,239.4,20000.0,100.0
2025-05-21,15,cloudy,27.1,2012.2,318.8,20000.0,100.0
2025-05-21,16,cloudy,27.1,1647.3,722.8,20000.0,100.0
2025-05-21,17,cloudy,27.1,1132.1,1870.1,19262.0,96.3
2025-05-21,18,cloudy,27.1,538.8,2126.8,17674.0,88.4
2025-05-21,19,cloudy,27.1,0.0,1509.5,16164.5,80.8
2025-05-22,6,cloudy,24.7,0.0,410.1,15754.4,78.8
2025-05-22,7,cloudy,24.7,754.9,904.7,15604.6,78.0
2025-05-22,8,cloudy,24.7,1483.3,1371.5,15716.4,78.6
2025-05-22,9,cloudy,24.7,2099.5,1629.4,16186.5,80.9
2025-05-22,10,cloudy,24.7,2570.7,1478.1,17279.1,86.4
2025-05-22,11,cloudy,24.7,2789.1,834.3,19233.9,96.2
2025-05-22,12,cloudy,24.7,3039.9,388.7,20000.0,100.0
2025-05-22,13,cloudy,24.7,3013.1,278.6,20000.0,100.0
2025-05-22,14,cloudy,24.7,3107.0,248.2,20000.0,100.0
2025-05-22,15,cloudy,24.7,2504.8,321.3,20000.0,100.0
2025-05-22,16,cloudy,24.7,2232.6,737.6,20000.0,100.0
2025-05-22,17,cloudy,24.7,1554.7,1643.6,19911.1,99.6
2025-05-22,18,cloudy,24.7,731.4,2476.8,18165.7,90.8
2025-05-22,19,cloudy,24.7,0.0,1487.9,16677.8,83.4
2025-05-23,6,rainy,24.5,0.0,390.5,16287.3,81.4
2025-05-23,7,rainy,24.5,515.2,862.7,15939.8,79.7
2025-05-23,8,rainy,24.5,925.9,1588.0,15277.7,76.4
2025-05-23,9,rainy,24.5,1462.0,1968.9,14770.8,73.9
2025-05-23,10,rainy,24.5,1861.2,1586.0,15046.0,75.2
2025-05-23,11,rainy,24.5,2047.5,760.7,16332.8,81.7
2025-05-23,12,rainy,24.5,2121.7,423.7,18030.8,90.2
2025-05-23,13,rainy,24.5,2116.5,294.7,19852.6,99.3
2025-05-23,14,rainy,24.5,1889.5,286.5,20000.0,100.0
2025-05-23,15,rainy,24.5,1693.8,398.4,20000.0,100.0
2025-05-23,16,rainy,24.5,1354.1,707.8,20000.0,100.0
2025-05-23,17,rainy,24.5,1050.1,1905.4,19144.7,95.7
2025-05-23,18,rainy,24.5,535.0,2650.9,17028.8,85.1
2025-05-23,19,rainy,24.5,0.0,1909.5,15119.3,75.6
2025-05-24,6,rainy,23.0,0.0,346.1,14773.2,73.9
2025-05-24,7,rainy,23.0,432.8,857.5,14348.5,71.7
2025-05-24,8,rainy,23.0,789.4,1594.7,13543.2,67.7
2025-05-24,9,rainy,23.0,1191.3,1574.1,13160.4,65.8
2025-05-24,10,rainy,23.0,1504.7,1281.4,13383.7,66.9
2025-05-24,11,rainy,23.0,1559.7,842.6,14100.8,70.5
2025-05-24,12,rainy,23.0,1668.8,358.3,15411.3,77.1
2025-05-24,13,rainy,23.0,1840.7,239.8,17012.2,85.1
2025-05-24,14,rainy,23.0,1751.7,285.1,18478.8,92.4
2025-05-24,15,rainy,23.0,1390.5,355.1,19514.2,97.6
2025-05-24,16,rainy,23.0,1112.2,831.8,19794.6,99.0
2025-05-24,17,rainy,23.0,775.1,1979.9,18589.8,92.9
2025-05-24,18,rainy,23.0,408.7,2467.9,16530.6,82.7
2025-05-24,19,rainy,23.0,0.0,1594.7,14935.9,74.7
2025-05-25,6,cloudy,25.5,0.0,350.1,14585.8,72.9
2025-05-25,7,cloudy,25.5,630.6,765.8,14450.6,72.3
2025-05-25,8,cloudy,25.5,1299.2,1581.5,14168.3,70.8
2025-05-25,9,cloudy,25.5,2013.0,1949.8,14231.5,71.2
2025-05-25,10,cloudy,25.5,2220.3,1380.8,15071.0,75.4
2025-05-25,11,cloudy,25.5,2770.0,756.7,17084.3,85.4
2025-05-25,12,cloudy,25.5,2904.9,375.9,19613.3,98.1
2025-05-25,13,cloudy,25.5,2756.7,308.0,20000.0,100.0
2025-05-25,14,cloudy,25.5,2566.6,299.7,20000.0,100.0
2025-05-25,15,cloudy,25.5,2279.2,304.0,20000.0,100.0
2025-05-25,16,cloudy,25.5,1821.5,724.3,20000.0,100.0
2025-05-25,17,cloudy,25.5,1327.9,1550.8,19777.1,98.9
2025-05-25,18,cloudy,25.5,696.4,2614.3,17859.2,89.3
2025-05-25,19,cloudy,25.5,0.0,1580.2,16279.0,81.4
2025-05-26,6,cloudy,25.5,0.0,360.9,15918.1,79.6
2025-05-26,7,cloudy,25.5,610.0,797.7,15730.4,78.7
2025-05-26,8,cloudy,25.5,1146.5,1257.9,15619.0,78.1
2025-05-26,9,cloudy,25.5,1805.1,1586.9,15837.2,79.2
2025-05-26,10,cloudy,25.5,1987.3,1273.0,16551.5,82.8
2025-05-26,11,cloudy,25.5,2395.4,791.8,18155.1,90.8
2025-05-26,12,cloudy,25.5,2419.1,401.2,20000.0,100.0
2025-05-26,13,cloudy,25.5,2583.2,260.9,20000.0,100.0
2025-05-26,14,cloudy,25.5,2521.2,248.9,20000.0,100.0
2025-05-26,15,cloudy,25.5,1989.0,404.9,20000.0,100.0
2025-05-26,16,cloudy,25.5,1761.0,769.1,20000.0,100.0
2025-05-26,17,cloudy,25.5,1239.7,1772.5,19467.2,97.3
2025-05-26,18,cloudy,25.5,592.3,2600.9,17458.6,87.3
2025-05-26,19,cloudy,25.5,0.0,1655.6,15803.0,79.0
2025-05-27,6,cloudy,21.6,0.0,468.8,15334.2,76.7
2025-05-27,7,cloudy,21.6,809.6,832.8,15311.0,76.6
2025-05-27,8,cloudy,21.6,1584.2,1452.5,15442.7,77.2
2025-05-27,9,cloudy,21.6,2154.4,2015.3,15581.8,77.9
2025-05-27,10,cloudy,21.6,2814.8,1504.2,16892.4,84.5
2025-05-27,11,cloudy,21.6,3117.4,757.5,19252.3,96.3
2025-05-27,12,cloudy,21.6,3109.5,393.2,20000.0,100.0
2025-05-27,13,cloudy,21.6,3166.8,294.1,20000.0,100.0
2025-05-27,14,cloudy,21.6,3322.2,249.7,20000.0,100.0
2025-05-27,15,cloudy,21.6,2692.0,376.2,20000.0,100.0
2025-05-27,16,cloudy,21.6,2106.2,915.1,20000.0,100.0
2025-05-27,17,cloudy,21.6,1527.6,1558.5,19969.1,99.8
2025-05-27,18,cloudy,21.6,763.3,2678.7,18053.7,90.3
2025-05-27,19,cloudy,21.6,0.0,1856.5,16197.2,81.0
2025-05-28,6,cloudy,23.1,0.0,369.9,15827.3,79.1
2025-05-28,7,cloudy,23.1,506.7,812.8,15521.2,77.6
2025-05-28,8,cloudy,23.1,1121.9,1362.1,15281.0,76.4
2025-05-28,9,cloudy,23.1,1429.5,2029.9,14680.6,73.4
2025-05-28,10,cloudy,23.1,1933.0,1588.3,15025.3,75.1
2025-05-28,11,cloudy,23.1,2220.9,860.8,16385.4,81.9
2025-05-28,12,cloudy,23.1,2229.6,391.8,18223.2,91.1
2025-05-28,13,cloudy,23.1,2345.7,300.0,20000.0,100.0
2025-05-28,14,cloudy,23.1,2286.2,272.0,20000.0,100.0
2025-05-28,15,cloudy,23.1,1822.4,358.3,20000.0,100.0
2025-05-28,16,cloudy,23.1,1542.8,796.4,20000.0,100.0
2025-05-28,17,cloudy,23.1,1110.2,1823.2,19287.0,96.4
2025-05-28,18,cloudy,23.1,505.9,2431.2,17361.7,86.8
2025-05-28,19,cloudy,23.1,0.0,1999.6,15362.1,76.8
2025-05-29,6,cloudy,25.2,0.0,419.3,14942.8,74.7
2025-05-29,7,cloudy,25.2,662.5,913.3,14692.0,73.5
2025-05-29,8,cloudy,25.2,1465.2,1464.2,14693.0,73.5
2025-05-29,9,cloudy,25.2,1983.7,1544.7,15132.0,75.7
2025-05-29,10,cloudy,25.2,2477.5,1412.7,16196.8,81.0
2025-05-29,11,cloudy,25.2,2862.1,705.2,18353.7,91.8
2025-05-29,12,cloudy,25.2,3039.5,388.8,20000.0,100.0
2025-05-29,13,cloudy,25.2,3012.7,293.7,20000.0,100.0
2025-05-29,14,cloudy,25.2,2656.4,262.9,20000.0,100.0
2025-05-29,15,cloudy,25.2,2566.7,372.5,20000.0,100.0
2025-05-29,16,cloudy,25.2,1836.1,803.8,20000.0,100.0
2025-05-29,17,cloudy,25.2,1338.3,1861.8,19476.5,97.4
2025-05-29,18,cloudy,25.2,722.2,2040.5,18158.2,90.8
2025-05-29,19,cloudy,25.2,0.0,1911.7,16246.5,81.2
2025-05-30,6,cloudy,23.1,0.0,407.3,15839.2,79.2
2025-05-30,7,cloudy,23.1,657.0,800.1,15696.1,78.5
2025-05-30,8,cloudy,23.1,1253.3,1281.5,15667.9,78.3
2025-05-30,9,cloudy,23.1,1964.4,1661.5,15970.8,79.9
2025-05-30,10,cloudy,23.1,2453.6,1253.2,17171.2,85.9
2025-05-30,11,cloudy,23.1,2725.8,792.9,19104.1,95.5
2025-05-30,12,cloudy,23.1,2997.3,452.7,20000.0,100.0
2025-05-30,13,cloudy,23.1,2811.5,294.6,20000.0,100.0
2025-05-30,14,cloudy,23.1,2586.6,275.4,20000.0,100.0
2025-05-30,15,cloudy,23.1,2223.2,355.5,20000.0,100.0
2025-05-30,16,cloudy,23.1,1821.3,915.9,20000.0,100.0
2025-05-30,17,cloudy,23.1,1330.5,1842.6,19487.9,97.4
2025-05-30,18,cloudy,23.1,676.2,2250.0,17914.1,89.6
2025-05-30,19,cloudy,23.1,0.0,2015.3,15898.8,79.5
2025-05-31,6,cloudy,23.8,0.0,408.7,15490.1,77.5
2025-05-31,7,cloudy,23.8,703.8,830.2,15363.7,76.8
2025-05-31,8,cloudy,23.8,1392.8,1329.3,15427.2,77.1
2025-05-31,9,cloudy,23.8,2170.9,1665.8,15932.3,79.7
2025-05-31,10,cloudy,23.8,2773.0,1524.7,17180.6,85.9
2025-05-31,11,cloudy,23.8,3123.2,851.6,19452.2,97.3
2025-05-31,12,cloudy,23.8,3333.7,401.6,20000.0,100.0
2025-05-31,13,cloudy,23.8,3178.5,286.8,20000.0,100.0
2025-05-31,14,cloudy,23.8,3155.9,242.9,20000.0,100.0
2025-05-31,15,cloudy,23.8,2646.7,392.0,20000.0,100.0
2025-05-31,16,cloudy,23.8,2065.2,916.0,20000.0,100.0
2025-05-31,17,cloudy,23.8,1448.0,1624.9,19823.1,99.1
2025-05-31,18,cloudy,23.8,770.3,2355.2,18238.2,91.2
2025-05-31,19,cloudy,23.8,0.0,1569.0,16669.2,83.3
2025-06-01,6,cloudy,23.7,0.0,426.6,16242.6,81.2
2025-06-01,7,cloudy,23.7,519.5,835.3,15926.8,79.6
2025-06-01,8,cloudy,23.7,1132.7,1571.8,15487.7,77.4
2025-06-01,9,cloudy,23.7,1483.2,1600.8,15370.1,76.9
2025-06-01,10,cloudy,23.7,2019.2,1617.7,15771.6,78.9
2025-06-01,11,cloudy,23.7,2012.5,907.0,16877.1,84.4
2025-06-01,12,cloudy,23.7,2152.0,365.7,18663.4,93.3
2025-06-01,13,cloudy,23.7,2385.5,289.7,20000.0,100.0
2025-06-01,14,cloudy,23.7,2132.4,304.1,20000.0,100.0
2025-06-01,15,cloudy,23.7,2001.2,317.2,20000.0,100.0
2025-06-01,16,cloudy,23.7,1559.9,896.2,20000.0,100.0
2025-06-01,17,cloudy,23.7,1082.3,2071.5,19010.8,95.1
2025-06-01,18,cloudy,23.7,568.9,2135.3,17444.4,87.2
2025-06-01,19,cloudy,23.7,0.0,1986.4,15458.0,77.3
2025-06-02,6,cloudy,22.4,0.0,456.0,15002.0,75.0
2025-06-02,7,cloudy,22.4,794.9,722.9,15074.0,75.4
2025-06-02,8,cloudy,22.4,1753.4,1601.0,15226.4,76.1
2025-06-02,9,cloudy,22.4,2499.3,1894.1,15831.6,79.2
2025-06-02,10,cloudy,22.4,2849.8,1647.6,17033.8,85.2
2025-06-02,11,cloudy,22.4,3225.6,774.4,19485.0,97.4
2025-06-02,12,cloudy,22.4,3744.1,445.5,20000.0,100.0
2025-06-02,13,cloudy,22.4,3749.2,258.1,20000.0,100.0
2025-06-02,14,cloudy,22.4,3560.3,281.6,20000.0,100.0
2025-06-02,15,cloudy,22.4,3005.6,413.0,20000.0,100.0
2025-06-02,16,cloudy,22.4,2317.4,886.9,20000.0,100.0
2025-06-02,17,cloudy,22.4,1690.1,1974.0,19716.1,98.6
2025-06-02,18,cloudy,22.4,904.0,2565.0,18055.1,90.3
2025-06-02,19,cloudy,22.4,0.0,1644.4,16410.7,82.1
2025-06-03,6,cloudy,26.2,0.0,365.4,16045.3,80.2
2025-06-03,7,cloudy,26.2,536.2,898.9,15682.6,78.4
2025-06-03,8,cloudy,26.2,1101.6,1291.7,15492.5,77.5
2025-06-03,9,cloudy,26.2,1538.5,1625.0,15406.0,77.0
2025-06-03,10,cloudy,26.2,1875.8,1359.7,15922.1,79.6
2025-06-03,11,cloudy,26.2,1986.7,728.8,17180.0,85.9
2025-06-03,12,cloudy,26.2,2408.2,455.6,19132.6,95.7
2025-06-03,13,cloudy,26.2,2415.5,286.5,20000.0,100.0
2025-06-03,14,cloudy,26.2,2104.9,261.9,20000.0,100.0
2025-06-03,15,cloudy,26.2,1911.4,352.5,20000.0,100.0
2025-06-03,16,cloudy,26.2,1570.3,911.2,20000.0,100.0
2025-06-03,17,cloudy,26.2,1121.6,1684.1,19437.5,97.2
2025-06-03,18,cloudy,26.2,548.3,2241.2,17744.6,88.7
2025-06-03,19,cloudy,26.2,0.0,1938.7,15805.9,79.0
2025-06-04,6,cloudy,21.2,0.0,489.6,15316.3,76.6
2025-06-04,7,cloudy,21.2,628.4,828.7,15116.0,75.6
2025-06-04,8,cloudy,21.2,1198.0,1367.3,14946.7,74.7
2025-06-04,9,cloudy,21.2,1677.4,2035.7,14588.4,72.9
2025-06-04,10,cloudy,21.2,2105.7,1619.8,15074.3,75.4
2025-06-04,11,cloudy,21.2,2268.9,917.8,16425.4,82.1
2025-06-04,12,cloudy,21.2,2493.7,379.2,18539.9,92.7
2025-06-04,13,cloudy,21.2,2278.8,314.0,20000.0,100.0
2025-06-04,14,cloudy,21.2,2325.9,276.3,20000.0,100.0
2025-06-04,15,cloudy,21.2,2134.3,388.2,20000.0,100.0
2025-06-04,16,cloudy,21.2,1592.4,817.6,20000.0,100.0
2025-06-04,17,cloudy,21.2,1152.5,1975.8,19176.7,95.9
2025-06-04,18,cloudy,21.2,589.8,2460.9,17305.6,86.5
2025-06-04,19,cloudy,21.2,0.0,1945.6,15360.0,76.8
2025-06-05,6,cloudy,24.6,0.0,429.8,14930.2,74.7
2025-06-05,7,cloudy,24.6,527.0,886.2,14571.0,72.9
2025-06-05,8,cloudy,24.6,1131.6,1498.1,14204.5,71.0
2025-06-05,9,cloudy,24.6,1633.2,1725.6,14112.1,70.6
2025-06-05,10,cloudy,24.6,1850.4,1420.9,14541.6,72.7
2025-06-05,11,cloudy,24.6,2172.8,890.5,15823.9,79.1
2025-06-05,12,cloudy,24.6,2463.6,456.4,17831.1,89.2
2025-06-05,13,cloudy,24.6,2221.9,279.9,19773.1,98.9
2025-06-05,14,cloudy,24.6,2087.5,291.3,20000.0,100.0
2025-06-05,15,cloudy,24.6,1864.2,374.9,20000.0,100.0
2025-06-05,16,cloudy,24.6,1632.8,886.1,20000.0,100.0
2025-06-05,17,cloudy,24.6,1061.1,1748.2,19312.9,96.6
2025-06-05,18,cloudy,24.6,577.2,2501.5,17388.6,86.9
2025-06-05,19,cloudy,24.6,0.0,2047.0,15341.6,76.7
2025-06-06,6,cloudy,25.7,0.0,414.0,14927.6,74.6
2025-06-06,7,cloudy,25.7,587.2,786.5,14728.3,73.6
2025-06-06,8,cloudy,25.7,1182.4,1476.9,14433.8,72.2
2025-06-06,9,cloudy,25.7,1769.9,2087.4,14116.3,70.6
2025-06-06,10,cloudy,25.7,1983.1,1314.6,14784.8,73.9
2025-06-06,11,cloudy,25.7,2458.0,970.0,16272.8,81.4
2025-06-06,12,cloudy,25.7,2639.8,368.5,18544.1,92.7
2025-06-06,13,cloudy,25.7,2404.2,252.7,20000.0,100.0
2025-06-06,14,cloudy,25.7,2470.8,283.8,20000.0,100.0
2025-06-06,15,cloudy,25.7,2076.9,379.8,20000.0,100.0
2025-06-06,16,cloudy,25.7,1606.3,872.2,20000.0,100.0
2025-06-06,17,cloudy,25.7,1085.8,1929.3,19156.5,95.8
2025-06-06,18,cloudy,25.7,624.4,2603.8,17177.1,85.9
2025-06-06,19,cloudy,25.7,0.0,2029.2,15147.9,75.7
2025-06-07,6,rainy,24.0,0.0,449.4,14698.5,73.5
2025-06-07,7,rainy,24.0,328.6,751.3,14275.8,71.4
2025-06-07,8,rainy,24.0,624.5,1349.7,13550.6,67.8
2025-06-07,9,rainy,24.0,937.8,1910.7,12577.7,62.9
2025-06-07,10,rainy,24.0,1109.7,1595.8,12091.6,60.5
2025-06-07,11,rainy,24.0,1282.2,800.2,12573.6,62.9
2025-06-07,12,rainy,24.0,1348.8,468.6,13453.8,67.3
2025-06-07,13,rainy,24.0,1508.4,293.4,14668.8,73.3
2025-06-07,14,rainy,24.0,1233.4,258.2,15644.0,78.2
2025-06-07,15,rainy,24.0,1106.4,413.8,16336.6,81.7
2025-06-07,16,rainy,24.0,880.9,968.9,16248.6,81.2
2025-06-07,17,rainy,24.0,668.5,1866.0,15051.1,75.3
2025-06-07,18,rainy,24.0,357.8,2133.5,13275.4,66.4
2025-06-07,19,rainy,24.0,0.0,1642.6,11632.8,58.2
2025-06-08,6,sunny,27.8,0.0,476.8,11156.0,55.8
2025-06-08,7,sunny,27.8,908.0,759.3,11304.7,56.5
2025-06-08,8,sunny,27.8,1988.7,1490.6,11802.8,59.0
2025-06-08,9,sunny,27.8,2872.6,1934.4,12741.0,63.7
2025-06-08,10,sunny,27.8,3431.5,1412.5,14760.0,73.8
2025-06-08,11,sunny,27.8,3610.3,969.5,17400.8,87.0
2025-06-08,12,sunny,27.8,3815.0,437.3,20000.0,100.0
2025-06-08,13,sunny,27.8,3919.9,274.4,20000.0,100.0
2025-06-08,14,sunny,27.8,3881.6,304.4,20000.0,100.0
2025-06-08,15,sunny,27.8,3511.1,418.5,20000.0,100.0
2025-06-08,16,sunny,27.8,2626.9,844.8,20000.0,100.0
2025-06-08,17,sunny,27.8,1758.0,2001.9,19756.1,98.8
2025-06-08,18,sunny,27.8,949.5,2542.3,18163.3,90.8
2025-06-08,19,sunny,27.8,0.0,2042.5,16120.8,80.6
2025-06-09,6,cloudy,24.0,0.0,499.6,15621.2,78.1
2025-06-09,7,cloudy,24.0,768.4,806.4,15583.2,77.9
2025-06-09,8,cloudy,24.0,1492.5,1407.2,15668.5,78.3
2025-06-09,9,cloudy,24.0,2233.0,1721.0,16180.5,80.9
2025-06-09,10,cloudy,24.0,2704.1,1583.4,17301.2,86.5
2025-06-09,11,cloudy,24.0,3284.7,904.7,19681.2,98.4
2025-06-09,12,cloudy,24.0,3364.1,389.3,20000.0,100.0
2025-06-09,13,cloudy,24.0,3477.2,255.3,20000.0,100.0
2025-06-09,14,cloudy,24.0,3009.9,243.3,20000.0,100.0
2025-06-09,15,cloudy,24.0,2819.8,363.4,20000.0,100.0
2025-06-09,16,cloudy,24.0,2266.9,817.8,20000.0,100.0
2025-06-09,17,cloudy,24.0,1541.8,1848.1,19693.7,98.5
2025-06-09,18,cloudy,24.0,743.5,2454.2,17983.0,89.9
2025-06-09,19,cloudy,24.0,0.0,1897.6,16085.4,80.4
2025-06-10,6,cloudy,23.4,0.0,373.4,15712.0,78.6
2025-06-10,7,cloudy,23.4,653.0,858.2,15506.8,77.5
2025-06-10,8,cloudy,23.4,1299.9,1607.6,15199.1,76.0
2025-06-10,9,cloudy,23.4,1834.3,2027.8,15005.6,75.0
2025-06-10,10,cloudy,23.4,2293.2,1574.1,15724.7,78.6
2025-06-10,11,cloudy,23.4,2817.9,829.4,17713.2,88.6
2025-06-10,12,cloudy,23.4,2660.7,441.8,19932.1,99.7
2025-06-10,13,cloudy,23.4,3078.1,339.6,20000.0,100.0
2025-06-10,14,cloudy,23.4,2578.3,303.4,20000.0,100.0
2025-06-10,15,cloudy,23.4,2314.6,341.2,20000.0,100.0
2025-06-10,16,cloudy,23.4,1959.3,860.9,20000.0,100.0
2025-06-10,17,cloudy,23.4,1347.0,2064.1,19282.9,96.4
2025-06-10,18,cloudy,23.4,672.2,2643.3,17311.8,86.6
2025-06-10,19,cloudy,23.4,0.0,1621.7,15690.1,78.5
2025-06-11,6,cloudy,25.5,0.0,387.3,15302.8,76.5
2025-06-11,7,cloudy,25.5,654.9,982.3,14975.4,74.9
2025-06-11,8,cloudy,25.5,1313.6,1558.3,14730.7,73.7
2025-06-11,9,cloudy,25.5,1730.2,1927.8,14533.1,72.7
2025-06-11,10,cloudy,25.5,2295.3,1690.7,15137.7,75.7
2025-06-11,11,cloudy,25.5,2608.9,850.9,16895.7,84.5
2025-06-11,12,cloudy,25.5,2485.6,448.1,18933.2,94.7
2025-06-11,13,cloudy,25.5,2500.8,259.6,20000.0,100.0
2025-06-11,14,cloudy,25.5,2486.4,296.1,20000.0,100.0
2025-06-11,15,cloudy,25.5,2308.2,413.9,20000.0,100.0
2025-06-11,16,cloudy,25.5,1860.7,931.7,20000.0,100.0
2025-06-11,17,cloudy,25.5,1274.7,1609.9,19664.8,98.3
2025-06-11,18,cloudy,25.5,648.9,2239.8,18073.9,90.4
2025-06-11,19,cloudy,25.5,0.0,1692.8,16381.1,81.9
2025-06-12,6,cloudy,25.9,0.0,504.1,15877.0,79.4
2025-06-12,7,cloudy,25.9,584.4,770.6,15690.8,78.5
2025-06-12,8,cloudy,25.9,1132.4,1687.3,15135.9,75.7
2025-06-12,9,cloudy,25.9,1614.2,1692.5,15057.6,75.3
2025-06-12,10,cloudy,25.9,1783.4,1726.4,15114.6,75.6
2025-06-12,11,cloudy,25.9,2045.0,831.8,16327.8,81.6
2025-06-12,12,cloudy,25.9,2270.5,391.1,18207.2,91.0
2025-06-12,13,cloudy,25.9,2117.4,344.7,19979.9,99.9
2025-06-12,14,cloudy,25.9,2277.9,319.2,20000.0,100.0
2025-06-12,15,cloudy,25.9,1832.3,350.9,20000.0,100.0
2025-06-12,16,cloudy,25.9,1509.6,855.7,20000.0,100.0
2025-06-12,17,cloudy,25.9,988.7,2053.9,18934.8,94.7
2025-06-12,18,cloudy,25.9,593.2,2559.8,16968.2,84.8
2025-06-12,19,cloudy,25.9,0.0,1834.1,15134.1,75.7
2025-06-13,6,sunny,26.6,0.0,433.5,14700.6,73.5
2025-06-13,7,sunny,26.6,888.3,960.6,14628.3,73.1
2025-06-13,8,sunny,26.6,1640.7,1320.0,14949.0,74.7
2025-06-13,9,sunny,26.6,2270.8,1689.5,15530.3,77.7
2025-06-13,10,sunny,26.6,3066.7,1680.2,16916.8,84.6
2025-06-13,11,sunny,26.6,3651.9,904.8,19663.9,98.3
2025-06-13,12,sunny,26.6,3604.9,396.7,20000.0,100.0
2025-06-13,13,sunny,26.6,3604.0,286.3,20000.0,100.0
2025-06-13,14,sunny,26.6,3643.0,284.1,20000.0,100.0
2025-06-13,15,sunny,26.6,2906.0,360.3,20000.0,100.0
2025-06-13,16,sunny,26.6,2307.8,980.8,20000.0,100.0
2025-06-13,17,sunny,26.6,1594.6,1624.8,19969.8,99.8
2025-06-13,18,sunny,26.6,839.2,2786.1,18022.9,90.1
2025-06-13,19,sunny,26.6,0.0,1974.7,16048.2,80.2
2025-06-14,6,rainy,22.3,0.0,403.3,15644.9,78.2
2025-06-14,7,rainy,22.3,389.7,892.1,15142.5,75.7
2025-06-14,8,rainy,22.3,763.1,1357.0,14548.6,72.7
2025-06-14,9,rainy,22.3,1217.2,1900.8,13865.0,69.3
2025-06-14,10,rainy,22.3,1386.5,1474.1,13777.4,68.9
2025-06-14,11,rainy,22.3,1698.3,759.5,14716.2,73.6
2025-06-14,12,rainy,22.3,1638.9,459.9,15895.2,79.5
2025-06-14,13,rainy,22.3,1770.4,345.6,17320.0,86.6
2025-06-14,14,rainy,22.3,1608.8,249.0,18679.8,93.4
2025-06-14,15,rainy,22.3,1452.3,402.3,19729.8,98.6
2025-06-14,16,rainy,22.3,1098.9,888.9,19939.8,99.7
2025-06-14,17,rainy,22.3,777.4,2108.3,18608.9,93.0
2025-06-14,18,rainy,22.3,441.5,2504.9,16545.5,82.7
2025-06-14,19,rainy,22.3,0.0,2185.7,14359.8,71.8
2025-06-15,6,cloudy,26.9,0.0,390.6,13969.2,69.8
2025-06-15,7,cloudy,26.9,620.8,813.8,13776.2,68.9
2025-06-15,8,cloudy,26.9,1313.1,1509.4,13579.9,67.9
2025-06-15,9,cloudy,26.9,1822.7,1848.3,13554.3,67.8
2025-06-15,10,cloudy,26.9,2051.0,1719.5,13885.8,69.4
2025-06-15,11,cloudy,26.9,2280.3,759.9,15406.2,77.0
2025-06-15,12,cloudy,26.9,2567.9,471.2,17502.9,87.5
2025-06-15,13,cloudy,26.9,2558.7,264.4,19797.2,99.0
2025-06-15,14,cloudy,26.9,2401.0,265.6,20000.0,100.0
2025-06-15,15,cloudy,26.9,2008.8,391.9,20000.0,100.0
2025-06-15,16,cloudy,26.9,1648.6,822.6,20000.0,100.0
2025-06-15,17,cloudy,26.9,1254.4,2048.1,19206.3,96.0
2025-06-15,18,cloudy,26.9,609.2,2437.7,17377.8,86.9
2025-06-15,19,cloudy,26.9,0.0,2181.4,15196.4,76.0
2025-06-16,6,cloudy,23.5,0.0,406.2,14790.2,74.0
2025-06-16,7,cloudy,23.5,640.0,773.5,14656.7,73.3
2025-06-16,8,cloudy,23.5,1340.4,1609.2,14387.9,71.9
2025-06-16,9,cloudy,23.5,1915.5,2078.6,14224.8,71.1
2025-06-16,10,cloudy,23.5,2261.6,1752.3,14734.1,73.7
2025-06-16,11,cloudy,23.5,2734.7,960.7,16508.1,82.5
2025-06-16,12,cloudy,23.5,2898.1,429.0,18977.2,94.9
2025-06-16,13,cloudy,23.5,2709.3,298.1,20000.0,100.0
2025-06-16,14,cloudy,23.5,2476.3,284.5,20000.0,100.0
2025-06-16,15,cloudy,23.5,2160.3,331.5,20000.0,100.0
2025-06-16,16,cloudy,23.5,1996.6,932.2,20000.0,100.0
2025-06-16,17,cloudy,23.5,1324.6,1834.5,19490.1,97.5
2025-06-16,18,cloudy,23.5,683.0,2882.8,17290.3,86.5
2025-06-16,19,cloudy,23.5,0.0,1985.5,15304.8,76.5
2025-06-17,6,cloudy,24.9,0.0,439.7,14865.1,74.3
2025-06-17,7,cloudy,24.9,610.8,864.7,14611.2,73.1
2025-06-17,8,cloudy,24.9,1192.3,1793.3,14010.2,70.1
2025-06-17,9,cloudy,24.9,1775.8,1847.4,13938.6,69.7
2025-06-17,10,cloudy,24.9,2093.8,1530.7,14501.7,72.5
2025-06-17,11,cloudy,24.9,2253.8,891.2,15864.3,79.3
2025-06-17,12,cloudy,24.9,2699.9,471.5,18092.7,90.5
2025-06-17,13,cloudy,24.9,2457.0,327.4,20000.0,100.0
2025-06-17,14,cloudy,24.9,2508.7,269.3,20000.0,100.0
2025-06-17,15,cloudy,24.9,2176.4,404.0,20000.0,100.0
2025-06-17,16,cloudy,24.9,1811.1,789.0,20000.0,100.0
2025-06-17,17,cloudy,24.9,1149.5,1925.9,19223.6,96.1
2025-06-17,18,cloudy,24.9,577.6,2524.6,17276.6,86.4
2025-06-17,19,cloudy,24.9,0.0,1730.3,15546.3,77.7
2025-06-18,6,rainy,27.0,0.0,451.4,15094.9,75.5
2025-06-18,7,rainy,27.0,478.4,803.8,14769.5,73.8
2025-06-18,8,rainy,27.0,870.6,1653.0,13987.1,69.9
2025-06-18,9,rainy,27.0,1292.6,1814.6,13465.1,67.3
2025-06-18,10,rainy,27.0,1512.8,1732.4,13245.5,66.2
2025-06-18,11,rainy,27.0,1719.0,953.9,14010.6,70.1
2025-06-18,12,rainy,27.0,1930.8,465.0,15476.4,77.4
2025-06-18,13,rainy,27.0,1890.2,275.8,17090.8,85.5
2025-06-18,14,rainy,27.0,1861.8,308.2,18644.4,93.2
2025-06-18,15,rainy,27.0,1553.9,385.1,19813.2,99.1
2025-06-18,16,rainy,27.0,1302.4,813.5,20000.0,100.0
2025-06-18,17,rainy,27.0,929.8,1735.6,19194.2,96.0
2025-06-18,18,rainy,27.0,474.8,2299.1,17369.9,86.8
2025-06-18,19,rainy,27.0,0.0,1832.1,15537.8,77.7
2025-06-19,6,sunny,24.8,0.0,452.1,15085.7,75.4
2025-06-19,7,sunny,24.8,974.4,817.6,15242.5,76.2
2025-06-19,8,sunny,24.8,1762.8,1374.9,15630.4,78.2
2025-06-19,9,sunny,24.8,2542.6,2042.9,16130.1,80.7
2025-06-19,10,sunny,24.8,3360.7,1606.9,17883.9,89.4
2025-06-19,11,sunny,24.8,3707.5,804.7,20000.0,100.0
2025-06-19,12,sunny,24.8,3578.9,493.1,20000.0,100.0
2025-06-19,13,sunny,24.8,3655.9,271.0,20000.0,100.0
2025-06-19,14,sunny,24.8,3873.6,332.9,20000.0,100.0
2025-06-19,15,sunny,24.8,3251.6,379.8,20000.0,100.0
2025-06-19,16,sunny,24.8,2705.9,813.8,20000.0,100.0
2025-06-19,17,sunny,24.8,1784.3,1866.1,19918.2,99.6
2025-06-19,18,sunny,24.8,987.9,2939.9,17966.2,89.8
2025-06-19,19,sunny,24.8,0.0,1722.0,16244.2,81.2
2025-06-20,6,cloudy,22.9,0.0,405.9,15838.3,79.2
2025-06-20,7,cloudy,22.9,767.8,949.3,15656.8,78.3
2025-06-20,8,cloudy,22.9,1589.3,1742.7,15503.4,77.5
2025-06-20,9,cloudy,22.9,2134.8,2128.6,15509.6,77.5
2025-06-20,10,cloudy,22.9,2633.1,1358.1,16784.6,83.9
2025-06-20,11,cloudy,22.9,3201.7,819.7,19166.6,95.8
2025-06-20,12,cloudy,22.9,3468.9,390.5,20000.0,100.0
2025-06-20,13,cloudy,22.9,3175.1,331.2,20000.0,100.0
2025-06-20,14,cloudy,22.9,3077.2,307.2,20000.0,100.0
2025-06-20,15,cloudy,22.9,2943.9,343.4,20000.0,100.0
2025-06-20,16,cloudy,22.9,2379.0,834.1,20000.0,100.0
2025-06-20,17,cloudy,22.9,1573.6,1714.7,19858.9,99.3
2025-06-20,18,cloudy,22.9,867.3,2669.3,18056.9,90.3
2025-06-20,19,cloudy,22.9,0.0,2232.6,15824.3,79.1
2025-06-21,6,rainy,23.8,0.0,515.8,15308.5,76.5
2025-06-21,7,rainy,23.8,371.8,1030.3,14650.0,73.2
2025-06-21,8,rainy,23.8,640.8,1729.4,13561.4,67.8
2025-06-21,9,rainy,23.8,1014.7,2044.9,12531.2,62.7
2025-06-21,10,rainy,23.8,1162.1,1810.0,11883.3,59.4
2025-06-21,11,rainy,23.8,1304.6,897.9,12290.0,61.5
2025-06-21,12,rainy,23.8,1455.9,410.7,13335.2,66.7
2025-06-21,13,rainy,23.8,1500.8,272.9,14563.1,72.8
2025-06-21,14,rainy,23.8,1407.4,325.4,15645.1,78.2
2025-06-21,15,rainy,23.8,1175.1,422.3,16397.9,82.0
2025-06-21,16,rainy,23.8,918.1,993.4,16322.6,81.6
2025-06-21,17,rainy,23.8,726.6,1760.5,15288.7,76.4
2025-06-21,18,rainy,23.8,360.1,2636.6,13012.2,65.1
2025-06-21,19,rainy,23.8,0.0,2087.0,10925.2,54.6
2025-06-22,6,cloudy,25.0,0.0,442.2,10483.0,52.4
2025-06-22,7,cloudy,25.0,758.6,796.1,10445.5,52.2
2025-06-22,8,cloudy,25.0,1415.7,1443.6,10417.6,52.1
2025-06-22,9,cloudy,25.0,2096.3,2014.4,10499.5,52.5
2025-06-22,10,cloudy,25.0,2433.1,1475.0,11457.6,57.3
2025-06-22,11,cloudy,25.0,2778.9,1025.4,13211.1,66.1
2025-06-22,12,cloudy,25.0,2983.6,454.7,15740.0,78.7
2025-06-22,13,cloudy,25.0,3092.2,301.2,18531.0,92.7
2025-06-22,14,cloudy,25.0,2774.9,281.3,20000.0,100.0
2025-06-22,15,cloudy,25.0,2337.3,424.5,20000.0,100.0
2025-06-22,16,cloudy,25.0,2104.4,1013.5,20000.0,100.0
2025-06-22,17,cloudy,25.0,1476.4,1944.5,19531.9,97.7
2025-06-22,18,cloudy,25.0,694.4,2751.8,17474.5,87.4
2025-06-22,19,cloudy,25.0,0.0,2107.5,15367.0,76.8
2025-06-23,6,cloudy,23.3,0.0,451.5,14915.5,74.6
2025-06-23,7,cloudy,23.3,589.5,905.1,14599.9,73.0
2025-06-23,8,cloudy,23.3,1154.6,1813.7,13940.8,69.7
2025-06-23,9,cloudy,23.3,1694.4,1959.0,13676.2,68.4
2025-06-23,10,cloudy,23.3,2051.2,1667.9,14059.5,70.3
2025-06-23,11,cloudy,23.3,2393.6,804.4,15648.7,78.2
2025-06-23,12,cloudy,23.3,2677.3,441.2,17884.8,89.4
2025-06-23,13,cloudy,23.3,2507.1,286.1,20000.0,100.0
2025-06-23,14,cloudy,23.3,2405.8,314.9,20000.0,100.0
2025-06-23,15,cloudy,23.3,2223.4,346.6,20000.0,100.0
2025-06-23,16,cloudy,23.3,1815.5,962.6,20000.0,100.0
2025-06-23,17,cloudy,23.3,1146.6,1805.3,19341.3,96.7
2025-06-23,18,cloudy,23.3,591.6,2951.9,16981.0,84.9
2025-06-23,19,cloudy,23.3,0.0,1958.8,15022.2,75.1
2025-06-24,6,cloudy,26.2,0.0,497.6,14524.6,72.6
2025-06-24,7,cloudy,26.2,517.2,1011.6,14030.2,70.2
2025-06-24,8,cloudy,26.2,1021.0,1428.1,13623.1,68.1
2025-06-24,9,cloudy,26.2,1619.6,1805.8,13436.9,67.2
2025-06-24,10,cloudy,26.2,1768.1,1668.1,13536.9,67.7
2025-06-24,11,cloudy,26.2,2068.4,808.8,14796.5,74.0
2025-06-24,12,cloudy,26.2,2294.2,498.5,16592.2,83.0
2025-06-24,13,cloudy,26.2,2360.9,282.5,18670.6,93.4
2025-06-24,14,cloudy,26.2,2146.3,326.2,20000.0,100.0
2025-06-24,15,cloudy,26.2,1775.1,366.8,20000.0,100.0
2025-06-24,16,cloudy,26.2,1393.5,917.4,20000.0,100.0
2025-06-24,17,cloudy,26.2,1007.9,2122.5,18885.4,94.4
2025-06-24,18,cloudy,26.2,583.3,2430.6,17038.1,85.2
2025-06-24,19,cloudy,26.2,0.0,1816.8,15221.3,76.1
2025-06-25,6,cloudy,23.6,0.0,526.6,14694.7,73.5
2025-06-25,7,cloudy,23.6,679.0,818.5,14555.2,72.8
2025-06-25,8,cloudy,23.6,1301.5,1469.8,14386.9,71.9
2025-06-25,9,cloudy,23.6,1980.4,2105.1,14262.2,71.3
2025-06-25,10,cloudy,23.6,2266.0,1627.1,14901.1,74.5
2025-06-25,11,cloudy,23.6,2707.7,989.7,16619.1,83.1
2025-06-25,12,cloudy,23.6,2620.8,397.8,18842.1,94.2
2025-06-25,13,cloudy,23.6,2635.6,306.3,20000.0,100.0
2025-06-25,14,cloudy,23.6,2625.4,266.6,20000.0,100.0
2025-06-25,15,cloudy,23.6,2291.0,396.5,20000.0,100.0
2025-06-25,16,cloudy,23.6,1759.0,1028.6,20000.0,100.0
2025-06-25,17,cloudy,23.6,1331.6,1929.7,19401.9,97.0
2025-06-25,18,cloudy,23.6,676.1,2524.7,17553.3,87.8
2025-06-25,19,cloudy,23.6,0.0,2041.4,15511.9,77.6
2025-06-26,6,rainy,24.8,0.0,509.9,15002.0,75.0
2025-06-26,7,rainy,24.8,325.5,820.5,14507.0,72.5
2025-06-26,8,rainy,24.8,679.3,1604.7,13581.6,67.9
2025-06-26,9,rainy,24.8,968.4,2155.2,12394.8,62.0
2025-06-26,10,rainy,24.8,1132.0,1515.2,12011.6,60.1
2025-06-26,11,rainy,24.8,1326.1,853.6,12484.1,62.4
2025-06-26,12,rainy,24.8,1446.2,500.7,13429.6,67.1
2025-06-26,13,rainy,24.8,1403.8,338.8,14494.6,72.5
2025-06-26,14,rainy,24.8,1330.1,319.6,15505.1,77.5
2025-06-26,15,rainy,24.8,1119.4,434.2,16190.3,81.0
2025-06-26,16,rainy,24.8,972.9,853.6,16309.6,81.5
2025-06-26,17,rainy,24.8,665.7,2217.9,14757.4,73.8
2025-06-26,18,rainy,24.8,326.8,2874.2,12210.0,61.0
2025-06-26,19,rainy,24.8,0.0,2224.5,9985.5,49.9
2025-06-27,6,cloudy,25.9,0.0,477.6,9507.9,47.5
2025-06-27,7,cloudy,25.9,558.1,794.0,9272.0,46.4
2025-06-27,8,cloudy,25.9,1203.4,1588.9,8886.5,44.4
2025-06-27,9,cloudy,25.9,1579.7,1915.0,8551.2,42.8
2025-06-27,10,cloudy,25.9,2120.7,1609.2,9062.7,45.3
2025-06-27,11,cloudy,25.9,2449.1,984.2,10527.6,52.6
2025-06-27,12,cloudy,25.9,2640.1,522.5,12645.2,63.2
2025-06-27,13,cloudy,25.9,2367.8,334.0,14679.0,73.4
2025-06-27,14,cloudy,25.9,2146.7,346.0,16479.7,82.4
2025-06-27,15,cloudy,25.9,1965.0,426.9,18017.8,90.1
2025-06-27,16,cloudy,25.9,1732.0,827.6,18922.2,94.6
2025-06-27,17,cloudy,25.9,1213.6,1717.7,18418.1,92.1
2025-06-27,18,cloudy,25.9,587.9,2672.1,16333.9,81.7
2025-06-27,19,cloudy,25.9,0.0,2064.2,14269.7,71.3
2025-06-28,6,cloudy,22.0,0.0,523.0,13746.7,68.7
2025-06-28,7,cloudy,22.0,724.0,795.8,13674.9,68.4
2025-06-28,8,cloudy,22.0,1441.1,1410.5,13705.5,68.5
2025-06-28,9,cloudy,22.0,1951.4,2060.0,13596.9,68.0
2025-06-28,10,cloudy,22.0,2494.5,1460.3,14631.1,73.2
2025-06-28,11,cloudy,22.0,2580.6,992.8,16218.9,81.1
2025-06-28,12,cloudy,22.0,2726.6,465.5,18480.0,92.4
2025-06-28,13,cloudy,22.0,2984.7,334.5,20000.0,100.0
2025-06-28,14,cloudy,22.0,2593.6,285.0,20000.0,100.0
2025-06-28,15,cloudy,22.0,2561.6,402.1,20000.0,100.0
2025-06-28,16,cloudy,22.0,1790.2,847.2,20000.0,100.0
2025-06-28,17,cloudy,22.0,1316.5,2322.5,18994.0,95.0
2025-06-28,18,cloudy,22.0,673.7,2320.8,17346.9,86.7
2025-06-28,19,cloudy,22.0,0.0,1767.6,15579.3,77.9
2025-06-29,6,cloudy,26.6,0.0,408.0,15171.3,75.9
2025-06-29,7,cloudy,26.6,588.5,835.3,14924.5,74.6
2025-06-29,8,cloudy,26.6,1085.0,1681.6,14327.9,71.6
2025-06-29,9,cloudy,26.6,1645.0,2169.6,13803.3,69.0
2025-06-29,10,cloudy,26.6,2162.9,1514.3,14451.9,72.3
2025-06-29,11,cloudy,26.6,2468.3,931.5,15988.7,79.9
2025-06-29,12,cloudy,26.6,2369.2,520.5,17837.4,89.2
2025-06-29,13,cloudy,26.6,2284.7,327.0,19795.1,99.0
2025-06-29,14,cloudy,26.6,2396.5,283.9,20000.0,100.0
2025-06-29,15,cloudy,26.6,2153.9,378.0,20000.0,100.0
2025-06-29,16,cloudy,26.6,1729.5,811.2,20000.0,100.0
2025-06-29,17,cloudy,26.6,1091.6,1955.3,19136.3,95.7
2025-06-29,18,cloudy,26.6,625.5,2426.0,17335.8,86.7
2025-06-29,19,cloudy,26.6,0.0,1863.3,15472.5,77.4
2025-06-30,6,cloudy,25.8,0.0,536.5,14936.0,74.7
2025-06-30,7,cloudy,25.8,600.4,983.2,14553.2,72.8
2025-06-30,8,cloudy,25.8,1190.8,1646.0,14098.0,70.5
2025-06-30,9,cloudy,25.8,1709.9,2272.6,13535.3,67.7
2025-06-30,10,cloudy,25.8,2148.6,1661.1,14022.8,70.1
2025-06-30,11,cloudy,25.8,2421.4,959.8,15484.4,77.4
2025-06-30,12,cloudy,25.8,2488.8,491.1,17482.1,87.4
2025-06-30,13,cloudy,25.8,2492.8,347.4,19627.5,98.1
2025-06-30,14,cloudy,25.8,2539.4,347.2,20000.0,100.0
2025-06-30,15,cloudy,25.8,2187.6,424.1,20000.0,100.0
2025-06-30,16,cloudy,25.8,1744.2,842.1,20000.0,100.0
2025-06-30,17,cloudy,25.8,1173.4,1887.3,19286.1,96.4
2025-06-30,18,cloudy,25.8,559.9,3107.7,16738.3,83.7
2025-06-30,19,cloudy,25.8,0.0,2043.8,14694.5,73.5
2025-07-01,6,sunny,29.2,0.0,518.5,14176.0,70.9
2025-07-01,7,sunny,29.2,1125.8,891.4,14410.4,72.1
2025-07-01,8,sunny,29.2,1950.3,1536.2,14824.5,74.1
2025-07-01,9,sunny,29.2,2715.6,1973.0,15567.1,77.8
2025-07-01,10,sunny,29.2,3328.2,1460.4,17434.9,87.2
2025-07-01,11,sunny,29.2,3941.1,838.4,20000.0,100.0
2025-07-01,12,sunny,29.2,4491.4,419.0,20000.0,100.0
2025-07-01,13,sunny,29.2,4580.7,296.6,20000.0,100.0
2025-07-01,14,sunny,29.2,3838.6,261.3,20000.0,100.0
2025-07-01,15,sunny,29.2,3714.1,382.9,20000.0,100.0
2025-07-01,16,sunny,29.2,2901.0,826.7,20000.0,100.0
2025-07-01,17,sunny,29.2,2181.7,1813.6,20000.0,100.0
2025-07-01,18,sunny,29.2,1031.3,3025.1,18006.2,90.0
2025-07-01,19,sunny,29.2,0.0,1900.4,16105.8,80.5
2025-07-02,6,sunny,27.5,0.0,466.7,15639.1,78.2
2025-07-02,7,sunny,27.5,943.5,1052.5,15530.1,77.7
2025-07-02,8,sunny,27.5,2023.8,1699.0,15854.9,79.3
2025-07-02,9,sunny,27.5,2696.5,2168.3,16383.1,81.9
2025-07-02,10,sunny,27.5,3603.2,1439.1,18547.2,92.7
2025-07-02,11,sunny,27.5,4218.5,959.6,20000.0,100.0
2025-07-02,12,sunny,27.5,4421.3,443.1,20000.0,100.0
2025-07-02,13,sunny,27.5,3984.9,344.7,20000.0,100.0
2025-07-02,14,sunny,27.5,4165.2,296.9,20000.0,100.0
2025-07-02,15,sunny,27.5,3250.5,454.2,20000.0,100.0
2025-07-02,16,sunny,27.5,2698.4,893.9,20000.0,100.0
2025-07-02,17,sunny,27.5,2019.7,1804.9,20000.0,100.0
2025-07-02,18,sunny,27.5,952.8,2356.0,18596.8,93.0
2025-07-02,19,sunny,27.5,0.0,1935.0,16661.8,83.3
2025-07-03,6,sunny,29.6,0.0,482.4,16179.4,80.9
2025-07-03,7,sunny,29.6,1021.4,906.1,16294.7,81.5
2025-07-03,8,sunny,29.6,2007.4,1893.1,16409.0,82.0
2025-07-03,9,sunny,29.6,2946.1,2006.7,17348.4,86.7
2025-07-03,10,sunny,29.6,3411.0,1855.5,18903.9,94.5
2025-07-03,11,sunny,29.6,3755.0,1039.5,20000.0,100.0
2025-07-03,12,sunny,29.6,4064.2,509.8,20000.0,100.0
2025-07-03,13,sunny,29.6,4422.3,323.9,20000.0,100.0
2025-07-03,14,sunny,29.6,3789.5,340.5,20000.0,100.0
2025-07-03,15,sunny,29.6,3429.9,393.8,20000.0,100.0
2025-07-03,16,sunny,29.6,2825.5,924.5,20000.0,100.0
2025-07-03,17,sunny,29.6,2032.8,1834.8,20000.0,100.0
2025-07-03,18,sunny,29.6,1008.0,3081.3,17926.7,89.6
2025-07-03,19,sunny,29.6,0.0,2032.5,15894.2,79.5
2025-07-04,6,sunny,26.8,0.0,527.4,15366.8,76.8
2025-07-04,7,sunny,26.8,1042.1,902.7,15506.2,77.5
2025-07-04,8,sunny,26.8,2257.7,1863.7,15900.2,79.5
2025-07-04,9,sunny,26.8,3043.3,2046.0,16897.5,84.5
2025-07-04,10,sunny,26.8,3715.4,1449.2,19163.7,95.8
2025-07-04,11,sunny,26.8,4509.9,1034.5,20000.0,100.0
2025-07-04,12,sunny,26.8,4485.2,448.9,20000.0,100.0
2025-07-04,13,sunny,26.8,4406.5,290.4,20000.0,100.0
2025-07-04,14,sunny,26.8,4398.3,315.1,20000.0,100.0
2025-07-04,15,sunny,26.8,3590.4,433.2,20000.0,100.0
2025-07-04,16,sunny,26.8,3238.8,839.2,20000.0,100.0
2025-07-04,17,sunny,26.8,2100.4,2063.0,20000.0,100.0
2025-07-04,18,sunny,26.8,1032.8,2794.0,18238.8,91.2
2025-07-04,19,sunny,26.8,0.0,1854.2,16384.6,81.9
2025-07-05,6,sunny,28.6,0.0,501.3,15883.3,79.4
2025-07-05,7,sunny,28.6,1135.1,1044.4,15974.0,79.9
2025-07-05,8,sunny,28.6,2241.9,1847.9,16368.0,81.8
2025-07-05,9,sunny,28.6,3144.6,2037.5,17475.1,87.4
2025-07-05,10,sunny,28.6,3766.2,1615.8,19625.5,98.1
2025-07-05,11,sunny,28.6,4295.5,842.5,20000.0,100.0
2025-07-05,12,sunny,28.6,4564.5,466.5,20000.0,100.0
2025-07-05,13,sunny,28.6,4287.8,306.5,20000.0,100.0
2025-07-05,14,sunny,28.6,4518.7,318.2,20000.0,100.0
2025-07-05,15,sunny,28.6,4009.3,424.7,20000.0,100.0
2025-07-05,16,sunny,28.6,3253.2,1034.4,20000.0,100.0
2025-07-05,17,sunny,28.6,2028.5,2371.3,19657.2,98.3
2025-07-05,18,sunny,28.6,1030.3,2858.9,17828.6,89.1
2025-07-05,19,sunny,28.6,0.0,1969.8,15858.8,79.3
2025-07-06,6,sunny,25.3,0.0,412.9,15445.9,77.2
2025-07-06,7,sunny,25.3,1093.9,836.9,15702.9,78.5
2025-07-06,8,sunny,25.3,2304.2,1696.0,16311.1,81.6
2025-07-06,9,sunny,25.3,3210.6,2196.2,17325.5,86.6
2025-07-06,10,sunny,25.3,3713.8,1567.3,19472.0,97.4
2025-07-06,11,sunny,25.3,4752.7,1068.5,20000.0,100.0
2025-07-06,12,sunny,25.3,4793.5,423.5,20000.0,100.0
2025-07-06,13,sunny,25.3,5061.9,368.0,20000.0,100.0
2025-07-06,14,sunny,25.3,4497.7,288.1,20000.0,100.0
2025-07-06,15,sunny,25.3,3730.6,432.5,20000.0,100.0
2025-07-06,16,sunny,25.3,3436.6,1004.4,20000.0,100.0
2025-07-06,17,sunny,25.3,2201.8,2171.5,20000.0,100.0
2025-07-06,18,sunny,25.3,1226.3,2768.4,18457.9,92.3
2025-07-06,19,sunny,25.3,0.0,2014.7,16443.2,82.2
2025-07-07,6,sunny,27.3,0.0,555.7,15887.5,79.4
2025-07-07,7,sunny,27.3,1112.7,922.2,16078.0,80.4
2025-07-07,8,sunny,27.3,2120.4,1713.5,16484.9,82.4
2025-07-07,9,sunny,27.3,3006.8,2223.8,17267.9,86.3
2025-07-07,10,sunny,27.3,3746.7,1630.5,19384.1,96.9
2025-07-07,11,sunny,27.3,4414.4,829.2,20000.0,100.0
2025-07-07,12,sunny,27.3,4714.0,486.8,20000.0,100.0
2025-07-07,13,sunny,27.3,4570.7,352.9,20000.0,100.0
2025-07-07,14,sunny,27.3,4508.7,345.8,20000.0,100.0
2025-07-07,15,sunny,27.3,3743.3,400.6,20000.0,100.0
2025-07-07,16,sunny,27.3,3176.8,980.6,20000.0,100.0
2025-07-07,17,sunny,27.3,2199.0,2124.9,20000.0,100.0
2025-07-07,18,sunny,27.3,1156.5,2538.8,18617.7,93.1
2025-07-07,19,sunny,27.3,0.0,1875.7,16742.0,83.7
2025-07-08,6,sunny,26.3,0.0,470.3,16271.7,81.4
2025-07-08,7,sunny,26.3,1076.8,1037.1,16311.4,81.6
2025-07-08,8,sunny,26.3,1982.1,1924.5,16369.0,81.8
2025-07-08,9,sunny,26.3,2784.1,2273.0,16880.1,84.4
2025-07-08,10,sunny,26.3,3317.3,1586.6,18610.8,93.1
2025-07-08,11,sunny,26.3,3872.9,845.3,20000.0,100.0
2025-07-08,12,sunny,26.3,4218.1,442.9,20000.0,100.0
2025-07-08,13,sunny,26.3,4303.9,301.4,20000.0,100.0
2025-07-08,14,sunny,26.3,3741.8,358.7,20000.0,100.0
2025-07-08,15,sunny,26.3,3581.0,479.6,20000.0,100.0
2025-07-08,16,sunny,26.3,2812.5,826.2,20000.0,100.0
2025-07-08,17,sunny,26.3,1996.7,2134.6,19862.1,99.3
2025-07-08,18,sunny,26.3,940.7,3114.0,17688.8,88.4
2025-07-08,19,sunny,26.3,0.0,2251.9,15436.9,77.2
2025-07-09,6,sunny,22.9,0.0,559.3,14877.6,74.4
2025-07-09,7,sunny,22.9,1148.8,864.7,15161.7,75.8
2025-07-09,8,sunny,22.9,2110.7,1771.4,15501.0,77.5
2025-07-09,9,sunny,22.9,3473.1,2349.4,16624.7,83.1
2025-07-09,10,sunny,22.9,4136.8,1952.3,18809.2,94.0
2025-07-09,11,sunny,22.9,4714.5,915.8,20000.0,100.0
2025-07-09,12,sunny,22.9,4914.8,428.0,20000.0,100.0
2025-07-09,13,sunny,22.9,4632.2,325.3,20000.0,100.0
2025-07-09,14,sunny,22.9,4349.1,358.6,20000.0,100.0
2025-07-09,15,sunny,22.9,4317.9,409.2,20000.0,100.0
2025-07-09,16,sunny,22.9,3336.8,937.6,20000.0,100.0
2025-07-09,17,sunny,22.9,2139.9,2002.6,20000.0,100.0
2025-07-09,18,sunny,22.9,1118.8,2674.6,18444.2,92.2
2025-07-09,19,sunny,22.9,0.0,1860.8,16583.4,82.9
2025-07-10,6,sunny,27.7,0.0,464.0,16119.4,80.6
2025-07-10,7,sunny,27.7,1031.3,920.2,16230.5,81.2
2025-07-10,8,sunny,27.7,1999.4,1468.7,16761.2,83.8
2025-07-10,9,sunny,27.7,2910.3,2140.0,17531.5,87.7
2025-07-10,10,sunny,27.7,3629.5,1736.2,19424.8,97.1
2025-07-10,11,sunny,27.7,3973.5,918.9,20000.0,100.0
2025-07-10,12,sunny,27.7,4080.1,489.7,20000.0,100.0
2025-07-10,13,sunny,27.7,3948.8,316.4,20000.0,100.0
2025-07-10,14,sunny,27.7,4121.6,278.6,20000.0,100.0
2025-07-10,15,sunny,27.7,3293.7,445.1,20000.0,100.0
2025-07-10,16,sunny,27.7,2800.5,1051.6,20000.0,100.0
2025-07-10,17,sunny,27.7,2128.1,2394.4,19733.7,98.7
2025-07-10,18,sunny,27.7,1015.1,2620.6,18128.2,90.6
2025-07-10,19,sunny,27.7,0.0,2186.6,15941.6,79.7
2025-07-11,6,sunny,28.7,0.0,447.1,15494.5,77.5
2025-07-11,7,sunny,28.7,1104.6,853.6,15745.5,78.7
2025-07-11,8,sunny,28.7,2414.1,1453.6,16706.0,83.5
2025-07-11,9,sunny,28.7,3283.4,2381.9,17607.5,88.0
2025-07-11,10,sunny,28.7,3925.7,1715.7,19817.5,99.1
2025-07-11,11,sunny,28.7,4695.5,909.4,20000.0,100.0
2025-07-11,12,sunny,28.7,4822.8,536.3,20000.0,100.0
2025-07-11,13,sunny,28.7,5022.1,364.4,20000.0,100.0
2025-07-11,14,sunny,28.7,4900.0,303.4,20000.0,100.0
2025-07-11,15,sunny,28.7,4164.6,438.8,20000.0,100.0
2025-07-11,16,sunny,28.7,3315.6,1033.7,20000.0,100.0
2025-07-11,17,sunny,28.7,2352.6,2349.3,20000.0,100.0
2025-07-11,18,sunny,28.7,1139.6,2949.8,18189.8,90.9
2025-07-11,19,sunny,28.7,0.0,2165.4,16024.4,80.1
2025-07-12,6,sunny,26.4,0.0,491.0,15533.4,77.7
2025-07-12,7,sunny,26.4,1021.8,866.6,15688.6,78.4
2025-07-12,8,sunny,26.4,1961.1,1912.3,15737.4,78.7
2025-07-12,9,sunny,26.4,2820.1,2399.1,16158.4,80.8
2025-07-12,10,sunny,26.4,3462.5,1815.7,17805.2,89.0
2025-07-12,11,sunny,26.4,4143.3,1019.0,20000.0,100.0
2025-07-12,12,sunny,26.4,4445.9,520.1,20000.0,100.0
2025-07-12,13,sunny,26.4,4620.9,339.9,20000.0,100.0
2025-07-12,14,sunny,26.4,3824.4,293.9,20000.0,100.0
2025-07-12,15,sunny,26.4,3721.4,424.9,20000.0,100.0
2025-07-12,16,sunny,26.4,2927.2,992.2,20000.0,100.0
2025-07-12,17,sunny,26.4,1999.4,2278.7,19720.7,98.6
2025-07-12,18,sunny,26.4,1084.6,3001.3,17804.0,89.0
2025-07-12,19,sunny,26.4,0.0,2352.2,15451.8,77.3
2025-07-13,6,sunny,29.3,0.0,509.1,14942.7,74.7
2025-07-13,7,sunny,29.3,966.0,955.6,14953.1,74.8
2025-07-13,8,sunny,29.3,1756.1,1727.4,14981.8,74.9
2025-07-13,9,sunny,29.3,2536.3,2357.7,15160.4,75.8
2025-07-13,10,sunny,29.3,3143.8,1536.3,16767.9,83.8
2025-07-13,11,sunny,29.3,3695.1,932.2,19530.8,97.7
2025-07-13,12,sunny,29.3,3636.5,499.3,20000.0,100.0
2025-07-13,13,sunny,29.3,3900.1,300.9,20000.0,100.0
2025-07-13,14,sunny,29.3,3707.1,322.0,20000.0,100.0
2025-07-13,15,sunny,29.3,3349.9,408.0,20000.0,100.0
2025-07-13,16,sunny,29.3,2490.1,1094.8,20000.0,100.0
2025-07-13,17,sunny,29.3,1832.3,1807.0,20000.0,100.0
2025-07-13,18,sunny,29.3,980.9,2563.5,18417.4,92.1
2025-07-13,19,sunny,29.3,0.0,2235.3,16182.1,80.9
2025-07-14,6,sunny,28.2,0.0,528.9,15653.2,78.3
2025-07-14,7,sunny,28.2,951.6,999.5,15605.3,78.0
2025-07-14,8,sunny,28.2,1930.0,1474.4,16060.9,80.3
2025-07-14,9,sunny,28.2,2506.6,1821.4,16746.1,83.7
2025-07-14,10,sunny,28.2,3174.5,1578.1,18342.5,91.7
2025-07-14,11,sunny,28.2,4065.1,967.6,20000.0,100.0
2025-07-14,12,sunny,28.2,4247.2,539.4,20000.0,100.0
2025-07-14,13,sunny,28.2,4208.5,322.7,20000.0,100.0
2025-07-14,14,sunny,28.2,4039.8,338.6,20000.0,100.0
2025-07-14,15,sunny,28.2,3493.2,477.0,20000.0,100.0
2025-07-14,16,sunny,28.2,2754.3,972.5,20000.0,100.0
2025-07-14,17,sunny,28.2,2015.5,2076.9,19938.6,99.7
2025-07-14,18,sunny,28.2,1026.1,2442.6,18522.1,92.6
2025-07-14,19,sunny,28.2,0.0,2123.5,16398.6,82.0
2025-07-15,6,sunny,29.1,0.0,521.8,15876.8,79.4
2025-07-15,7,sunny,29.1,961.9,1097.1,15741.6,78.7
2025-07-15,8,sunny,29.1,1909.3,1460.5,16190.4,81.0
2025-07-15,9,sunny,29.1,2573.1,2133.6,16629.9,83.1
2025-07-15,10,sunny,29.1,3701.9,1946.8,18385.0,91.9
2025-07-15,11,sunny,29.1,3814.9,957.2,20000.0,100.0
2025-07-15,12,sunny,29.1,3898.9,493.0,20000.0,100.0
2025-07-15,13,sunny,29.1,4218.0,308.7,20000.0,100.0
2025-07-15,14,sunny,29.1,3980.3,353.5,20000.0,100.0
2025-07-15,15,sunny,29.1,3179.6,391.1,20000.0,100.0
2025-07-15,16,sunny,29.1,2651.2,855.5,20000.0,100.0
2025-07-15,17,sunny,29.1,1844.9,2185.2,19659.7,98.3
2025-07-15,18,sunny,29.1,940.3,3021.8,17578.2,87.9
2025-07-15,19,sunny,29.1,0.0,2375.1,15203.1,76.0
2025-07-16,6,sunny,26.1,0.0,450.3,14752.8,73.8
2025-07-16,7,sunny,26.1,1172.7,1095.6,14829.9,74.1
2025-07-16,8,sunny,26.1,2087.6,1612.9,15304.6,76.5
2025-07-16,9,sunny,26.1,3038.6,1968.8,16374.4,81.9
2025-07-16,10,sunny,26.1,4043.1,1559.5,18858.0,94.3
2025-07-16,11,sunny,26.1,4191.7,941.8,20000.0,100.0
2025-07-16,12,sunny,26.1,4279.8,472.5,20000.0,100.0
2025-07-16,13,sunny,26.1,4791.1,297.6,20000.0,100.0
2025-07-16,14,sunny,26.1,4333.1,306.8,20000.0,100.0
2025-07-16,15,sunny,26.1,3574.4,363.4,20000.0,100.0
2025-07-16,16,sunny,26.1,2928.1,837.5,20000.0,100.0
2025-07-16,17,sunny,26.1,2085.9,2301.6,19784.3,98.9
2025-07-16,18,sunny,26.1,1131.9,3198.5,17717.7,88.6
2025-07-16,19,sunny,26.1,0.0,2236.9,15480.8,77.4
2025-07-17,6,sunny,25.7,0.0,494.1,14986.7,74.9
2025-07-17,7,sunny,25.7,1088.9,951.2,15124.4,75.6
2025-07-17,8,sunny,25.7,1937.5,1953.8,15108.1,75.5
2025-07-17,9,sunny,25.7,2714.9,2387.2,15435.8,77.2
2025-07-17,10,sunny,25.7,3751.5,1874.9,17312.4,86.6
2025-07-17,11,sunny,25.7,4253.3,877.9,20000.0,100.0
2025-07-17,12,sunny,25.7,4407.9,527.5,20000.0,100.0
2025-07-17,13,sunny,25.7,4483.0,310.7,20000.0,100.0
2025-07-17,14,sunny,25.7,3869.1,299.4,20000.0,100.0
2025-07-17,15,sunny,25.7,3570.1,435.1,20000.0,100.0
2025-07-17,16,sunny,25.7,3035.1,1042.1,20000.0,100.0
2025-07-17,17,sunny,25.7,2077.0,1956.3,20000.0,100.0
2025-07-17,18,sunny,25.7,1038.0,2680.8,18357.2,91.8
2025-07-17,19,sunny,25.7,0.0,1796.3,16560.9,82.8
2025-07-18,6,sunny,27.0,0.0,425.4,16135.5,80.7
2025-07-18,7,sunny,27.0,1107.1,830.8,16411.8,82.1
2025-07-18,8,sunny,27.0,2277.0,1736.7,16952.1,84.8
2025-07-18,9,sunny,27.0,3100.4,1877.8,18174.7,90.9
2025-07-18,10,sunny,27.0,4224.5,1744.9,20000.0,100.0
2025-07-18,11,sunny,27.0,4607.3,971.2,20000.0,100.0
2025-07-18,12,sunny,27.0,4984.9,548.0,20000.0,100.0
2025-07-18,13,sunny,27.0,4674.5,352.6,20000.0,100.0
2025-07-18,14,sunny,27.0,4297.4,330.0,20000.0,100.0
2025-07-18,15,sunny,27.0,3885.3,362.7,20000.0,100.0
2025-07-18,16,sunny,27.0,3402.8,1070.9,20000.0,100.0
2025-07-18,17,sunny,27.0,2156.8,2420.1,19736.7,98.7
2025-07-18,18,sunny,27.0,1115.3,2785.2,18066.8,90.3
2025-07-18,19,sunny,27.0,0.0,1982.2,16084.6,80.4
2025-07-19,6,sunny,26.7,0.0,478.3,15606.3,78.0
2025-07-19,7,sunny,26.7,1083.2,1013.2,15676.3,78.4
2025-07-19,8,sunny,26.7,2045.6,1565.4,16156.5,80.8
2025-07-19,9,sunny,26.7,3192.7,1883.4,17465.8,87.3
2025-07-19,10,sunny,26.7,3791.5,1810.5,19446.8,97.2
2025-07-19,11,sunny,26.7,4538.0,845.2,20000.0,100.0
2025-07-19,12,sunny,26.7,4879.7,522.6,20000.0,100.0
2025-07-19,13,sunny,26.7,4514.5,360.0,20000.0,100.0
2025-07-19,14,sunny,26.7,4513.1,325.2,20000.0,100.0
2025-07-19,15,sunny,26.7,3872.1,455.7,20000.0,100.0
2025-07-19,16,sunny,26.7,3329.6,987.0,20000.0,100.0
2025-07-19,17,sunny,26.7,2269.9,2260.0,20000.0,100.0
2025-07-19,18,sunny,26.7,1177.0,3204.5,17972.5,89.9
2025-07-19,19,sunny,26.7,0.0,1894.3,16078.2,80.4
2025-07-20,6,sunny,25.4,0.0,533.5,15544.7,77.7
2025-07-20,7,sunny,25.4,998.1,938.3,15604.5,78.0
2025-07-20,8,sunny,25.4,1878.4,1547.0,15935.9,79.7
2025-07-20,9,sunny,25.4,2607.2,1798.7,16744.4,83.7
2025-07-20,10,sunny,25.4,3220.5,1725.0,18239.9,91.2
2025-07-20,11,sunny,25.4,3789.2,1005.3,20000.0,100.0
2025-07-20,12,sunny,25.4,3797.8,417.1,20000.0,100.0
2025-07-20,13,sunny,25.4,3652.7,380.9,20000.0,100.0
2025-07-20,14,sunny,25.4,3894.4,299.1,20000.0,100.0
2025-07-20,15,sunny,25.4,3099.2,417.6,20000.0,100.0
2025-07-20,16,sunny,25.4,2669.2,922.9,20000.0,100.0
2025-07-20,17,sunny,25.4,1696.5,2044.3,19652.2,98.3
2025-07-20,18,sunny,25.4,901.5,2671.9,17881.8,89.4
2025-07-20,19,sunny,25.4,0.0,2206.0,15675.8,78.4
2025-07-21,6,sunny,27.2,0.0,488.6,15187.2,75.9
2025-07-21,7,sunny,27.2,1059.4,1093.8,15152.8,75.8
2025-07-21,8,sunny,27.2,1855.9,1897.8,15110.9,75.6
2025-07-21,9,sunny,27.2,2896.2,2221.3,15785.8,78.9
2025-07-21,10,sunny,27.2,3417.2,1622.1,17580.9,87.9
2025-07-21,11,sunny,27.2,3657.9,1101.4,20000.0,100.0
2025-07-21,12,sunny,27.2,4272.1,475.4,20000.0,100.0
2025-07-21,13,sunny,27.2,4231.5,287.6,20000.0,100.0
2025-07-21,14,sunny,27.2,3760.2,327.3,20000.0,100.0
2025-07-21,15,sunny,27.2,3492.3,462.3,20000.0,100.0
2025-07-21,16,sunny,27.2,2876.3,993.6,20000.0,100.0
2025-07-21,17,sunny,27.2,2063.1,1832.9,20000.0,100.0
2025-07-21,18,sunny,27.2,1043.0,3002.4,18040.6,90.2
2025-07-21,19,sunny,27.2,0.0,1913.4,16127.2,80.6
2025-07-22,6,cloudy,27.0,0.0,436.2,15691.0,78.5
2025-07-22,7,cloudy,27.0,869.9,848.2,15712.7,78.6
2025-07-22,8,cloudy,27.0,1528.9,1609.6,15632.0,78.2
2025-07-22,9,cloudy,27.0,2241.3,2407.9,15465.4,77.3
2025-07-22,10,cloudy,27.0,2831.5,1559.9,16737.0,83.7
2025-07-22,11,cloudy,27.0,3162.8,925.8,18974.0,94.9
2025-07-22,12,cloudy,27.0,3579.6,531.2,20000.0,100.0
2025-07-22,13,cloudy,27.0,3448.9,346.2,20000.0,100.0
2025-07-22,14,cloudy,27.0,3308.4,348.5,20000.0,100.0
2025-07-22,15,cloudy,27.0,2951.1,398.9,20000.0,100.0
2025-07-22,16,cloudy,27.0,2426.5,1056.9,20000.0,100.0
2025-07-22,17,cloudy,27.0,1640.1,2413.4,19226.7,96.1
2025-07-22,18,cloudy,27.0,898.6,2563.6,17561.7,87.8
2025-07-22,19,cloudy,27.0,0.0,2169.4,15392.3,77.0
2025-07-23,6,sunny,27.1,0.0,506.0,14886.3,74.4
2025-07-23,7,sunny,27.1,1021.7,832.0,15076.0,75.4
2025-07-23,8,sunny,27.1,1957.0,1910.2,15122.8,75.6
2025-07-23,9,sunny,27.1,2906.5,1817.1,16212.2,81.1
2025-07-23,10,sunny,27.1,3699.8,1868.6,18043.4,90.2
2025-07-23,11,sunny,27.1,3997.5,824.3,20000.0,100.0
2025-07-23,12,sunny,27.1,4254.3,424.3,20000.0,100.0
2025-07-23,13,sunny,27.1,4097.4,346.5,20000.0,100.0
2025-07-23,14,sunny,27.1,4221.1,302.2,20000.0,100.0
2025-07-23,15,sunny,27.1,3686.9,479.1,20000.0,100.0
2025-07-23,16,sunny,27.1,2607.4,888.9,20000.0,100.0
2025-07-23,17,sunny,27.1,2036.3,2267.9,19768.4,98.8
2025-07-23,18,sunny,27.1,999.0,2952.6,17814.8,89.1
2025-07-23,19,sunny,27.1,0.0,2257.1,15557.7,77.8
2025-07-24,6,sunny,28.5,0.0,435.8,15121.9,75.6
2025-07-24,7,sunny,28.5,1176.6,1081.6,15216.9,76.1
2025-07-24,8,sunny,28.5,2240.3,1506.2,15951.0,79.8
2025-07-24,9,sunny,28.5,3091.7,1903.0,17139.7,85.7
2025-07-24,10,sunny,28.5,3716.9,1582.9,19273.7,96.4
2025-07-24,11,sunny,28.5,4528.3,859.6,20000.0,100.0
2025-07-24,12,sunny,28.5,4679.0,560.8,20000.0,100.0
2025-07-24,13,sunny,28.5,4707.8,291.5,20000.0,100.0
2025-07-24,14,sunny,28.5,4580.6,329.2,20000.0,100.0
2025-07-24,15,sunny,28.5,3768.2,446.1,20000.0,100.0
2025-07-24,16,sunny,28.5,3235.1,957.7,20000.0,100.0
2025-07-24,17,sunny,28.5,2152.6,2075.6,20000.0,100.0
2025-07-24,18,sunny,28.5,1030.6,3062.9,17967.7,89.8
2025-07-24,19,sunny,28.5,0.0,2039.1,15928.6,79.6
2025-07-25,6,sunny,26.4,0.0,507.1,15421.5,77.1
2025-07-25,7,sunny,26.4,1002.2,867.7,15556.0,77.8
2025-07-25,8,sunny,26.4,2118.3,1942.2,15732.1,78.7
2025-07-25,9,sunny,26.4,2841.9,1991.0,16583.0,82.9
2025-07-25,10,sunny,26.4,3302.5,1465.4,18420.1,92.1
2025-07-25,11,sunny,26.4,3966.4,1086.4,20000.0,100.0
2025-07-25,12,sunny,26.4,4433.6,467.6,20000.0,100.0
2025-07-25,13,sunny,26.4,4590.0,326.4,20000.0,100.0
2025-07-25,14,sunny,26.4,3894.4,308.7,20000.0,100.0
2025-07-25,15,sunny,26.4,3392.1,474.9,20000.0,100.0
2025-07-25,16,sunny,26.4,2799.0,1010.0,20000.0,100.0
2025-07-25,17,sunny,26.4,1970.2,2359.4,19610.8,98.1
2025-07-25,18,sunny,26.4,1054.8,2810.1,17855.5,89.3
2025-07-25,19,sunny,26.4,0.0,2359.5,15496.0,77.5
2025-07-26,6,sunny,27.5,0.0,424.3,15071.7,75.4
2025-07-26,7,sunny,27.5,982.2,972.8,15081.1,75.4
2025-07-26,8,sunny,27.5,1915.2,1690.0,15306.3,76.5
2025-07-26,9,sunny,27.5,2700.3,1867.0,16139.6,80.7
2025-07-26,10,sunny,27.5,3229.5,1527.1,17842.0,89.2
2025-07-26,11,sunny,27.5,4226.0,983.9,20000.0,100.0
2025-07-26,12,sunny,27.5,4187.3,472.7,20000.0,100.0
2025-07-26,13,sunny,27.5,4328.9,297.7,20000.0,100.0
2025-07-26,14,sunny,27.5,3814.6,330.4,20000.0,100.0
2025-07-26,15,sunny,27.5,3466.1,460.2,20000.0,100.0
2025-07-26,16,sunny,27.5,2973.0,1057.8,20000.0,100.0
2025-07-26,17,sunny,27.5,1868.2,1847.6,20000.0,100.0
2025-07-26,18,sunny,27.5,959.7,3059.9,17899.8,89.5
2025-07-26,19,sunny,27.5,0.0,2374.4,15525.4,77.6
2025-07-27,6,sunny,25.5,0.0,537.1,14988.3,74.9
2025-07-27,7,sunny,25.5,1153.3,860.0,15281.6,76.4
2025-07-27,8,sunny,25.5,2079.1,1935.3,15425.4,77.1
2025-07-27,9,sunny,25.5,3135.9,2005.8,16555.5,82.8
2025-07-27,10,sunny,25.5,3849.8,1640.0,18765.3,93.8
2025-07-27,11,sunny,25.5,4779.0,836.0,20000.0,100.0
2025-07-27,12,sunny,25.5,4470.4,532.3,20000.0,100.0
2025-07-27,13,sunny,25.5,4784.8,296.4,20000.0,100.0
2025-07-27,14,sunny,25.5,4152.4,289.5,20000.0,100.0
2025-07-27,15,sunny,25.5,3792.0,363.6,20000.0,100.0
2025-07-27,16,sunny,25.5,3033.6,1033.2,20000.0,100.0
2025-07-27,17,sunny,25.5,2344.6,2357.2,19987.4,99.9
2025-07-27,18,sunny,25.5,1125.4,2667.2,18445.6,92.2
2025-07-27,19,sunny,25.5,0.0,2275.8,16169.8,80.8
2025-07-28,6,sunny,26.9,0.0,492.0,15677.8,78.4
2025-07-28,7,sunny,26.9,1117.9,821.8,15973.9,79.9
2025-07-28,8,sunny,26.9,2309.4,1740.4,16542.9,82.7
2025-07-28,9,sunny,26.9,3120.0,1918.2,17744.7,88.7
2025-07-28,10,sunny,26.9,3975.4,1823.0,19897.1,99.5
2025-07-28,11,sunny,26.9,4069.4,989.6,20000.0,100.0
2025-07-28,12,sunny,26.9,4719.6,539.0,20000.0,100.0
2025-07-28,13,sunny,26.9,4399.1,371.4,20000.0,100.0
2025-07-28,14,sunny,26.9,4314.0,277.4,20000.0,100.0
2025-07-28,15,sunny,26.9,3587.9,387.1,20000.0,100.0
2025-07-28,16,sunny,26.9,2974.9,963.2,20000.0,100.0
2025-07-28,17,sunny,26.9,2239.5,1907.8,20000.0,100.0
2025-07-28,18,sunny,26.9,1194.9,2533.6,18661.3,93.3
2025-07-28,19,sunny,26.9,0.0,2376.6,16284.7,81.4
2025-07-29,6,sunny,26.3,0.0,436.0,15848.7,79.2
2025-07-29,7,sunny,26.3,887.2,943.2,15792.7,79.0
2025-07-29,8,sunny,26.3,1745.7,1629.2,15909.2,79.5
2025-07-29,9,sunny,26.3,2545.9,2362.3,16092.8,80.5
2025-07-29,10,sunny,26.3,3492.8,1864.7,17720.9,88.6
2025-07-29,11,sunny,26.3,3872.4,862.3,20000.0,100.0
2025-07-29,12,sunny,26.3,3703.8,512.3,20000.0,100.0
2025-07-29,13,sunny,26.3,4067.5,320.5,20000.0,100.0
2025-07-29,14,sunny,26.3,3733.3,314.6,20000.0,100.0
2025-07-29,15,sunny,26.3,3167.8,402.0,20000.0,100.0
2025-07-29,16,sunny,26.3,2625.5,994.1,20000.0,100.0
2025-07-29,17,sunny,26.3,1994.0,2130.0,19864.0,99.3
2025-07-29,18,sunny,26.3,993.7,3079.7,17778.0,88.9
2025-07-29,19,sunny,26.3,0.0,2202.4,15575.6,77.9
2025-07-30,6,sunny,28.7,0.0,549.4,15026.2,75.1
2025-07-30,7,sunny,28.7,1049.2,818.9,15256.5,76.3
2025-07-30,8,sunny,28.7,1820.7,1538.6,15538.6,77.7
2025-07-30,9,sunny,28.7,2835.7,2161.8,16212.5,81.1
2025-07-30,10,sunny,28.7,3205.8,1862.1,17556.2,87.8
2025-07-30,11,sunny,28.7,3746.1,950.9,20000.0,100.0
2025-07-30,12,sunny,28.7,3998.4,492.9,20000.0,100.0
2025-07-30,13,sunny,28.7,4056.5,311.0,20000.0,100.0
2025-07-30,14,sunny,28.7,3788.0,354.3,20000.0,100.0
2025-07-30,15,sunny,28.7,3374.8,478.9,20000.0,100.0
2025-07-30,16,sunny,28.7,2739.0,1042.0,20000.0,100.0
2025-07-30,17,sunny,28.7,1844.3,2289.1,19555.2,97.8
2025-07-30,18,sunny,28.7,945.3,2413.5,18087.0,90.4
2025-07-30,19,sunny,28.7,0.0,1803.5,16283.5,81.4
2025-07-31,6,sunny,25.9,0.0,525.5,15758.0,78.8
2025-07-31,7,sunny,25.9,857.9,962.8,15653.1,78.3
2025-07-31,8,sunny,25.9,1752.6,1458.8,15946.9,79.7
2025-07-31,9,sunny,25.9,2440.7,2246.4,16141.2,80.7
2025-07-31,10,sunny,25.9,2883.1,1673.1,17351.2,86.8
2025-07-31,11,sunny,25.9,3457.8,1030.2,19778.8,98.9
2025-07-31,12,sunny,25.9,3913.9,540.9,20000.0,100.0
2025-07-31,13,sunny,25.9,3721.2,341.9,20000.0,100.0
2025-07-31,14,sunny,25.9,3495.2,319.9,20000.0,100.0
2025-07-31,15,sunny,25.9,2823.1,451.0,20000.0,100.0
2025-07-31,16,sunny,25.9,2521.3,967.9,20000.0,100.0
2025-07-31,17,sunny,25.9,1807.5,2214.6,19592.9,98.0
2025-07-31,18,sunny,25.9,862.0,2413.7,18041.2,90.2
2025-07-31,19,sunny,25.9,0.0,2012.0,16029.2,80.1
2025-08-01,6,sunny,26.3,0.0,450.1,15579.1,77.9
2025-08-01,7,sunny,26.3,995.7,1040.5,15534.3,77.7
2025-08-01,8,sunny,26.3,1820.2,1534.6,15819.9,79.1
2025-08-01,9,sunny,26.3,2486.6,1839.9,16466.6,82.3
2025-08-01,10,sunny,26.3,3227.6,1469.8,18224.4,91.1
2025-08-01,11,sunny,26.3,3633.9,1095.4,20000.0,100.0
2025-08-01,12,sunny,26.3,3964.0,537.1,20000.0,100.0
2025-08-01,13,sunny,26.3,3733.6,310.4,20000.0,100.0
2025-08-01,14,sunny,26.3,3985.6,304.6,20000.0,100.0
2025-08-01,15,sunny,26.3,3357.5,486.5,20000.0,100.0
2025-08-01,16,sunny,26.3,2665.6,908.0,20000.0,100.0
2025-08-01,17,sunny,26.3,1862.7,1824.3,20000.0,100.0
2025-08-01,18,sunny,26.3,897.6,2403.1,18494.5,92.5
2025-08-01,19,sunny,26.3,0.0,2213.9,16280.6,81.4
2025-08-02,6,sunny,29.0,0.0,551.4,15729.2,78.6
2025-08-02,7,sunny,29.0,1059.4,910.7,15877.9,79.4
2025-08-02,8,sunny,29.0,2238.6,1902.7,16213.8,81.1
2025-08-02,9,sunny,29.0,3222.1,1969.7,17466.2,87.3
2025-08-02,10,sunny,29.0,3539.8,1671.2,19334.8,96.7
2025-08-02,11,sunny,29.0,4137.0,1073.0,20000.0,100.0
2025-08-02,12,sunny,29.0,4211.4,509.4,20000.0,100.0
2025-08-02,13,sunny,29.0,4818.1,381.3,20000.0,100.0
2025-08-02,14,sunny,29.0,4369.8,358.2,20000.0,100.0
2025-08-02,15,sunny,29.0,3514.0,407.7,20000.0,100.0
2025-08-02,16,sunny,29.0,2800.2,1103.5,20000.0,100.0
2025-08-02,17,sunny,29.0,2254.4,1807.5,20000.0,100.0
2025-08-02,18,sunny,29.0,1012.2,2707.5,18304.7,91.5
2025-08-02,19,sunny,29.0,0.0,2324.8,15979.9,79.9
2025-08-03,6,sunny,28.4,0.0,471.7,15508.2,77.5
2025-08-03,7,sunny,28.4,1043.3,1105.8,15445.7,77.2
2025-08-03,8,sunny,28.4,2181.6,1670.9,15956.4,79.8
2025-08-03,9,sunny,28.4,2996.9,2355.6,16597.7,83.0
2025-08-03,10,sunny,28.4,3982.1,1860.7,18719.1,93.6
2025-08-03,11,sunny,28.4,4388.2,1074.2,20000.0,100.0
2025-08-03,12,sunny,28.4,4435.8,519.7,20000.0,100.0
2025-08-03,13,sunny,28.4,4509.8,343.6,20000.0,100.0
2025-08-03,14,sunny,28.4,4641.5,361.5,20000.0,100.0
2025-08-03,15,sunny,28.4,3801.9,435.1,20000.0,100.0
2025-08-03,16,sunny,28.4,3244.4,1104.8,20000.0,100.0
2025-08-03,17,sunny,28.4,2234.6,1831.0,20000.0,100.0
2025-08-03,18,sunny,28.4,1073.3,3155.5,17917.8,89.6
2025-08-03,19,sunny,28.4,0.0,2258.7,15659.1,78.3
2025-08-04,6,sunny,26.5,0.0,535.1,15124.0,75.6
2025-08-04,7,sunny,26.5,1061.2,1015.5,15169.7,75.8
2025-08-04,8,sunny,26.5,2202.3,1877.8,15494.2,77.5
2025-08-04,9,sunny,26.5,2952.7,2252.4,16194.5,81.0
2025-08-04,10,sunny,26.5,3540.8,1517.1,18218.2,91.1
2025-08-04,11,sunny,26.5,4227.6,833.8,20000.0,100.0
2025-08-04,12,sunny,26.5,4859.3,548.8,20000.0,100.0
2025-08-04,13,sunny,26.5,4230.7,367.4,20000.0,100.0
2025-08-04,14,sunny,26.5,4287.9,334.8,20000.0,100.0
2025-08-04,15,sunny,26.5,3993.3,435.5,20000.0,100.0
2025-08-04,16,sunny,26.5,2857.6,820.4,20000.0,100.0
2025-08-04,17,sunny,26.5,2127.2,2389.4,19737.8,98.7
2025-08-04,18,sunny,26.5,1108.2,2712.5,18133.5,90.7
2025-08-04,19,sunny,26.5,0.0,2367.8,15765.7,78.8
2025-08-05,6,sunny,26.1,0.0,453.6,15312.1,76.6
2025-08-05,7,sunny,26.1,1088.4,929.0,15471.5,77.4
2025-08-05,8,sunny,26.1,2201.8,1804.1,15869.2,79.3
2025-08-05,9,sunny,26.1,3391.8,1925.1,17335.9,86.7
2025-08-05,10,sunny,26.1,4029.5,1467.3,19898.1,99.5
2025-08-05,11,sunny,26.1,4357.8,1037.7,20000.0,100.0
2025-08-05,12,sunny,26.1,5057.9,530.3,20000.0,100.0
2025-08-05,13,sunny,26.1,4573.2,338.7,20000.0,100.0
2025-08-05,14,sunny,26.1,4504.0,362.2,20000.0,100.0
2025-08-05,15,sunny,26.1,4107.1,481.3,20000.0,100.0
2025-08-05,16,sunny,26.1,3056.3,950.1,20000.0,100.0
2025-08-05,17,sunny,26.1,2360.2,2022.2,20000.0,100.0
2025-08-05,18,sunny,26.1,1190.4,2829.9,18360.5,91.8
2025-08-05,19,sunny,26.1,0.0,1899.6,16460.9,82.3
2025-08-06,6,sunny,27.7,0.0,493.9,15967.0,79.8
2025-08-06,7,sunny,27.7,1042.5,1096.0,15913.5,79.6
2025-08-06,8,sunny,27.7,2233.2,1943.3,16203.4,81.0
2025-08-06,9,sunny,27.7,3226.0,2207.0,17222.4,86.1
2025-08-06,10,sunny,27.7,3691.8,1880.9,19033.3,95.2
2025-08-06,11,sunny,27.7,3916.2,1058.7,20000.0,100.0
2025-08-06,12,sunny,27.7,4484.6,515.2,20000.0,100.0
2025-08-06,13,sunny,27.7,4399.5,320.4,20000.0,100.0
2025-08-06,14,sunny,27.7,3921.3,308.4,20000.0,100.0
2025-08-06,15,sunny,27.7,3667.0,390.5,20000.0,100.0
2025-08-06,16,sunny,27.7,2880.4,988.6,20000.0,100.0
2025-08-06,17,sunny,27.7,2041.4,2314.3,19727.1,98.6
2025-08-06,18,sunny,27.7,1016.9,2885.7,17858.3,89.3
2025-08-06,19,sunny,27.7,0.0,2123.5,15734.8,78.7
2025-08-07,6,sunny,26.8,0.0,491.1,15243.7,76.2
2025-08-07,7,sunny,26.8,1083.7,951.5,15375.9,76.9
2025-08-07,8,sunny,26.8,2169.8,1786.7,15759.0,78.8
2025-08-07,9,sunny,26.8,3126.2,2276.0,16609.2,83.0
2025-08-07,10,sunny,26.8,3874.5,1566.9,18916.8,94.6
2025-08-07,11,sunny,26.8,4297.6,830.9,20000.0,100.0
2025-08-07,12,sunny,26.8,4756.4,538.3,20000.0,100.0
2025-08-07,13,sunny,26.8,4923.1,327.3,20000.0,100.0
2025-08-07,14,sunny,26.8,4244.5,350.1,20000.0,100.0
2025-08-07,15,sunny,26.8,3651.9,412.8,20000.0,100.0
2025-08-07,16,sunny,26.8,3331.1,933.4,20000.0,100.0
2025-08-07,17,sunny,26.8,2082.9,1957.8,20000.0,100.0
2025-08-07,18,sunny,26.8,1157.2,2525.6,18631.6,93.2
2025-08-07,19,sunny,26.8,0.0,2066.6,16565.0,82.8
2025-08-08,6,sunny,29.4,0.0,474.5,16090.5,80.5
2025-08-08,7,sunny,29.4,953.7,945.0,16099.2,80.5
2025-08-08,8,sunny,29.4,1674.3,1671.5,16102.0,80.5
2025-08-08,9,sunny,29.4,2552.1,2073.4,16580.7,82.9
2025-08-08,10,sunny,29.4,3317.6,1911.6,17986.7,89.9
2025-08-08,11,sunny,29.4,3752.9,986.1,20000.0,100.0
2025-08-08,12,sunny,29.4,3840.4,511.0,20000.0,100.0
2025-08-08,13,sunny,29.4,3691.5,364.8,20000.0,100.0
2025-08-08,14,sunny,29.4,3791.6,293.6,20000.0,100.0
2025-08-08,15,sunny,29.4,3359.7,470.2,20000.0,100.0
2025-08-08,16,sunny,29.4,2519.5,1082.6,20000.0,100.0
2025-08-08,17,sunny,29.4,1682.1,1807.5,19874.6,99.4
2025-08-08,18,sunny,29.4,898.4,2875.4,17897.6,89.5
2025-08-08,19,sunny,29.4,0.0,2384.9,15512.7,77.6
2025-08-09,6,sunny,26.7,0.0,416.8,15095.9,75.5
2025-08-09,7,sunny,26.7,1085.4,926.8,15254.5,76.3
2025-08-09,8,sunny,26.7,2186.1,1799.6,15641.0,78.2
2025-08-09,9,sunny,26.7,2705.6,1843.4,16503.2,82.5
2025-08-09,10,sunny,26.7,3377.8,1932.9,17948.1,89.7
2025-08-09,11,sunny,26.7,4213.2,941.3,20000.0,100.0
2025-08-09,12,sunny,26.7,4149.6,544.6,20000.0,100.0
2025-08-09,13,sunny,26.7,4150.3,354.3,20000.0,100.0
2025-08-09,14,sunny,26.7,4263.2,296.2,20000.0,100.0
2025-08-09,15,sunny,26.7,3609.0,390.3,20000.0,100.0
2025-08-09,16,sunny,26.7,2851.7,1098.8,20000.0,100.0
2025-08-09,17,sunny,26.7,2096.9,2324.6,19772.3,98.9
2025-08-09,18,sunny,26.7,1055.2,2599.2,18228.3,91.1
2025-08-09,19,sunny,26.7,0.0,2106.0,16122.3,80.6
2025-08-10,6,sunny,28.1,0.0,524.3,15598.0,78.0
2025-08-10,7,sunny,28.1,959.9,1070.7,15487.2,77.4
2025-08-10,8,sunny,28.1,1904.7,1585.0,15806.9,79.0
2025-08-10,9,sunny,28.1,2639.3,2291.6,16154.6,80.8
2025-08-10,10,sunny,28.1,3359.7,1693.4,17820.9,89.1
2025-08-10,11,sunny,28.1,3738.2,1015.9,20000.0,100.0
2025-08-10,12,sunny,28.1,4324.8,466.1,20000.0,100.0
2025-08-10,13,sunny,28.1,4429.5,286.6,20000.0,100.0
2025-08-10,14,sunny,28.1,3684.2,324.0,20000.0,100.0
2025-08-10,15,sunny,28.1,3543.3,393.8,20000.0,100.0
2025-08-10,16,sunny,28.1,2792.3,911.7,20000.0,100.0
2025-08-10,17,sunny,28.1,1956.9,2206.3,19750.6,98.8
2025-08-10,18,sunny,28.1,1072.1,2782.5,18040.2,90.2
2025-08-10,19,sunny,28.1,0.0,2155.0,15885.2,79.4
2025-08-11,6,sunny,26.9,0.0,446.7,15438.5,77.2
2025-08-11,7,sunny,26.9,1190.5,860.2,15768.8,78.8
2025-08-11,8,sunny,26.9,2316.6,1541.4,16544.0,82.7
2025-08-11,9,sunny,26.9,3384.7,2217.2,17711.5,88.6
2025-08-11,10,sunny,26.9,3671.9,1800.5,19582.9,97.9
2025-08-11,11,sunny,26.9,4523.5,915.3,20000.0,100.0
2025-08-11,12,sunny,26.9,4553.2,521.9,20000.0,100.0
2025-08-11,13,sunny,26.9,4902.7,316.3,20000.0,100.0
2025-08-11,14,sunny,26.9,4710.2,293.8,20000.0,100.0
2025-08-11,15,sunny,26.9,3659.7,438.4,20000.0,100.0
2025-08-11,16,sunny,26.9,2966.9,899.7,20000.0,100.0
2025-08-11,17,sunny,26.9,2215.4,1970.7,20000.0,100.0
2025-08-11,18,sunny,26.9,1089.6,2991.9,18097.7,90.5
2025-08-11,19,sunny,26.9,0.0,2320.3,15777.4,78.9
2025-08-12,6,sunny,28.6,0.0,532.6,15244.8,76.2
2025-08-12,7,sunny,28.6,952.8,887.8,15309.8,76.5
2025-08-12,8,sunny,28.6,2042.7,1825.0,15527.5,77.6
2025-08-12,9,sunny,28.6,2817.3,1809.5,16535.3,82.7
2025-08-12,10,sunny,28.6,3239.7,1701.8,18073.2,90.4
2025-08-12,11,sunny,28.6,4052.6,951.8,20000.0,100.0
2025-08-12,12,sunny,28.6,3837.7,443.3,20000.0,100.0
2025-08-12,13,sunny,28.6,4202.1,353.0,20000.0,100.0
2025-08-12,14,sunny,28.6,3624.3,272.4,20000.0,100.0
2025-08-12,15,sunny,28.6,3310.6,372.5,20000.0,100.0
2025-08-12,16,sunny,28.6,2787.0,855.4,20000.0,100.0
2025-08-12,17,sunny,28.6,1984.9,2280.8,19704.1,98.5
2025-08-12,18,sunny,28.6,1071.7,3199.4,17576.4,87.9
2025-08-12,19,sunny,28.6,0.0,1808.4,15768.0,78.8
2025-08-13,6,sunny,28.1,0.0,469.1,15298.9,76.5
2025-08-13,7,sunny,28.1,914.4,881.2,15332.1,76.7
2025-08-13,8,sunny,28.1,1890.8,1783.1,15439.8,77.2
2025-08-13,9,sunny,28.1,2629.4,2358.8,15710.4,78.6
2025-08-13,10,sunny,28.1,3047.4,1523.0,17234.8,86.2
2025-08-13,11,sunny,28.1,3621.2,1007.2,19848.8,99.2
2025-08-13,12,sunny,28.1,3965.5,427.2,20000.0,100.0
2025-08-13,13,sunny,28.1,4190.9,314.1,20000.0,100.0
2025-08-13,14,sunny,28.1,3607.3,327.3,20000.0,100.0
2025-08-13,15,sunny,28.1,3467.8,446.5,20000.0,100.0
2025-08-13,16,sunny,28.1,2798.1,873.9,20000.0,100.0
2025-08-13,17,sunny,28.1,1866.2,2313.4,19552.8,97.8
2025-08-13,18,sunny,28.1,945.1,2703.4,17794.5,89.0
2025-08-13,19,sunny,28.1,0.0,1878.9,15915.6,79.6
2025-08-14,6,sunny,23.9,0.0,560.3,15355.3,76.8
2025-08-14,7,sunny,23.9,1166.5,832.6,15689.2,78.4
2025-08-14,8,sunny,23.9,2279.9,1665.2,16303.9,81.5
2025-08-14,9,sunny,23.9,3122.7,2033.4,17393.2,87.0
2025-08-14,10,sunny,23.9,3969.9,1740.6,19622.5,98.1
2025-08-14,11,sunny,23.9,4531.4,873.8,20000.0,100.0
2025-08-14,12,sunny,23.9,4346.8,481.0,20000.0,100.0
2025-08-14,13,sunny,23.9,4220.1,352.9,20000.0,100.0
2025-08-14,14,sunny,23.9,4167.7,321.1,20000.0,100.0
2025-08-14,15,sunny,23.9,3536.6,383.6,20000.0,100.0
2025-08-14,16,sunny,23.9,3109.2,908.1,20000.0,100.0
2025-08-14,17,sunny,23.9,2044.7,1934.4,20000.0,100.0
2025-08-14,18,sunny,23.9,1053.0,2923.9,18129.1,90.6
2025-08-14,19,sunny,23.9,0.0,2018.9,16110.2,80.6
2025-08-15,6,sunny,27.3,0.0,453.1,15657.1,78.3
2025-08-15,7,sunny,27.3,1244.3,937.3,15964.1,79.8
2025-08-15,8,sunny,27.3,2191.3,1908.3,16247.1,81.2
2025-08-15,9,sunny,27.3,3310.0,2171.8,17385.3,86.9
2025-08-15,10,sunny,27.3,4250.8,1476.5,20000.0,100.0
2025-08-15,11,sunny,27.3,4795.0,1013.5,20000.0,100.0
2025-08-15,12,sunny,27.3,4735.2,453.9,20000.0,100.0
2025-08-15,13,sunny,27.3,4545.2,377.7,20000.0,100.0
2025-08-15,14,sunny,27.3,4307.1,292.9,20000.0,100.0
2025-08-15,15,sunny,27.3,4130.0,452.5,20000.0,100.0
2025-08-15,16,sunny,27.3,3064.0,1055.1,20000.0,100.0
2025-08-15,17,sunny,27.3,2269.1,2325.8,19943.3,99.7
2025-08-15,18,sunny,27.3,1092.6,2433.2,18602.7,93.0
2025-08-15,19,sunny,27.3,0.0,1884.6,16718.1,83.6
2025-08-16,6,sunny,26.7,0.0,548.4,16169.7,80.8
2025-08-16,7,sunny,26.7,1131.0,1094.5,16206.2,81.0
2025-08-16,8,sunny,26.7,2216.9,1673.3,16749.8,83.7
2025-08-16,9,sunny,26.7,2932.1,2349.6,17332.3,86.7
2025-08-16,10,sunny,26.7,3939.5,1943.2,19328.6,96.6
2025-08-16,11,sunny,26.7,4373.3,876.2,20000.0,100.0
2025-08-16,12,sunny,26.7,4764.4,555.4,20000.0,100.0
2025-08-16,13,sunny,26.7,4573.1,369.3,20000.0,100.0
2025-08-16,14,sunny,26.7,4239.5,357.7,20000.0,100.0
2025-08-16,15,sunny,26.7,3465.8,472.2,20000.0,100.0
2025-08-16,16,sunny,26.7,2775.0,917.7,20000.0,100.0
2025-08-16,17,sunny,26.7,1970.4,2092.5,19877.9,99.4
2025-08-16,18,sunny,26.7,1030.7,3202.5,17706.1,88.5
2025-08-16,19,sunny,26.7,0.0,2356.9,15349.2,76.7
2025-08-17,6,sunny,27.6,0.0,519.5,14829.7,74.1
2025-08-17,7,sunny,27.6,1068.1,1053.2,14844.6,74.2
2025-08-17,8,sunny,27.6,2167.5,1746.7,15265.4,76.3
2025-08-17,9,sunny,27.6,3149.7,2238.4,16176.7,80.9
2025-08-17,10,sunny,27.6,3746.8,1631.1,18292.4,91.5
2025-08-17,11,sunny,27.6,3826.7,887.4,20000.0,100.0
2025-08-17,12,sunny,27.6,4578.4,520.6,20000.0,100.0
2025-08-17,13,sunny,27.6,4285.4,346.1,20000.0,100.0
2025-08-17,14,sunny,27.6,3949.8,293.3,20000.0,100.0
2025-08-17,15,sunny,27.6,3898.6,414.6,20000.0,100.0
2025-08-17,16,sunny,27.6,2823.7,960.5,20000.0,100.0
2025-08-17,17,sunny,27.6,2023.9,2250.7,19773.2,98.9
2025-08-17,18,sunny,27.6,1136.1,2897.6,18011.7,90.1
2025-08-17,19,sunny,27.6,0.0,2020.3,15991.4,80.0
2025-08-18,6,sunny,26.7,0.0,543.5,15447.9,77.2
2025-08-18,7,sunny,26.7,1063.9,959.9,15551.9,77.8
2025-08-18,8,sunny,26.7,1954.8,1874.0,15632.7,78.2
2025-08-18,9,sunny,26.7,2829.2,2043.7,16418.2,82.1
2025-08-18,10,sunny,26.7,3892.4,1680.3,18630.3,93.2
2025-08-18,11,sunny,26.7,4481.0,878.3,20000.0,100.0
2025-08-18,12,sunny,26.7,4609.3,560.0,20000.0,100.0
2025-08-18,13,sunny,26.7,4495.6,352.8,20000.0,100.0
2025-08-18,14,sunny,26.7,4133.3,339.4,20000.0,100.0
2025-08-18,15,sunny,26.7,3931.4,451.6,20000.0,100.0
2025-08-18,16,sunny,26.7,3180.2,989.9,20000.0,100.0
2025-08-18,17,sunny,26.7,2113.4,1982.2,20000.0,100.0
2025-08-18,18,sunny,26.7,1110.3,3143.1,17967.2,89.8
2025-08-18,19,sunny,26.7,0.0,1937.0,16030.2,80.2
2025-08-19,6,sunny,26.9,0.0,439.3,15590.9,78.0
2025-08-19,7,sunny,26.9,1066.7,937.1,15720.5,78.6
2025-08-19,8,sunny,26.9,2070.8,1947.1,15844.2,79.2
2025-08-19,9,sunny,26.9,3098.9,2121.2,16821.9,84.1
2025-08-19,10,sunny,26.9,3727.9,1675.9,18873.9,94.4
2025-08-19,11,sunny,26.9,4750.7,958.9,20000.0,100.0
2025-08-19,12,sunny,26.9,4339.1,451.9,20000.0,100.0
2025-08-19,13,sunny,26.9,5039.3,382.5,20000.0,100.0
2025-08-19,14,sunny,26.9,4224.1,326.6,20000.0,100.0
2025-08-19,15,sunny,26.9,3638.0,435.6,20000.0,100.0
2025-08-19,16,sunny,26.9,2955.0,1056.5,20000.0,100.0
2025-08-19,17,sunny,26.9,2345.9,1899.1,20000.0,100.0
2025-08-19,18,sunny,26.9,1125.1,2483.3,18641.8,93.2
2025-08-19,19,sunny,26.9,0.0,1830.9,16810.9,84.1
2025-08-20,6,sunny,30.1,0.0,542.5,16268.4,81.3
2025-08-20,7,sunny,30.1,962.9,970.6,16260.7,81.3
2025-08-20,8,sunny,30.1,1985.1,1922.2,16323.6,81.6
2025-08-20,9,sunny,30.1,2721.5,1898.2,17146.9,85.7
2025-08-20,10,sunny,30.1,3677.1,1817.1,19006.9,95.0
2025-08-20,11,sunny,30.1,4147.0,825.4,20000.0,100.0
2025-08-20,12,sunny,30.1,4114.2,539.7,20000.0,100.0
2025-08-20,13,sunny,30.1,4338.3,343.8,20000.0,100.0
2025-08-20,14,sunny,30.1,3897.4,292.9,20000.0,100.0
2025-08-20,15,sunny,30.1,3784.9,454.8,20000.0,100.0
2025-08-20,16,sunny,30.1,2689.8,1090.9,20000.0,100.0
2025-08-20,17,sunny,30.1,2025.2,2000.4,20000.0,100.0
2025-08-20,18,sunny,30.1,1013.6,3010.7,18002.9,90.0
2025-08-20,19,sunny,30.1,0.0,2155.4,15847.5,79.2
2025-08-21,6,cloudy,26.6,0.0,468.6,15378.9,76.9
2025-08-21,7,cloudy,26.6,856.8,1019.5,15216.2,76.1
2025-08-21,8,cloudy,26.6,1713.0,1671.3,15257.9,76.3
2025-08-21,9,cloudy,26.6,2459.4,2353.8,15363.5,76.8
2025-08-21,10,cloudy,26.6,3121.4,1867.4,16617.5,83.1
2025-08-21,11,cloudy,26.6,3263.8,938.9,18942.4,94.7
2025-08-21,12,cloudy,26.6,3628.7,422.8,20000.0,100.0
2025-08-21,13,cloudy,26.6,3748.3,315.9,20000.0,100.0
2025-08-21,14,cloudy,26.6,3276.4,292.8,20000.0,100.0
2025-08-21,15,cloudy,26.6,2884.2,405.0,20000.0,100.0
2025-08-21,16,cloudy,26.6,2442.8,988.4,20000.0,100.0
2025-08-21,17,cloudy,26.6,1621.5,1920.2,19701.3,98.5
2025-08-21,18,cloudy,26.6,911.2,2475.4,18137.1,90.7
2025-08-21,19,cloudy,26.6,0.0,2118.6,16018.5,80.1
2025-08-22,6,sunny,26.7,0.0,559.3,15459.2,77.3
2025-08-22,7,sunny,26.7,1176.7,879.8,15756.1,78.8
2025-08-22,8,sunny,26.7,2075.5,1622.6,16209.0,81.0
2025-08-22,9,sunny,26.7,3032.9,2133.4,17108.5,85.5
2025-08-22,10,sunny,26.7,3670.4,1560.1,19218.8,96.1
2025-08-22,11,sunny,26.7,4269.6,1011.8,20000.0,100.0
2025-08-22,12,sunny,26.7,4751.0,559.7,20000.0,100.0
2025-08-22,13,sunny,26.7,4405.9,322.9,20000.0,100.0
2025-08-22,14,sunny,26.7,4659.9,333.6,20000.0,100.0
2025-08-22,15,sunny,26.7,3882.2,430.7,20000.0,100.0
2025-08-22,16,sunny,26.7,2882.9,1078.1,20000.0,100.0
2025-08-22,17,sunny,26.7,2203.3,2150.9,20000.0,100.0
2025-08-22,18,sunny,26.7,1119.9,2728.6,18391.3,92.0
2025-08-22,19,sunny,26.7,0.0,2266.9,16124.4,80.6
2025-08-23,6,sunny,26.4,0.0,552.7,15571.7,77.9
2025-08-23,7,sunny,26.4,1021.4,937.1,15656.0,78.3
2025-08-23,8,sunny,26.4,2061.2,1855.9,15861.3,79.3
2025-08-23,9,sunny,26.4,2961.0,2320.5,16501.8,82.5
2025-08-23,10,sunny,26.4,3369.2,1918.6,17952.4,89.8
2025-08-23,11,sunny,26.4,4322.5,967.7,20000.0,100.0
2025-08-23,12,sunny,26.4,4403.6,447.5,20000.0,100.0
2025-08-23,13,sunny,26.4,4286.1,303.8,20000.0,100.0
2025-08-23,14,sunny,26.4,3770.3,361.2,20000.0,100.0
2025-08-23,15,sunny,26.4,3449.2,437.6,20000.0,100.0
2025-08-23,16,sunny,26.4,2797.5,926.8,20000.0,100.0
2025-08-23,17,sunny,26.4,1990.8,2001.5,19989.3,99.9
2025-08-23,18,sunny,26.4,1063.6,3210.0,17842.9,89.2
2025-08-23,19,sunny,26.4,0.0,2404.7,15438.2,77.2
2025-08-24,6,sunny,28.7,0.0,425.5,15012.7,75.1
2025-08-24,7,sunny,28.7,1164.7,983.5,15193.9,76.0
2025-08-24,8,sunny,28.7,2117.3,1861.1,15450.1,77.3
2025-08-24,9,sunny,28.7,2972.3,2278.7,16143.7,80.7
2025-08-24,10,sunny,28.7,3699.0,1916.7,17926.0,89.6
2025-08-24,11,sunny,28.7,4162.7,857.6,20000.0,100.0
2025-08-24,12,sunny,28.7,4722.8,440.2,20000.0,100.0
2025-08-24,13,sunny,28.7,4900.0,349.1,20000.0,100.0
2025-08-24,14,sunny,28.7,4138.0,288.1,20000.0,100.0
2025-08-24,15,sunny,28.7,4047.3,439.5,20000.0,100.0
2025-08-24,16,sunny,28.7,3246.9,851.5,20000.0,100.0
2025-08-24,17,sunny,28.7,2285.9,2118.3,20000.0,100.0
2025-08-24,18,sunny,28.7,1133.5,2712.5,18421.0,92.1
2025-08-24,19,sunny,28.7,0.0,2395.0,16026.0,80.1
2025-08-25,6,cloudy,22.5,0.0,440.9,15585.1,77.9
2025-08-25,7,cloudy,22.5,738.2,839.0,15484.3,77.4
2025-08-25,8,cloudy,22.5,1488.6,1473.3,15499.6,77.5
2025-08-25,9,cloudy,22.5,2125.2,1872.2,15752.6,78.8
2025-08-25,10,cloudy,22.5,2776.1,1872.0,16656.7,83.3
2025-08-25,11,cloudy,22.5,3134.0,875.7,18915.0,94.6
2025-08-25,12,cloudy,22.5,3366.7,452.9,20000.0,100.0
2025-08-25,13,cloudy,22.5,3363.0,340.3,20000.0,100.0
2025-08-25,14,cloudy,22.5,2983.5,276.2,20000.0,100.0
2025-08-25,15,cloudy,22.5,2816.1,481.8,20000.0,100.0
2025-08-25,16,cloudy,22.5,2215.4,1098.7,20000.0,100.0
2025-08-25,17,cloudy,22.5,1615.0,1912.7,19702.3,98.5
2025-08-25,18,cloudy,22.5,807.3,2692.5,17817.1,89.1
2025-08-25,19,cloudy,22.5,0.0,1889.0,15928.1,79.6
2025-08-26,6,sunny,25.7,0.0,470.8,15457.3,77.3
2025-08-26,7,sunny,25.7,1152.8,1033.6,15576.5,77.9
2025-08-26,8,sunny,25.7,2413.9,1610.7,16379.7,81.9
2025-08-26,9,sunny,25.7,3219.0,2158.7,17440.0,87.2
2025-08-26,10,sunny,25.7,3946.2,1704.0,19682.2,98.4
2025-08-26,11,sunny,25.7,4281.7,866.3,20000.0,100.0
2025-08-26,12,sunny,25.7,4765.8,550.7,20000.0,100.0
2025-08-26,13,sunny,25.7,4727.3,308.5,20000.0,100.0
2025-08-26,14,sunny,25.7,4728.5,358.2,20000.0,100.0
2025-08-26,15,sunny,25.7,3986.8,362.9,20000.0,100.0
2025-08-26,16,sunny,25.7,3326.3,939.7,20000.0,100.0
2025-08-26,17,sunny,25.7,2326.0,1965.2,20000.0,100.0
2025-08-26,18,sunny,25.7,1077.4,2688.4,18389.0,91.9
2025-08-26,19,sunny,25.7,0.0,2038.1,16350.9,81.8
2025-08-27,6,sunny,29.0,0.0,433.8,15917.1,79.6
2025-08-27,7,sunny,29.0,964.9,1010.5,15871.5,79.4
2025-08-27,8,sunny,29.0,1783.8,1942.0,15713.3,78.6
2025-08-27,9,sunny,29.0,2754.7,1984.2,16483.8,82.4
2025-08-27,10,sunny,29.0,2990.5,1604.0,17870.3,89.4
2025-08-27,11,sunny,29.0,3495.4,975.8,20000.0,100.0
2025-08-27,12,sunny,29.0,4138.2,544.1,20000.0,100.0
2025-08-27,13,sunny,29.0,3771.6,326.4,20000.0,100.0
2025-08-27,14,sunny,29.0,3400.7,319.8,20000.0,100.0
2025-08-27,15,sunny,29.0,3006.5,481.7,20000.0,100.0
2025-08-27,16,sunny,29.0,2743.6,881.6,20000.0,100.0
2025-08-27,17,sunny,29.0,1875.8,2148.6,19727.2,98.6
2025-08-27,18,sunny,29.0,980.7,2799.4,17908.5,89.5
2025-08-27,19,sunny,29.0,0.0,2194.0,15714.5,78.6
2025-08-28,6,sunny,25.6,0.0,516.9,15197.6,76.0
2025-08-28,7,sunny,25.6,976.0,849.5,15324.1,76.6
2025-08-28,8,sunny,25.6,1776.6,1821.1,15279.6,76.4
2025-08-28,9,sunny,25.6,2441.3,2141.9,15579.0,77.9
2025-08-28,10,sunny,25.6,3279.7,1627.7,17231.0,86.2
2025-08-28,11,sunny,25.6,3815.5,965.3,20000.0,100.0
2025-08-28,12,sunny,25.6,3929.4,437.0,20000.0,100.0
2025-08-28,13,sunny,25.6,3571.4,288.6,20000.0,100.0
2025-08-28,14,sunny,25.6,3855.7,351.9,20000.0,100.0
2025-08-28,15,sunny,25.6,3346.4,387.3,20000.0,100.0
2025-08-28,16,sunny,25.6,2584.6,1049.9,20000.0,100.0
2025-08-28,17,sunny,25.6,1852.7,1862.8,19989.9,99.9
2025-08-28,18,sunny,25.6,985.7,2532.9,18442.7,92.2
2025-08-28,19,sunny,25.6,0.0,2359.0,16083.7,80.4
2025-08-29,6,sunny,25.3,0.0,560.4,15523.3,77.6
2025-08-29,7,sunny,25.3,1098.4,1036.4,15585.3,77.9
2025-08-29,8,sunny,25.3,2207.8,1506.3,16286.8,81.4
2025-08-29,9,sunny,25.3,3193.9,2130.7,17350.0,86.8
2025-08-29,10,sunny,25.3,3830.6,1653.5,19527.1,97.6
2025-08-29,11,sunny,25.3,4653.3,984.3,20000.0,100.0
2025-08-29,12,sunny,25.3,5005.6,539.2,20000.0,100.0
2025-08-29,13,sunny,25.3,4771.8,325.9,20000.0,100.0
2025-08-29,14,sunny,25.3,4555.9,321.9,20000.0,100.0
2025-08-29,15,sunny,25.3,3770.3,401.8,20000.0,100.0
2025-08-29,16,sunny,25.3,3069.5,931.3,20000.0,100.0
2025-08-29,17,sunny,25.3,2430.5,2157.9,20000.0,100.0
2025-08-29,18,sunny,25.3,1154.0,2875.8,18278.2,91.4
2025-08-29,19,sunny,25.3,0.0,2064.6,16213.6,81.1
2025-08-30,6,sunny,27.8,0.0,495.6,15718.0,78.6
2025-08-30,7,sunny,27.8,1175.2,1036.3,15856.9,79.3
2025-08-30,8,sunny,27.8,2433.7,1852.8,16437.8,82.2
2025-08-30,9,sunny,27.8,3234.6,1891.8,17780.6,88.9
2025-08-30,10,sunny,27.8,4066.5,1872.5,19974.6,99.9
2025-08-30,11,sunny,27.8,4861.4,1056.1,20000.0,100.0
2025-08-30,12,sunny,27.8,4607.9,521.0,20000.0,100.0
2025-08-30,13,sunny,27.8,5122.5,351.7,20000.0,100.0
2025-08-30,14,sunny,27.8,4688.5,315.7,20000.0,100.0
2025-08-30,15,sunny,27.8,4096.6,399.4,20000.0,100.0
2025-08-30,16,sunny,27.8,3028.2,1059.1,20000.0,100.0
2025-08-30,17,sunny,27.8,2420.0,2331.1,20000.0,100.0
2025-08-30,18,sunny,27.8,1136.9,2476.1,18660.8,93.3
2025-08-30,19,sunny,27.8,0.0,2322.2,16338.6,81.7
2025-08-31,6,sunny,25.6,0.0,497.3,15841.3,79.2
2025-08-31,7,sunny,25.6,1036.5,885.4,15992.4,80.0
2025-08-31,8,sunny,25.6,2064.3,1749.0,16307.7,81.5
2025-08-31,9,sunny,25.6,2541.2,1800.8,17048.1,85.2
2025-08-31,10,sunny,25.6,3612.8,1776.0,18884.9,94.4
2025-08-31,11,sunny,25.6,4033.5,1044.2,20000.0,100.0
2025-08-31,12,sunny,25.6,4065.4,533.6,20000.0,100.0
2025-08-31,13,sunny,25.6,4392.9,300.8,20000.0,100.0
2025-08-31,14,sunny,25.6,4034.1,297.4,20000.0,100.0
2025-08-31,15,sunny,25.6,3318.4,414.5,20000.0,100.0
2025-08-31,16,sunny,25.6,2903.2,826.0,20000.0,100.0
2025-08-31,17,sunny,25.6,1907.2,2219.4,19687.8,98.4
2025-08-31,18,sunny,25.6,932.7,3067.2,17553.3,87.8
2025-08-31,19,sunny,25.6,0.0,1847.3,15706.0,78.5
2025-09-01,6,sunny,26.0,0.0,427.9,15278.1,76.4
2025-09-01,7,sunny,26.0,1141.7,1075.5,15344.3,76.7
2025-09-01,8,sunny,26.0,2122.5,1728.1,15738.7,78.7
2025-09-01,9,sunny,26.0,3148.5,2198.0,16689.2,83.4
2025-09-01,10,sunny,26.0,3760.2,1877.3,18572.1,92.9
2025-09-01,11,sunny,26.0,4268.7,963.2,20000.0,100.0
2025-09-01,12,sunny,26.0,4352.6,490.2,20000.0,100.0
2025-09-01,13,sunny,26.0,4443.1,319.6,20000.0,100.0
2025-09-01,14,sunny,26.0,4137.1,344.2,20000.0,100.0
2025-09-01,15,sunny,26.0,3623.6,365.1,20000.0,100.0
2025-09-01,16,sunny,26.0,2859.0,886.7,20000.0,100.0
2025-09-01,17,sunny,26.0,2166.4,2073.6,20000.0,100.0
2025-09-01,18,sunny,26.0,1031.3,3082.9,17948.4,89.7
2025-09-01,19,sunny,26.0,0.0,1899.9,16048.5,80.2
2025-09-02,6,sunny,27.6,0.0,539.4,15509.1,77.5
2025-09-02,7,sunny,27.6,1161.9,836.2,15834.8,79.2
2025-09-02,8,sunny,27.6,2210.0,1808.4,16236.4,81.2
2025-09-02,9,sunny,27.6,2878.8,2372.0,16743.2,83.7
2025-09-02,10,sunny,27.6,3686.3,1899.7,18529.8,92.6
2025-09-02,11,sunny,27.6,4319.5,969.9,20000.0,100.0
2025-09-02,12,sunny,27.6,4276.6,550.6,20000.0,100.0
2025-09-02,13,sunny,27.6,4552.4,284.1,20000.0,100.0
2025-09-02,14,sunny,27.6,3935.7,341.9,20000.0,100.0
2025-09-02,15,sunny,27.6,3546.8,438.3,20000.0,100.0
2025-09-02,16,sunny,27.6,3098.6,900.4,20000.0,100.0
2025-09-02,17,sunny,27.6,2135.2,1941.6,20000.0,100.0
2025-09-02,18,sunny,27.6,1162.7,3124.7,18038.0,90.2
2025-09-02,19,sunny,27.6,0.0,2123.9,15914.1,79.6
2025-09-03,6,sunny,25.1,0.0,498.9,15415.2,77.1
2025-09-03,7,sunny,25.1,1120.1,864.9,15670.4,78.4
2025-09-03,8,sunny,25.1,2056.3,1500.5,16226.2,81.1
2025-09-03,9,sunny,25.1,2964.2,2015.4,17175.0,85.9
2025-09-03,10,sunny,25.1,3873.5,1658.7,19389.8,96.9
2025-09-03,11,sunny,25.1,3875.6,1058.6,20000.0,100.0
2025-09-03,12,sunny,25.1,4573.9,518.4,20000.0,100.0
2025-09-03,13,sunny,25.1,4525.6,310.0,20000.0,100.0
2025-09-03,14,sunny,25.1,4195.2,271.9,20000.0,100.0
2025-09-03,15,sunny,25.1,3445.0,480.9,20000.0,100.0
2025-09-03,16,sunny,25.1,3018.8,886.4,20000.0,100.0
2025-09-03,17,sunny,25.1,1918.5,2389.2,19529.3,97.6
2025-09-03,18,sunny,25.1,988.1,2614.5,17902.9,89.5
2025-09-03,19,sunny,25.1,0.0,1794.5,16108.4,80.5
2025-09-04,6,sunny,29.3,0.0,490.4,15618.0,78.1
2025-09-04,7,sunny,29.3,939.2,976.9,15580.3,77.9
2025-09-04,8,sunny,29.3,1823.3,1784.4,15619.2,78.1
2025-09-04,9,sunny,29.3,2549.6,2194.3,15974.5,79.9
2025-09-04,10,sunny,29.3,3255.5,1809.2,17420.8,87.1
2025-09-04,11,sunny,29.3,3694.6,859.9,20000.0,100.0
2025-09-04,12,sunny,29.3,3856.7,524.6,20000.0,100.0
2025-09-04,13,sunny,29.3,3638.5,371.1,20000.0,100.0
2025-09-04,14,sunny,29.3,3429.7,291.4,20000.0,100.0
2025-09-04,15,sunny,29.3,3288.0,393.4,20000.0,100.0
2025-09-04,16,sunny,29.3,2475.1,926.1,20000.0,100.0
2025-09-04,17,sunny,29.3,1865.0,2077.4,19787.6,98.9
2025-09-04,18,sunny,29.3,932.1,3068.8,17650.9,88.3
2025-09-04,19,sunny,29.3,0.0,2385.9,15265.0,76.3
2025-09-05,6,sunny,27.4,0.0,493.3,14771.7,73.9
2025-09-05,7,sunny,27.4,927.4,892.9,14806.2,74.0
2025-09-05,8,sunny,27.4,1980.0,1526.6,15259.6,76.3
2025-09-05,9,sunny,27.4,2809.2,2012.8,16056.0,80.3
2025-09-05,10,sunny,27.4,3460.2,1447.5,18068.7,90.3
2025-09-05,11,sunny,27.4,4120.1,922.3,20000.0,100.0
2025-09-05,12,sunny,27.4,3921.9,480.6,20000.0,100.0
2025-09-05,13,sunny,27.4,4143.0,347.3,20000.0,100.0
2025-09-05,14,sunny,27.4,3925.3,272.4,20000.0,100.0
2025-09-05,15,sunny,27.4,3638.7,420.1,20000.0,100.0
2025-09-05,16,sunny,27.4,2592.9,1043.2,20000.0,100.0
2025-09-05,17,sunny,27.4,1991.5,2200.1,19791.4,99.0
2025-09-05,18,sunny,27.4,989.6,2744.3,18036.7,90.2
2025-09-05,19,sunny,27.4,0.0,1821.8,16214.9,81.1
2025-09-06,6,sunny,25.3,0.0,477.8,15737.1,78.7
2025-09-06,7,sunny,25.3,1049.7,1033.0,15753.8,78.8
2025-09-06,8,sunny,25.3,2050.8,1529.5,16275.1,81.4
2025-09-06,9,sunny,25.3,2876.9,2244.4,16907.6,84.5
2025-09-06,10,sunny,25.3,3853.7,1482.2,19279.1,96.4
2025-09-06,11,sunny,25.3,4030.5,1000.8,20000.0,100.0
2025-09-06,12,sunny,25.3,4598.3,517.1,20000.0,100.0
2025-09-06,13,sunny,25.3,4323.3,356.2,20000.0,100.0
2025-09-06,14,sunny,25.3,4571.7,325.2,20000.0,100.0
2025-09-06,15,sunny,25.3,3594.6,448.6,20000.0,100.0
2025-09-06,16,sunny,25.3,2965.1,833.9,20000.0,100.0
2025-09-06,17,sunny,25.3,2064.6,2361.9,19702.7,98.5
2025-09-06,18,sunny,25.3,1081.5,3128.5,17655.7,88.3
2025-09-06,19,sunny,25.3,0.0,2116.4,15539.3,77.7
2025-09-07,6,sunny,27.2,0.0,486.6,15052.7,75.3
2025-09-07,7,sunny,27.2,1015.4,931.1,15137.0,75.7
2025-09-07,8,sunny,27.2,2059.1,1453.9,15742.2,78.7
2025-09-07,9,sunny,27.2,2824.6,2408.5,16158.3,80.8
2025-09-07,10,sunny,27.2,3378.8,1609.6,17927.5,89.6
2025-09-07,11,sunny,27.2,4006.1,927.4,20000.0,100.0
2025-09-07,12,sunny,27.2,4497.8,452.7,20000.0,100.0
2025-09-07,13,sunny,27.2,4346.7,348.1,20000.0,100.0
2025-09-07,14,sunny,27.2,4006.7,358.1,20000.0,100.0
2025-09-07,15,sunny,27.2,3893.3,377.1,20000.0,100.0
2025-09-07,16,sunny,27.2,2851.2,879.8,20000.0,100.0
2025-09-07,17,sunny,27.2,1948.7,2100.0,19848.7,99.2
2025-09-07,18,sunny,27.2,1064.7,2757.1,18156.3,90.8
2025-09-07,19,sunny,27.2,0.0,1965.8,16190.5,81.0
2025-09-08,6,sunny,26.2,0.0,512.7,15677.8,78.4
2025-09-08,7,sunny,26.2,1112.0,1016.7,15773.1,78.9
2025-09-08,8,sunny,26.2,2206.1,1900.6,16078.6,80.4
2025-09-08,9,sunny,26.2,2895.1,2005.2,16968.5,84.8
2025-09-08,10,sunny,26.2,4137.0,1539.6,19565.9,97.8
2025-09-08,11,sunny,26.2,4122.7,1028.3,20000.0,100.0
2025-09-08,12,sunny,26.2,4841.5,515.0,20000.0,100.0
2025-09-08,13,sunny,26.2,4840.6,353.0,20000.0,100.0
2025-09-08,14,sunny,26.2,4128.4,325.9,20000.0,100.0
2025-09-08,15,sunny,26.2,4013.4,472.4,20000.0,100.0
2025-09-08,16,sunny,26.2,2980.6,856.5,20000.0,100.0
2025-09-08,17,sunny,26.2,2267.7,1951.9,20000.0,100.0
2025-09-08,18,sunny,26.2,1038.8,3095.1,17943.7,89.7
2025-09-08,19,sunny,26.2,0.0,1996.1,15947.6,79.7
2025-09-09,6,sunny,26.5,0.0,488.2,15459.4,77.3
2025-09-09,7,sunny,26.5,983.0,921.3,15521.1,77.6
2025-09-09,8,sunny,26.5,1913.8,1504.2,15930.7,79.7
2025-09-09,9,sunny,26.5,2779.9,2131.2,16579.4,82.9
2025-09-09,10,sunny,26.5,3413.7,1622.0,18371.1,91.9
2025-09-09,11,sunny,26.5,4045.7,939.1,20000.0,100.0
2025-09-09,12,sunny,26.5,4063.7,422.0,20000.0,100.0
2025-09-09,13,sunny,26.5,4001.9,318.6,20000.0,100.0
2025-09-09,14,sunny,26.5,4196.1,280.7,20000.0,100.0
2025-09-09,15,sunny,26.5,3730.8,453.2,20000.0,100.0
2025-09-09,16,sunny,26.5,2659.3,827.4,20000.0,100.0
2025-09-09,17,sunny,26.5,1923.0,1825.3,20000.0,100.0
2025-09-09,18,sunny,26.5,1044.0,2430.5,18613.5,93.1
2025-09-09,19,sunny,26.5,0.0,2101.2,16512.3,82.6
2025-09-10,6,cloudy,24.0,0.0,552.2,15960.1,79.8
2025-09-10,7,cloudy,24.0,929.9,921.5,15968.5,79.8
2025-09-10,8,cloudy,24.0,1582.4,1632.0,15918.9,79.6
2025-09-10,9,cloudy,24.0,2293.9,2119.5,16093.3,80.5
2025-09-10,10,cloudy,24.0,2917.8,1691.9,17319.2,86.6
2025-09-10,11,cloudy,24.0,3515.0,897.0,19937.2,99.7
2025-09-10,12,cloudy,24.0,3607.4,465.5,20000.0,100.0
2025-09-10,13,cloudy,24.0,3743.9,347.5,20000.0,100.0
2025-09-10,14,cloudy,24.0,3122.8,330.8,20000.0,100.0
2025-09-10,15,cloudy,24.0,2822.6,454.4,20000.0,100.0
2025-09-10,16,cloudy,24.0,2420.7,935.8,20000.0,100.0
2025-09-10,17,cloudy,24.0,1729.2,2330.9,19398.3,97.0
2025-09-10,18,cloudy,24.0,901.7,2858.4,17441.6,87.2
2025-09-10,19,cloudy,24.0,0.0,2051.3,15390.3,77.0
2025-09-11,6,sunny,30.3,0.0,451.2,14939.1,74.7
2025-09-11,7,sunny,30.3,969.3,865.8,15042.6,75.2
2025-09-11,8,sunny,30.3,1919.1,1545.1,15416.6,77.1
2025-09-11,9,sunny,30.3,2825.3,1849.0,16392.9,82.0
2025-09-11,10,sunny,30.3,3333.3,1786.3,17939.9,89.7
2025-09-11,11,sunny,30.3,3864.8,939.5,20000.0,100.0
2025-09-11,12,sunny,30.3,4359.3,560.9,20000.0,100.0
2025-09-11,13,sunny,30.3,4210.0,291.5,20000.0,100.0
2025-09-11,14,sunny,30.3,3686.2,360.0,20000.0,100.0
2025-09-11,15,sunny,30.3,3550.9,457.9,20000.0,100.0
2025-09-11,16,sunny,30.3,2859.7,871.6,20000.0,100.0
2025-09-11,17,sunny,30.3,1935.8,2294.0,19641.8,98.2
2025-09-11,18,sunny,30.3,1061.5,2597.8,18105.5,90.5
2025-09-11,19,sunny,30.3,0.0,1889.1,16216.4,81.1
2025-09-12,6,sunny,27.0,0.0,450.2,15766.2,78.8
2025-09-12,7,sunny,27.0,897.5,1008.2,15655.5,78.3
2025-09-12,8,sunny,27.0,1667.0,1864.6,15457.9,77.3
2025-09-12,9,sunny,27.0,2588.1,2323.7,15722.3,78.6
2025-09-12,10,sunny,27.0,2953.3,1826.6,16849.0,84.2
2025-09-12,11,sunny,27.0,3476.5,988.9,19336.6,96.7
2025-09-12,12,sunny,27.0,3644.9,504.5,20000.0,100.0
2025-09-12,13,sunny,27.0,3452.6,324.5,20000.0,100.0
2025-09-12,14,sunny,27.0,3274.2,294.8,20000.0,100.0
2025-09-12,15,sunny,27.0,2858.6,389.0,20000.0,100.0
2025-09-12,16,sunny,27.0,2549.2,978.7,20000.0,100.0
2025-09-12,17,sunny,27.0,1586.8,2287.9,19298.9,96.5
2025-09-12,18,sunny,27.0,937.3,3141.8,17094.4,85.5
2025-09-12,19,sunny,27.0,0.0,2416.6,14677.8,73.4
2025-09-13,6,sunny,25.0,0.0,462.3,14215.5,71.1
2025-09-13,7,sunny,25.0,1231.9,1046.6,14400.8,72.0
2025-09-13,8,sunny,25.0,2361.7,1904.2,14858.3,74.3
2025-09-13,9,sunny,25.0,3175.1,2037.0,15996.4,80.0
2025-09-13,10,sunny,25.0,4098.5,1823.3,18271.6,91.4
2025-09-13,11,sunny,25.0,4824.5,1070.7,20000.0,100.0
2025-09-13,12,sunny,25.0,5004.3,556.9,20000.0,100.0
2025-09-13,13,sunny,25.0,4600.2,378.6,20000.0,100.0
2025-09-13,14,sunny,25.0,4252.6,320.9,20000.0,100.0
2025-09-13,15,sunny,25.0,3759.1,434.4,20000.0,100.0
2025-09-13,16,sunny,25.0,3178.1,843.2,20000.0,100.0
2025-09-13,17,sunny,25.0,2317.2,2251.7,20000.0,100.0
2025-09-13,18,sunny,25.0,1108.2,2984.5,18123.7,90.6
2025-09-13,19,sunny,25.0,0.0,1876.6,16247.1,81.2
2025-09-14,6,sunny,28.0,0.0,504.0,15743.1,78.7
2025-09-14,7,sunny,28.0,1121.2,988.6,15875.7,79.4
2025-09-14,8,sunny,28.0,2173.3,1945.1,16103.9,80.5
2025-09-14,9,sunny,28.0,2915.7,1879.5,17140.1,85.7
2025-09-14,10,sunny,28.0,3473.9,1751.6,18862.4,94.3
2025-09-14,11,sunny,28.0,4211.7,871.0,20000.0,100.0
2025-09-14,12,sunny,28.0,4700.4,556.8,20000.0,100.0
2025-09-14,13,sunny,28.0,4270.9,304.2,20000.0,100.0
2025-09-14,14,sunny,28.0,3997.4,305.0,20000.0,100.0
2025-09-14,15,sunny,28.0,3880.4,437.9,20000.0,100.0
2025-09-14,16,sunny,28.0,2768.2,956.5,20000.0,100.0
2025-09-14,17,sunny,28.0,1947.3,2046.4,19900.9,99.5
2025-09-14,18,sunny,28.0,1054.3,2945.5,18009.7,90.0
2025-09-14,19,sunny,28.0,0.0,2342.4,15667.3,78.3
2025-09-15,6,sunny,26.6,0.0,461.0,15206.3,76.0
2025-09-15,7,sunny,26.6,1102.0,1017.1,15291.2,76.5
2025-09-15,8,sunny,26.6,1919.8,1697.1,15513.9,77.6
2025-09-15,9,sunny,26.6,2983.5,2375.5,16121.9,80.6
2025-09-15,10,sunny,26.6,3654.5,1459.2,18317.2,91.6
2025-09-15,11,sunny,26.6,4067.8,862.0,20000.0,100.0
2025-09-15,12,sunny,26.6,4018.5,504.2,20000.0,100.0
2025-09-15,13,sunny,26.6,4502.9,287.1,20000.0,100.0
2025-09-15,14,sunny,26.6,4245.4,335.2,20000.0,100.0
2025-09-15,15,sunny,26.6,3719.3,393.1,20000.0,100.0
2025-09-15,16,sunny,26.6,2837.8,854.3,20000.0,100.0
2025-09-15,17,sunny,26.6,1940.6,1981.1,19959.5,99.8
2025-09-15,18,sunny,26.6,1012.3,2545.1,18426.7,92.1
2025-09-15,19,sunny,26.6,0.0,2359.3,16067.4,80.3
2025-09-16,6,sunny,28.2,0.0,451.4,15616.0,78.1
2025-09-16,7,sunny,28.2,993.7,1052.7,15557.0,77.8
2025-09-16,8,sunny,28.2,1940.6,1566.4,15931.2,79.7
2025-09-16,9,sunny,28.2,2737.1,2100.5,16567.8,82.8
2025-09-16,10,sunny,28.2,3531.4,1653.6,18445.6,92.2
2025-09-16,11,sunny,28.2,3897.3,894.0,20000.0,100.0
2025-09-16,12,sunny,28.2,4204.8,448.5,20000.0,100.0
2025-09-16,13,sunny,28.2,4418.5,358.3,20000.0,100.0
2025-09-16,14,sunny,28.2,3884.6,339.1,20000.0,100.0
2025-09-16,15,sunny,28.2,3204.0,405.8,20000.0,100.0
2025-09-16,16,sunny,28.2,2767.9,955.5,20000.0,100.0
2025-09-16,17,sunny,28.2,2032.7,2398.0,19634.7,98.2
2025-09-16,18,sunny,28.2,989.6,2693.6,17930.7,89.7
2025-09-16,19,sunny,28.2,0.0,1967.5,15963.2,79.8
2025-09-17,6,sunny,28.4,0.0,557.1,15406.1,77.0
2025-09-17,7,sunny,28.4,975.5,823.0,15558.6,77.8
2025-09-17,8,sunny,28.4,1961.2,1923.2,15596.6,78.0
2025-09-17,9,sunny,28.4,2668.5,1858.8,16406.3,82.0
2025-09-17,10,sunny,28.4,3274.3,1837.1,17843.5,89.2
2025-09-17,11,sunny,28.4,4159.5,1018.6,20000.0,100.0
2025-09-17,12,sunny,28.4,3939.4,522.5,20000.0,100.0
2025-09-17,13,sunny,28.4,4196.7,299.3,20000.0,100.0
2025-09-17,14,sunny,28.4,3858.7,315.7,20000.0,100.0
2025-09-17,15,sunny,28.4,3415.0,485.7,20000.0,100.0
2025-09-17,16,sunny,28.4,2814.7,927.3,20000.0,100.0
2025-09-17,17,sunny,28.4,2033.0,2200.8,19832.2,99.2
2025-09-17,18,sunny,28.4,941.7,2920.2,17853.7,89.3
2025-09-17,19,sunny,28.4,0.0,2026.8,15826.9,79.1
2025-09-18,6,sunny,26.0,0.0,440.9,15386.0,76.9
2025-09-18,7,sunny,26.0,1167.6,910.0,15643.6,78.2
2025-09-18,8,sunny,26.0,2409.4,1719.4,16333.6,81.7
2025-09-18,9,sunny,26.0,3414.7,2030.8,17717.5,88.6
2025-09-18,10,sunny,26.0,4214.2,1475.4,20000.0,100.0
2025-09-18,11,sunny,26.0,4416.6,840.4,20000.0,100.0
2025-09-18,12,sunny,26.0,4490.8,551.3,20000.0,100.0
2025-09-18,13,sunny,26.0,5000.9,346.1,20000.0,100.0
2025-09-18,14,sunny,26.0,4581.0,322.2,20000.0,100.0
2025-09-18,15,sunny,26.0,4097.7,467.4,20000.0,100.0
2025-09-18,16,sunny,26.0,3280.9,1036.2,20000.0,100.0
2025-09-18,17,sunny,26.0,2189.2,2406.8,19782.4,98.9
2025-09-18,18,sunny,26.0,1082.6,2724.0,18141.0,90.7
2025-09-18,19,sunny,26.0,0.0,1903.8,16237.2,81.2
2025-09-19,6,sunny,22.9,0.0,553.4,15683.8,78.4
2025-09-19,7,sunny,22.9,1119.8,951.8,15851.8,79.3
2025-09-19,8,sunny,22.9,2218.1,1774.5,16295.4,81.5
2025-09-19,9,sunny,22.9,3120.0,1940.0,17475.4,87.4
2025-09-19,10,sunny,22.9,3655.4,1461.7,19669.1,98.3
2025-09-19,11,sunny,22.9,3845.8,1021.5,20000.0,100.0
2025-09-19,12,sunny,22.9,4157.4,496.8,20000.0,100.0
2025-09-19,13,sunny,22.9,4550.0,286.8,20000.0,100.0
2025-09-19,14,sunny,22.9,4127.3,333.1,20000.0,100.0
2025-09-19,15,sunny,22.9,3881.2,400.0,20000.0,100.0
2025-09-19,16,sunny,22.9,3165.6,1063.9,20000.0,100.0
2025-09-19,17,sunny,22.9,2115.6,2037.4,20000.0,100.0
2025-09-19,18,sunny,22.9,1099.4,3087.5,18011.9,90.1
2025-09-19,19,sunny,22.9,0.0,2417.0,15594.9,78.0
2025-09-20,6,sunny,27.8,0.0,493.2,15101.7,75.5
2025-09-20,7,sunny,27.8,1133.1,1056.6,15178.2,75.9
2025-09-20,8,sunny,27.8,1960.3,1487.0,15651.5,78.3
2025-09-20,9,sunny,27.8,2942.7,2363.1,16231.1,81.2
2025-09-20,10,sunny,27.8,3687.7,1899.7,18019.1,90.1
2025-09-20,11,sunny,27.8,4231.7,901.2,20000.0,100.0
2025-09-20,12,sunny,27.8,4797.5,498.6,20000.0,100.0
2025-09-20,13,sunny,27.8,4421.9,288.0,20000.0,100.0
2025-09-20,14,sunny,27.8,4001.5,281.5,20000.0,100.0
2025-09-20,15,sunny,27.8,3668.4,439.4,20000.0,100.0
2025-09-20,16,sunny,27.8,2929.3,838.6,20000.0,100.0
2025-09-20,17,sunny,27.8,2038.9,2048.0,19990.9,100.0
2025-09-20,18,sunny,27.8,1171.9,2729.5,18433.3,92.2
2025-09-20,19,sunny,27.8,0.0,2156.9,16276.4,81.4
2025-09-21,6,sunny,28.2,0.0,552.6,15723.8,78.6
2025-09-21,7,sunny,28.2,1017.2,1105.0,15636.0,78.2
2025-09-21,8,sunny,28.2,1795.8,1872.8,15559.0,77.8
2025-09-21,9,sunny,28.2,2912.3,2362.5,16108.8,80.5
2025-09-21,10,sunny,28.2,3414.7,1848.8,17674.7,88.4
2025-09-21,11,sunny,28.2,3710.0,992.0,20000.0,100.0
2025-09-21,12,sunny,28.2,4042.9,503.9,20000.0,100.0
2025-09-21,13,sunny,28.2,4244.4,318.3,20000.0,100.0
2025-09-21,14,sunny,28.2,3722.7,298.8,20000.0,100.0
2025-09-21,15,sunny,28.2,3512.6,448.3,20000.0,100.0
2025-09-21,16,sunny,28.2,2863.2,856.2,20000.0,100.0
2025-09-21,17,sunny,28.2,2029.5,2224.5,19805.0,99.0
2025-09-21,18,sunny,28.2,924.3,2680.9,18048.4,90.2
2025-09-21,19,sunny,28.2,0.0,2017.6,16030.8,80.2
2025-09-22,6,cloudy,24.8,0.0,429.9,15600.9,78.0
2025-09-22,7,cloudy,24.8,843.4,1054.5,15389.8,76.9
2025-09-22,8,cloudy,24.8,1705.8,1663.3,15432.3,77.2
2025-09-22,9,cloudy,24.8,2484.5,2126.2,15790.6,79.0
2025-09-22,10,cloudy,24.8,2837.9,1560.2,17068.3,85.3
2025-09-22,11,cloudy,24.8,3272.0,991.0,19349.3,96.7
2025-09-22,12,cloudy,24.8,3607.4,473.2,20000.0,100.0
2025-09-22,13,cloudy,24.8,3660.5,380.6,20000.0,100.0
2025-09-22,14,cloudy,24.8,3320.3,317.6,20000.0,100.0
2025-09-22,15,cloudy,24.8,2999.3,453.4,20000.0,100.0
2025-09-22,16,cloudy,24.8,2509.9,1030.5,20000.0,100.0
2025-09-22,17,cloudy,24.8,1620.8,2073.5,19547.3,97.7
2025-09-22,18,cloudy,24.8,916.7,2719.8,17744.2,88.7
2025-09-22,19,cloudy,24.8,0.0,2020.2,15724.0,78.6
2025-09-23,6,sunny,24.9,0.0,540.5,15183.5,75.9
2025-09-23,7,sunny,24.9,859.4,981.7,15061.2,75.3
2025-09-23,8,sunny,24.9,1794.4,1881.2,14974.4,74.9
2025-09-23,9,sunny,24.9,2556.9,2389.8,15141.5,75.7
2025-09-23,10,sunny,24.9,3299.5,1624.6,16816.4,84.1
2025-09-23,11,sunny,24.9,3742.0,1094.5,19463.9,97.3
2025-09-23,12,sunny,24.9,3623.8,505.9,20000.0,100.0
2025-09-23,13,sunny,24.9,3638.1,348.5,20000.0,100.0
2025-09-23,14,sunny,24.9,3324.0,337.8,20000.0,100.0
2025-09-23,15,sunny,24.9,3082.3,436.8,20000.0,100.0
2025-09-23,16,sunny,24.9,2331.2,1020.8,20000.0,100.0
2025-09-23,17,sunny,24.9,1761.2,2184.8,19576.4,97.9
2025-09-23,18,sunny,24.9,881.8,2520.4,17937.8,89.7
2025-09-23,19,sunny,24.9,0.0,2386.1,15551.7,77.8
2025-09-24,6,sunny,25.5,0.0,521.8,15029.9,75.1
2025-09-24,7,sunny,25.5,880.7,948.2,14962.4,74.8
2025-09-24,8,sunny,25.5,1745.7,1504.2,15203.9,76.0
2025-09-24,9,sunny,25.5,2482.3,2005.6,15680.6,78.4
2025-09-24,10,sunny,25.5,3166.4,1943.0,16904.0,84.5
2025-09-24,11,sunny,25.5,3568.7,1081.8,19390.9,97.0
2025-09-24,12,sunny,25.5,3784.0,432.1,20000.0,100.0
2025-09-24,13,sunny,25.5,3648.5,324.3,20000.0,100.0
2025-09-24,14,sunny,25.5,3488.9,350.3,20000.0,100.0
2025-09-24,15,sunny,25.5,3242.4,435.7,20000.0,100.0
2025-09-24,16,sunny,25.5,2539.3,934.6,20000.0,100.0
2025-09-24,17,sunny,25.5,1812.7,1868.5,19944.2,99.7
2025-09-24,18,sunny,25.5,870.0,2653.4,18160.8,90.8
2025-09-24,19,sunny,25.5,0.0,2217.5,15943.3,79.7
2025-09-25,6,sunny,27.5,0.0,562.8,15380.5,76.9
2025-09-25,7,sunny,27.5,1028.6,960.8,15448.3,77.2
2025-09-25,8,sunny,27.5,2085.4,1465.0,16068.7,80.3
2025-09-25,9,sunny,27.5,2823.6,1847.9,17044.4,85.2
2025-09-25,10,sunny,27.5,3490.0,1948.9,18585.5,92.9
2025-09-25,11,sunny,27.5,4183.6,1102.2,20000.0,100.0
2025-09-25,12,sunny,27.5,4436.7,505.6,20000.0,100.0
2025-09-25,13,sunny,27.5,4442.1,349.5,20000.0,100.0
2025-09-25,14,sunny,27.5,4004.2,296.0,20000.0,100.0
2025-09-25,15,sunny,27.5,3555.0,394.8,20000.0,100.0
2025-09-25,16,sunny,27.5,2849.8,861.9,20000.0,100.0
2025-09-25,17,sunny,27.5,2021.4,1944.8,20000.0,100.0
2025-09-25,18,sunny,27.5,997.8,2819.2,18178.6,90.9
2025-09-25,19,sunny,27.5,0.0,2397.7,15780.9,78.9
2025-09-26,6,sunny,22.9,0.0,540.1,15240.8,76.2
2025-09-26,7,sunny,22.9,1140.4,938.1,15443.1,77.2
2025-09-26,8,sunny,22.9,2087.4,1827.0,15703.5,78.5
2025-09-26,9,sunny,22.9,3312.4,2024.9,16991.0,85.0
2025-09-26,10,sunny,22.9,3631.2,1502.3,19119.9,95.6
2025-09-26,11,sunny,22.9,4039.1,1032.6,20000.0,100.0
2025-09-26,12,sunny,22.9,4984.4,562.1,20000.0,100.0
2025-09-26,13,sunny,22.9,4843.6,299.8,20000.0,100.0
2025-09-26,14,sunny,22.9,4692.3,299.3,20000.0,100.0
2025-09-26,15,sunny,22.9,3748.8,449.6,20000.0,100.0
2025-09-26,16,sunny,22.9,2884.9,1058.5,20000.0,100.0
2025-09-26,17,sunny,22.9,2338.7,2279.4,20000.0,100.0
2025-09-26,18,sunny,22.9,1167.2,2727.2,18440.0,92.2
2025-09-26,19,sunny,22.9,0.0,2290.5,16149.5,80.7
2025-09-27,6,sunny,27.3,0.0,461.1,15688.4,78.4
2025-09-27,7,sunny,27.3,1065.1,1015.1,15738.4,78.7
2025-09-27,8,sunny,27.3,2207.2,1937.2,16008.4,80.0
2025-09-27,9,sunny,27.3,2921.0,2096.0,16833.4,84.2
2025-09-27,10,sunny,27.3,3471.8,1575.7,18729.5,93.6
2025-09-27,11,sunny,27.3,4170.1,989.3,20000.0,100.0
2025-09-27,12,sunny,27.3,4494.7,469.8,20000.0,100.0
2025-09-27,13,sunny,27.3,4601.2,366.5,20000.0,100.0
2025-09-27,14,sunny,27.3,4083.6,300.8,20000.0,100.0
2025-09-27,15,sunny,27.3,3861.0,461.2,20000.0,100.0
2025-09-27,16,sunny,27.3,3167.0,880.2,20000.0,100.0
2025-09-27,17,sunny,27.3,2126.4,2358.3,19768.1,98.8
2025-09-27,18,sunny,27.3,1070.3,2760.7,18077.7,90.4
2025-09-27,19,sunny,27.3,0.0,1861.2,16216.5,81.1
