transaction_id,date,hour,household_id,device_id,battery_level_start_pct,battery_level_end_pct,energy_delivered_wh,charge_duration_min,household_kerosene_use_l_this_week,is_simulated_fault_injected
T000001,2025-01-02,16,HH069,DEV0101,37.3,100.0,34.61,251.1,0.85,False
T000002,2025-01-02,19,HH086,DEV0126,38.2,100.0,19.22,127.2,1.66,False
T000003,2025-01-03,19,HH009,DEV0013,24.6,97.3,4.07,23.4,0.87,False
T000004,2025-01-03,16,HH044,DEV0066,18.7,100.0,25.45,128.2,2.63,False
T000005,2025-01-03,15,HH052,DEV0076,17.9,97.8,3.6,26.7,1.49,False
T000006,2025-01-03,19,HH098,DEV0143,24.6,100.0,4.3,28.6,3.05,False
T000007,2025-01-04,18,HH005,DEV0006,8.3,87.4,3.09,21.0,1.71,False
T000008,2025-01-04,14,HH044,DEV0066,26.0,99.9,23.12,135.0,2.56,False
T000009,2025-01-04,15,HH129,DEV0188,5.1,83.5,4.63,23.6,2.41,False
T000010,2025-01-05,16,HH017,DEV0023,22.7,100.0,4.41,21.8,2.71,False
T000011,2025-01-05,12,HH028,DEV0040,27.7,100.0,27.91,173.1,1.49,False
T000012,2025-01-05,14,HH075,DEV0109,33.6,100.0,27.09,121.9,1.57,False
T000013,2025-01-05,15,HH083,DEV0122,38.9,100.0,23.65,101.4,1.51,False
T000014,2025-01-05,19,HH084,DEV0123,11.0,90.2,3.96,21.7,2.93,False
T000015,2025-01-05,16,HH125,DEV0183,34.6,100.0,3.53,17.0,1.42,False
T000016,2025-01-06,12,HH060,DEV0088,27.6,100.0,5.29,33.4,2.75,False
T000017,2025-01-06,14,HH111,DEV0161,12.1,99.2,5.75,39.1,2.46,False
T000018,2025-01-06,13,HH136,DEV0199,20.9,100.0,36.47,226.1,2.0,False
T000019,2025-01-07,16,HH011,DEV0015,38.2,100.0,36.83,180.2,2.46,False
T000020,2025-01-07,18,HH016,DEV0021,23.4,99.5,34.61,152.1,1.55,False
T000021,2025-01-07,19,HH017,DEV0022,28.4,100.0,15.97,103.8,2.8,False
T000022,2025-01-07,12,HH028,DEV0040,39.1,100.0,23.51,146.3,1.65,False
T000023,2025-01-07,19,HH029,DEV0042,12.0,95.1,43.3,277.7,2.18,False
T000024,2025-01-07,16,HH050,DEV0074,7.9,96.1,4.06,21.6,1.77,False
T000025,2025-01-07,13,HH053,DEV0078,38.8,100.0,12.24,62.1,0.73,False
T000026,2025-01-07,16,HH069,DEV0101,22.9,100.0,42.56,246.0,0.86,False
T000027,2025-01-07,16,HH085,DEV0124,7.7,93.4,28.79,186.3,0.37,False
T000028,2025-01-07,18,HH111,DEV0162,26.9,100.0,32.16,156.4,2.35,False
T000029,2025-01-07,14,HH112,DEV0163,20.3,100.0,26.86,178.0,1.53,False
T000030,2025-01-07,16,HH129,DEV0188,37.1,100.0,3.71,20.1,2.25,False
T000031,2025-01-07,13,HH136,DEV0199,22.8,100.0,35.59,223.0,1.94,False
T000032,2025-01-08,15,HH029,DEV0041,39.5,100.0,4.23,22.8,1.81,False
T000033,2025-01-08,15,HH050,DEV0074,29.4,100.0,3.25,14.4,1.8,False
T000034,2025-01-08,17,HH052,DEV0077,8.6,78.1,3.55,20.9,1.28,False
T000035,2025-01-08,15,HH083,DEV0122,26.9,100.0,28.29,179.2,1.51,False
T000036,2025-01-08,17,HH085,DEV0124,9.2,90.1,27.18,132.5,0.34,False
T000037,2025-01-08,16,HH086,DEV0125,28.9,99.1,2.46,12.0,1.28,False
T000038,2025-01-08,18,HH091,DEV0133,33.9,100.0,2.97,17.9,1.84,False
T000039,2025-01-08,19,HH109,DEV0157,8.4,95.7,5.41,29.6,2.2,False
T000040,2025-01-08,19,HH112,DEV0163,30.4,100.0,23.46,153.4,1.44,False
T000041,2025-01-08,16,HH125,DEV0183,23.5,100.0,4.13,18.1,1.3,False
T000042,2025-01-09,14,HH005,DEV0006,20.3,89.6,2.7,14.0,1.78,False
T000043,2025-01-09,18,HH011,DEV0015,38.2,100.0,36.83,181.1,2.4,False
T000044,2025-01-09,13,HH016,DEV0021,38.2,100.0,28.12,122.1,1.3,False
T000045,2025-01-09,14,HH017,DEV0023,27.6,100.0,4.13,19.3,2.47,False
T000046,2025-01-09,14,HH028,DEV0040,10.1,87.2,29.74,135.4,1.49,False
T000047,2025-01-09,13,HH050,DEV0074,34.7,100.0,3.0,15.0,1.92,False
T000048,2025-01-09,14,HH069,DEV0101,18.9,100.0,44.77,280.3,0.81,False
T000049,2025-01-09,13,HH083,DEV0122,38.8,100.0,23.68,107.5,1.35,False
T000050,2025-01-09,14,HH084,DEV0123,37.5,100.0,3.12,21.7,2.32,False
T000051,2025-01-09,18,HH109,DEV0157,9.9,92.5,5.12,23.3,1.99,False
T000052,2025-01-09,16,HH111,DEV0162,20.7,100.0,34.89,250.8,2.15,False
T000053,2025-01-09,13,HH129,DEV0188,7.3,93.1,5.06,31.4,2.12,False
T000054,2025-01-09,16,HH136,DEV0199,31.4,100.0,31.62,162.5,1.68,False
T000055,2025-01-10,12,HH011,DEV0015,14.3,97.5,49.6,369.8,2.45,False
T000056,2025-01-10,16,HH044,DEV0066,26.3,100.0,23.07,134.9,2.44,False
T000057,2025-01-10,14,HH050,DEV0074,25.6,96.9,3.28,16.8,1.71,False
T000058,2025-01-10,15,HH091,DEV0133,36.2,100.0,2.87,14.8,1.87,False
T000059,2025-01-10,16,HH111,DEV0162,6.3,85.6,34.89,195.3,2.11,False
T000060,2025-01-10,15,HH120,DEV0176,29.3,100.0,4.52,21.8,1.52,False
T000061,2025-01-10,19,HH136,DEV0199,28.0,100.0,33.19,219.2,1.53,False
T000062,2025-01-11,17,HH005,DEV0006,27.3,100.0,2.84,18.3,1.61,False
T000063,2025-01-11,13,HH011,DEV0015,6.2,77.8,42.69,219.9,1.94,False
T000064,2025-01-11,15,HH016,DEV0021,7.0,79.1,32.8,169.0,1.31,False
T000065,2025-01-11,14,HH028,DEV0040,29.2,100.0,27.33,130.1,1.42,False
T000066,2025-01-11,16,HH029,DEV0041,27.0,100.0,5.11,33.9,1.84,False
T000067,2025-01-11,16,HH034,DEV0049,19.0,100.0,6.08,27.1,0.94,False
T000068,2025-01-11,19,HH050,DEV0074,22.4,100.0,3.57,16.8,1.82,False
T000069,2025-01-11,19,HH052,DEV0077,34.7,100.0,3.33,18.5,1.25,False
T000070,2025-01-11,18,HH069,DEV0101,27.4,100.0,40.08,184.8,0.76,False
T000071,2025-01-11,16,HH083,DEV0122,29.4,100.0,27.32,189.9,1.33,False
T000072,2025-01-11,18,HH084,DEV0123,26.4,100.0,3.68,24.8,2.53,False
T000073,2025-01-11,15,HH086,DEV0127,7.0,78.4,2.78,13.1,1.22,False
T000074,2025-01-11,15,HH091,DEV0133,6.5,93.3,3.91,24.7,1.97,False
T000075,2025-01-11,19,HH095,DEV0138,35.2,100.0,18.34,116.7,2.83,False
T000076,2025-01-11,17,HH097,DEV0141,17.1,100.0,4.31,20.7,1.88,False
T000077,2025-01-11,16,HH109,DEV0156,25.1,97.3,5.49,24.6,1.88,False
T000078,2025-01-11,14,HH128,DEV0187,29.9,100.0,2.94,14.4,0.55,False
T000079,2025-01-11,13,HH140,DEV0206,8.8,98.1,23.05,145.3,1.97,False
T000080,2025-01-12,15,HH004,DEV0005,24.7,97.9,5.27,23.7,0.85,False
T000081,2025-01-12,18,HH005,DEV0006,25.8,95.8,2.73,11.8,1.61,False
T000082,2025-01-12,19,HH011,DEV0015,22.8,100.0,46.01,251.1,1.98,False
T000083,2025-01-12,16,HH016,DEV0021,15.2,90.3,34.16,162.6,1.25,False
T000084,2025-01-12,13,HH022,DEV0031,15.8,98.1,16.7,106.1,1.77,False
T000085,2025-01-12,19,HH034,DEV0049,33.5,100.0,4.99,27.6,1.04,False
T000086,2025-01-12,19,HH040,DEV0059,16.7,96.4,2.47,16.7,2.33,False
T000087,2025-01-12,16,HH048,DEV0072,18.1,94.3,5.95,31.9,0.27,False
T000088,2025-01-12,19,HH050,DEV0074,16.8,92.0,3.46,16.9,1.81,False
T000089,2025-01-12,16,HH053,DEV0078,14.8,99.7,16.98,87.9,0.75,False
T000090,2025-01-12,19,HH075,DEV0109,15.2,92.5,31.54,214.1,1.34,False
T000091,2025-01-12,16,HH084,DEV0123,18.1,100.0,4.1,20.0,2.37,False
T000092,2025-01-12,15,HH085,DEV0124,15.6,91.7,25.57,110.6,0.31,False
T000093,2025-01-12,12,HH086,DEV0126,22.8,93.9,22.12,97.5,1.13,False
T000094,2025-01-12,17,HH091,DEV0133,32.7,100.0,3.03,20.1,1.89,False
T000095,2025-01-12,18,HH094,DEV0136,39.9,100.0,29.69,131.4,1.05,False
T000096,2025-01-12,18,HH095,DEV0139,25.2,100.0,18.55,128.5,2.72,False
T000097,2025-01-12,12,HH120,DEV0176,28.1,100.0,4.6,23.4,1.48,False
T000098,2025-01-12,16,HH129,DEV0188,29.2,100.0,4.18,27.7,1.85,False
T000099,2025-01-12,16,HH136,DEV0199,30.8,100.0,31.9,175.5,1.46,False
T000100,2025-01-13,19,HH004,DEV0005,37.4,100.0,4.51,29.0,0.78,False
T000101,2025-01-13,16,HH005,DEV0006,36.8,100.0,2.46,16.4,1.55,False
T000102,2025-01-13,18,HH016,DEV0021,30.0,100.0,31.85,217.3,1.18,False
T000103,2025-01-13,12,HH034,DEV0049,28.3,99.7,5.36,27.2,0.9,False
T000104,2025-01-13,18,HH040,DEV0059,9.9,96.8,2.69,12.8,2.19,False
T000105,2025-01-13,15,HH050,DEV0074,38.2,100.0,2.84,16.7,1.72,False
T000106,2025-01-13,19,HH051,DEV0075,35.1,100.0,3.18,14.0,2.0,False
T000107,2025-01-13,19,HH057,DEV0085,12.9,83.8,5.39,36.0,2.61,False
T000108,2025-01-13,17,HH059,DEV0087,38.3,100.0,3.58,16.2,1.07,False
T000109,2025-01-13,13,HH060,DEV0088,24.5,100.0,5.51,27.4,2.59,False
T000110,2025-01-13,16,HH074,DEV0107,33.9,100.0,33.25,179.5,1.21,False
T000111,2025-01-13,18,HH082,DEV0119,28.7,100.0,4.71,34.2,2.46,False
T000112,2025-01-13,19,HH083,DEV0122,16.9,100.0,32.16,194.8,1.26,False
T000113,2025-01-13,19,HH085,DEV0124,18.1,92.4,24.95,109.1,0.3,False
T000114,2025-01-13,16,HH095,DEV0138,16.1,94.8,22.26,143.3,2.57,False
T000115,2025-01-13,17,HH098,DEV0143,28.1,100.0,4.1,26.5,2.36,False
T000116,2025-01-13,16,HH109,DEV0157,8.1,87.1,4.9,31.1,2.03,False
T000117,2025-01-13,19,HH111,DEV0161,15.7,87.5,4.74,21.0,2.0,False
T000118,2025-01-13,19,HH112,DEV0163,27.0,100.0,24.6,117.0,1.27,False
T000119,2025-01-13,16,HH129,DEV0188,17.5,92.7,4.44,33.2,1.92,False
T000120,2025-01-14,19,HH005,DEV0006,29.4,100.0,2.75,13.8,1.31,False
T000121,2025-01-14,15,HH017,DEV0023,17.6,100.0,4.7,28.2,2.03,False
T000122,2025-01-14,19,HH018,DEV0025,17.6,94.1,30.77,230.2,1.93,False
T000123,2025-01-14,13,HH022,DEV0031,16.0,91.2,15.26,88.6,1.89,False
T000124,2025-01-14,18,HH028,DEV0040,32.7,100.0,25.98,157.5,1.18,False
T000125,2025-01-14,18,HH031,DEV0045,18.2,100.0,41.64,181.0,1.82,False
T000126,2025-01-14,13,HH034,DEV0049,15.5,95.3,5.99,36.9,0.97,False
T000127,2025-01-14,15,HH038,DEV0055,34.8,100.0,2.41,15.9,2.57,False
T000128,2025-01-14,19,HH040,DEV0059,21.4,100.0,2.44,12.2,2.05,False
T000129,2025-01-14,18,HH050,DEV0074,36.2,100.0,2.93,20.1,1.46,False
T000130,2025-01-14,17,HH051,DEV0075,34.6,100.0,3.2,16.0,1.83,False
T000131,2025-01-14,13,HH059,DEV0087,26.4,100.0,4.27,22.0,1.16,False
T000132,2025-01-14,18,HH069,DEV0101,9.6,86.1,42.25,221.7,0.75,False
T000133,2025-01-14,17,HH083,DEV0122,39.1,100.0,23.57,126.8,1.26,False
T000134,2025-01-14,12,HH084,DEV0123,12.6,84.6,3.6,23.6,2.1,False
T000135,2025-01-14,16,HH095,DEV0138,26.1,100.0,20.91,102.0,2.82,False
T000136,2025-01-14,12,HH108,DEV0155,18.7,100.0,36.5,192.3,2.47,False
T000137,2025-01-14,15,HH112,DEV0163,24.6,100.0,25.41,126.2,1.38,False
T000138,2025-01-14,19,HH129,DEV0188,7.7,91.3,4.93,27.9,1.7,False
T000139,2025-01-14,16,HH140,DEV0206,8.9,91.6,21.32,101.1,1.76,False
T000140,2025-01-15,17,HH005,DEV0006,5.5,90.2,3.3,24.4,1.34,False
T000141,2025-01-15,16,HH014,DEV0019,26.1,98.6,3.26,16.2,1.46,False
T000142,2025-01-15,17,HH026,DEV0038,36.5,100.0,31.75,213.6,1.14,False
T000143,2025-01-15,14,HH031,DEV0045,27.7,100.0,36.8,271.3,1.88,False
T000144,2025-01-15,16,HH034,DEV0049,15.8,100.0,6.32,44.6,0.92,False
T000145,2025-01-15,15,HH037,DEV0053,11.0,87.9,3.61,22.6,2.58,False
T000146,2025-01-15,15,HH044,DEV0066,19.9,92.9,22.84,116.5,2.26,False
T000147,2025-01-15,15,HH048,DEV0071,39.9,100.0,24.34,108.1,0.28,False
T000148,2025-01-15,16,HH050,DEV0074,39.6,100.0,2.78,20.3,1.58,False
T000149,2025-01-15,14,HH052,DEV0076,14.6,100.0,3.84,18.1,1.09,False
T000150,2025-01-15,12,HH053,DEV0078,32.3,100.0,13.54,78.3,0.68,False
T000151,2025-01-15,17,HH060,DEV0089,35.2,100.0,17.17,95.3,2.3,False
T000152,2025-01-15,13,HH069,DEV0101,25.1,100.0,41.34,238.8,0.67,False
T000153,2025-01-15,19,HH074,DEV0108,20.2,100.0,4.47,19.4,1.01,False
T000154,2025-01-15,18,HH075,DEV0109,27.6,100.0,29.54,202.0,1.26,False
T000155,2025-01-15,17,HH082,DEV0119,13.9,100.0,5.68,32.1,2.61,False
T000156,2025-01-15,18,HH085,DEV0124,28.1,100.0,24.16,174.4,0.3,False
T000157,2025-01-15,13,HH086,DEV0127,32.1,100.0,2.65,18.7,1.16,False
T000158,2025-01-15,18,HH089,DEV0130,24.2,100.0,3.41,19.6,0.51,False
T000159,2025-01-15,16,HH094,DEV0137,25.8,100.0,3.64,17.5,0.9,False
T000160,2025-01-15,19,HH095,DEV0138,36.4,100.0,18.0,90.6,2.61,False
T000161,2025-01-15,17,HH097,DEV0141,29.3,100.0,3.68,17.9,1.47,False
T000162,2025-01-15,19,HH098,DEV0143,32.1,100.0,3.87,17.1,2.02,False
T000163,2025-01-15,16,HH109,DEV0156,13.5,99.2,6.51,37.7,1.9,False
T000164,2025-01-15,13,HH115,DEV0169,6.1,97.3,36.85,213.3,2.53,False
T000165,2025-01-15,14,HH120,DEV0176,34.5,100.0,4.19,19.6,1.43,False
T000166,2025-01-15,16,HH123,DEV0180,20.1,100.0,16.7,100.7,0.96,False
T000167,2025-01-16,15,HH009,DEV0013,32.2,100.0,3.8,21.1,0.67,False
T000168,2025-01-16,14,HH018,DEV0025,33.3,100.0,26.81,125.6,1.74,False
T000169,2025-01-16,15,HH022,DEV0031,7.5,96.4,18.05,86.2,1.68,False
T000170,2025-01-16,14,HH029,DEV0042,38.2,100.0,32.2,210.7,1.42,False
T000171,2025-01-16,19,HH034,DEV0049,18.2,100.0,6.14,26.8,0.85,False
T000172,2025-01-16,15,HH051,DEV0075,34.9,100.0,3.19,19.6,1.76,False
T000173,2025-01-16,19,HH058,DEV0086,36.2,100.0,2.3,11.3,1.53,False
T000174,2025-01-16,13,HH075,DEV0109,33.6,100.0,27.09,131.6,1.38,False
T000175,2025-01-16,19,HH084,DEV0123,14.4,100.0,4.28,23.9,2.0,False
T000176,2025-01-16,12,HH086,DEV0126,39.7,100.0,18.75,95.9,1.13,False
T000177,2025-01-16,15,HH088,DEV0129,11.3,83.5,33.28,156.3,0.94,False
T000178,2025-01-16,17,HH089,DEV0130,38.2,100.0,2.78,13.3,0.56,False
T000179,2025-01-16,15,HH091,DEV0133,22.5,100.0,3.49,16.0,1.68,False
T000180,2025-01-16,16,HH113,DEV0165,8.9,91.5,6.2,28.0,1.37,False
T000181,2025-01-16,15,HH123,DEV0180,11.3,100.0,18.54,98.4,1.15,False
T000182,2025-01-16,18,HH136,DEV0199,15.4,100.0,39.0,288.7,1.46,False
T000183,2025-01-17,17,HH004,DEV0005,6.2,92.7,6.23,26.7,0.65,False
T000184,2025-01-17,14,HH017,DEV0022,39.5,100.0,13.49,79.6,1.96,False
T000185,2025-01-17,15,HH028,DEV0040,32.1,100.0,26.21,120.8,1.24,False
T000186,2025-01-17,16,HH031,DEV0045,28.8,100.0,36.24,201.4,1.77,False
T000187,2025-01-17,14,HH040,DEV0059,12.5,98.9,2.68,16.5,2.0,False
T000188,2025-01-17,19,HH044,DEV0066,33.0,100.0,20.97,128.2,2.14,False
T000189,2025-01-17,13,HH050,DEV0074,36.0,100.0,2.94,16.2,1.62,False
T000190,2025-01-17,19,HH053,DEV0078,30.8,100.0,13.84,91.7,0.63,False
T000191,2025-01-17,14,HH069,DEV0101,11.4,98.4,48.03,218.2,0.68,False
T000192,2025-01-17,18,HH074,DEV0107,24.3,100.0,38.08,234.1,0.91,False
T000193,2025-01-17,15,HH075,DEV0109,18.6,96.8,31.89,156.6,1.3,False
T000194,2025-01-17,11,HH082,DEV0120,30.4,100.0,3.2,14.0,2.33,False
T000195,2025-01-17,19,HH083,DEV0122,20.1,100.0,30.92,152.8,1.23,False
T000196,2025-01-17,18,HH089,DEV0130,29.0,100.0,3.2,19.0,0.56,False
T000197,2025-01-17,14,HH094,DEV0136,32.1,100.0,33.54,156.8,0.88,False
T000198,2025-01-17,15,HH095,DEV0139,6.9,90.7,20.79,116.4,2.17,False
T000199,2025-01-17,16,HH111,DEV0162,29.0,100.0,31.24,181.2,1.65,False
T000200,2025-01-17,19,HH113,DEV0164,14.4,83.5,14.94,73.6,1.25,False
T000201,2025-01-17,15,HH122,DEV0179,14.2,100.0,28.14,179.7,2.65,False
T000202,2025-01-17,16,HH124,DEV0181,8.7,97.9,39.61,180.5,2.88,False
T000203,2025-01-17,16,HH128,DEV0187,34.7,100.0,2.74,16.9,0.52,False
T000204,2025-01-17,19,HH129,DEV0188,21.2,100.0,4.65,28.5,1.65,False
T000205,2025-01-17,19,HH136,DEV0199,10.7,88.3,35.77,197.6,1.44,False
T000206,2025-01-17,19,HH140,DEV0206,28.7,100.0,18.4,81.3,1.77,False
T000207,2025-01-18,15,HH022,DEV0030,27.9,100.0,3.24,19.9,1.42,False
T000208,2025-01-18,13,HH026,DEV0038,37.2,100.0,31.4,197.3,1.11,False
T000209,2025-01-18,16,HH034,DEV0049,26.6,100.0,5.51,27.6,0.89,False
T000210,2025-01-18,16,HH051,DEV0075,37.8,100.0,3.05,13.5,1.59,False
T000211,2025-01-18,11,HH060,DEV0089,29.1,100.0,18.79,101.7,2.26,False
T000212,2025-01-18,18,HH088,DEV0129,12.7,95.4,38.12,228.1,0.97,False
T000213,2025-01-18,17,HH089,DEV0130,9.9,87.7,3.5,24.1,0.54,False
T000214,2025-01-18,16,HH094,DEV0136,26.3,100.0,36.41,240.5,0.75,False
T000215,2025-01-18,16,HH098,DEV0142,36.8,100.0,34.76,157.1,1.75,False
T000216,2025-01-18,18,HH109,DEV0157,27.7,100.0,4.48,23.6,1.58,False
T000217,2025-01-18,14,HH113,DEV0165,23.1,96.8,5.52,27.4,1.19,False
T000218,2025-01-18,18,HH124,DEV0181,5.7,89.5,37.22,163.9,2.36,False
T000219,2025-01-18,19,HH128,DEV0187,23.6,100.0,3.21,17.3,0.51,False
T000220,2025-01-19,10,HH004,DEV0005,15.0,100.0,6.12,27.6,0.63,False
T000221,2025-01-19,17,HH011,DEV0015,17.8,100.0,48.99,296.8,1.79,False
T000222,2025-01-19,17,HH016,DEV0021,37.8,100.0,28.3,148.2,1.11,False
T000223,2025-01-19,16,HH017,DEV0023,12.8,99.5,4.94,28.0,1.98,False
T000224,2025-01-19,14,HH026,DEV0038,16.5,98.1,40.81,288.1,0.98,False
T000225,2025-01-19,16,HH028,DEV0040,28.0,100.0,27.79,136.1,1.17,False
T000226,2025-01-19,15,HH029,DEV0043,25.7,100.0,39.3,208.4,1.56,False
T000227,2025-01-19,16,HH031,DEV0046,18.1,100.0,42.59,307.4,1.69,False
T000228,2025-01-19,16,HH035,DEV0050,35.1,100.0,22.0,113.1,1.57,False
T000229,2025-01-19,19,HH038,DEV0054,20.0,97.7,24.8,133.8,2.29,False
T000230,2025-01-19,18,HH040,DEV0059,27.8,100.0,2.24,13.2,1.82,False
T000231,2025-01-19,14,HH052,DEV0077,16.0,90.8,3.81,26.9,0.94,False
T000232,2025-01-19,19,HH057,DEV0084,39.1,100.0,1.95,8.9,2.24,False
T000233,2025-01-19,19,HH060,DEV0088,15.2,89.4,5.42,36.7,2.01,False
T000234,2025-01-19,19,HH074,DEV0108,29.2,100.0,3.96,25.4,1.02,False
T000235,2025-01-19,15,HH082,DEV0119,36.7,100.0,4.18,26.1,2.17,False
T000236,2025-01-19,14,HH083,DEV0122,13.8,100.0,33.36,173.6,0.98,False
T000237,2025-01-19,16,HH084,DEV0123,30.5,100.0,3.47,17.0,1.86,False
T000238,2025-01-19,16,HH097,DEV0141,26.7,100.0,3.81,22.0,1.36,False
T000239,2025-01-19,19,HH108,DEV0155,19.3,99.6,36.07,187.3,2.05,False
T000240,2025-01-19,15,HH112,DEV0163,10.8,92.2,27.44,188.8,1.02,False
T000241,2025-01-19,13,HH115,DEV0169,10.7,94.4,33.81,157.6,2.37,False
T000242,2025-01-19,19,HH120,DEV0176,32.1,100.0,4.35,29.2,1.33,False
T000243,2025-01-19,17,HH122,DEV0179,18.2,100.0,26.83,157.4,2.46,False
T000244,2025-01-19,19,HH124,DEV0181,8.4,83.5,33.35,162.6,2.54,False
T000245,2025-01-19,11,HH129,DEV0188,6.9,95.3,5.22,27.1,1.73,False
T000246,2025-01-20,18,HH004,DEV0005,7.7,91.3,6.02,27.9,0.67,False
T000247,2025-01-20,19,HH009,DEV0013,13.8,94.4,4.51,21.3,0.58,False
T000248,2025-01-20,13,HH011,DEV0015,21.6,93.9,43.11,255.5,1.71,False
T000249,2025-01-20,18,HH016,DEV0021,35.7,100.0,29.26,209.7,1.07,False
T000250,2025-01-20,15,HH017,DEV0023,6.7,81.7,4.28,25.9,1.74,False
T000251,2025-01-20,15,HH020,DEV0027,17.4,88.7,2.49,14.3,0.67,False
T000252,2025-01-20,19,HH022,DEV0031,26.2,99.6,14.9,67.9,1.61,False
T000253,2025-01-20,15,HH026,DEV0038,37.6,100.0,31.2,143.9,0.94,False
T000254,2025-01-20,18,HH028,DEV0040,22.1,100.0,30.07,136.1,1.08,False
T000255,2025-01-20,17,HH048,DEV0072,13.0,94.7,6.37,33.6,0.22,False
T000256,2025-01-20,19,HH049,DEV0073,12.8,83.8,2.98,14.7,0.28,False
T000257,2025-01-20,18,HH050,DEV0074,16.7,100.0,3.83,25.8,1.25,False
T000258,2025-01-20,18,HH051,DEV0075,6.5,99.1,4.54,23.4,1.56,False
T000259,2025-01-20,17,HH057,DEV0085,13.6,94.5,6.15,39.7,2.09,False
T000260,2025-01-20,18,HH059,DEV0087,11.8,94.9,4.82,23.3,0.88,False
T000261,2025-01-20,19,HH060,DEV0089,6.9,79.0,19.1,129.0,2.28,False
T000262,2025-01-20,17,HH074,DEV0107,37.3,100.0,31.54,146.1,0.95,False
T000263,2025-01-20,17,HH083,DEV0122,37.3,100.0,24.26,123.5,1.08,False
T000264,2025-01-20,19,HH085,DEV0124,9.5,86.4,25.83,184.6,0.24,False
T000265,2025-01-20,13,HH088,DEV0129,15.1,91.8,35.36,197.3,0.88,False
T000266,2025-01-20,17,HH091,DEV0133,9.9,86.6,3.45,21.2,1.48,False
T000267,2025-01-20,13,HH094,DEV0136,20.0,100.0,39.52,182.0,0.74,False
T000268,2025-01-20,19,HH096,DEV0140,32.5,100.0,4.86,32.3,0.61,False
T000269,2025-01-20,15,HH111,DEV0161,7.6,92.5,5.6,24.6,1.46,False
T000270,2025-01-20,16,HH124,DEV0181,9.2,89.7,35.74,164.9,2.65,False
T000271,2025-01-20,17,HH125,DEV0182,9.6,90.2,26.51,121.6,0.87,False
T000272,2025-01-20,15,HH133,DEV0193,31.4,100.0,2.61,16.2,0.6,False
T000273,2025-01-20,14,HH136,DEV0199,14.8,96.4,37.64,236.8,1.5,False
T000274,2025-01-21,14,HH014,DEV0019,12.8,96.6,3.77,28.2,1.22,False
T000275,2025-01-21,15,HH020,DEV0027,17.5,100.0,2.89,16.7,0.72,False
T000276,2025-01-21,18,HH022,DEV0031,6.9,77.7,14.37,65.6,1.53,False
T000277,2025-01-21,14,HH031,DEV0045,14.8,100.0,43.37,196.8,1.38,False
T000278,2025-01-21,19,HH034,DEV0049,8.6,77.3,5.15,34.3,0.8,False
T000279,2025-01-21,16,HH038,DEV0054,18.8,100.0,25.9,143.6,2.05,False
T000280,2025-01-21,13,HH048,DEV0072,5.1,85.7,6.29,39.2,0.25,False
T000281,2025-01-21,17,HH051,DEV0075,17.4,100.0,4.05,25.9,1.54,False
T000282,2025-01-21,16,HH056,DEV0083,36.4,100.0,13.93,67.7,2.37,False
T000283,2025-01-21,19,HH060,DEV0089,30.5,100.0,18.42,100.5,2.19,False
T000284,2025-01-21,18,HH068,DEV0100,33.3,100.0,28.95,164.4,2.97,False
T000285,2025-01-21,16,HH083,DEV0122,27.8,100.0,27.94,146.3,1.08,False
T000286,2025-01-21,19,HH084,DEV0123,20.1,100.0,4.0,19.5,1.71,False
T000287,2025-01-21,16,HH091,DEV0133,20.1,100.0,3.6,20.3,1.51,False
T000288,2025-01-21,18,HH097,DEV0141,33.2,100.0,3.47,22.4,1.44,False
T000289,2025-01-21,10,HH111,DEV0162,39.0,100.0,26.84,185.6,1.63,False
T000290,2025-01-21,17,HH112,DEV0163,13.3,100.0,29.22,167.0,1.07,False
T000291,2025-01-21,17,HH113,DEV0164,21.7,97.1,16.28,74.6,1.26,False
T000292,2025-01-21,16,HH115,DEV0169,39.8,100.0,24.32,123.3,1.98,False
T000293,2025-01-21,16,HH122,DEV0179,7.8,84.1,25.04,118.6,2.15,False
T000294,2025-01-21,18,HH124,DEV0181,10.1,84.6,33.08,156.0,2.38,False
T000295,2025-01-21,18,HH125,DEV0183,33.8,100.0,3.57,15.5,0.94,False
T000296,2025-01-21,18,HH128,DEV0187,28.7,100.0,2.99,20.3,0.51,False
T000297,2025-01-22,16,HH011,DEV0015,26.3,100.0,43.93,229.2,1.61,False
T000298,2025-01-22,14,HH014,DEV0019,34.2,100.0,2.96,15.6,1.16,False
T000299,2025-01-22,14,HH017,DEV0022,16.7,92.6,16.93,72.7,1.92,False
T000300,2025-01-22,18,HH022,DEV0031,27.9,100.0,14.64,81.8,1.61,False
T000301,2025-01-22,12,HH034,DEV0049,15.4,100.0,6.34,37.4,0.66,False
T000302,2025-01-22,17,HH049,DEV0073,25.9,100.0,3.11,15.0,0.31,False
T000303,2025-01-22,17,HH050,DEV0074,15.7,100.0,3.88,20.8,1.26,False
T000304,2025-01-22,16,HH057,DEV0084,9.1,89.8,2.58,18.3,2.23,False
T000305,2025-01-22,19,HH068,DEV0100,17.3,100.0,35.89,218.5,3.05,False
T000306,2025-01-22,15,HH075,DEV0109,25.7,97.0,29.09,209.9,1.19,False
T000307,2025-01-22,19,HH085,DEV0124,18.2,96.2,26.19,120.7,0.22,False
T000308,2025-01-22,18,HH098,DEV0143,15.1,89.7,4.25,20.3,1.95,False
T000309,2025-01-22,14,HH108,DEV0155,24.9,100.0,33.72,147.1,1.88,False
T000310,2025-01-22,17,HH109,DEV0156,25.3,100.0,5.68,40.5,1.47,False
T000311,2025-01-22,19,HH111,DEV0161,25.7,100.0,4.9,31.5,1.44,False
T000312,2025-01-22,16,HH115,DEV0169,12.9,81.1,27.57,164.2,2.02,False
T000313,2025-01-22,17,HH123,DEV0180,25.2,100.0,15.63,116.5,0.93,False
T000314,2025-01-22,18,HH125,DEV0183,11.6,96.9,4.6,23.2,0.92,False
T000315,2025-01-22,15,HH128,DEV0187,30.8,100.0,2.91,19.4,0.47,False
T000316,2025-01-22,17,HH129,DEV0188,19.3,100.0,4.76,23.7,1.52,False
T000317,2025-01-23,14,HH004,DEV0005,38.7,100.0,4.41,18.9,0.53,False
T000318,2025-01-23,18,HH014,DEV0019,20.9,100.0,3.56,16.8,1.15,False
T000319,2025-01-23,19,HH018,DEV0025,13.6,84.5,28.5,184.6,1.54,False
T000320,2025-01-23,14,HH025,DEV0036,23.4,100.0,4.44,32.9,1.79,False
T000321,2025-01-23,15,HH037,DEV0053,9.4,85.8,3.59,16.1,2.26,False
T000322,2025-01-23,18,HH038,DEV0054,24.1,100.0,24.21,106.0,2.07,False
T000323,2025-01-23,14,HH053,DEV0078,6.4,91.8,17.08,127.8,0.59,False
T000324,2025-01-23,15,HH059,DEV0087,26.7,100.0,4.25,22.1,0.92,False
T000325,2025-01-23,16,HH068,DEV0100,39.2,100.0,26.39,196.2,2.96,False
T000326,2025-01-23,15,HH071,DEV0103,10.7,86.0,4.74,27.6,1.85,False
T000327,2025-01-23,19,HH075,DEV0109,21.0,96.1,30.65,149.7,1.18,False
T000328,2025-01-23,12,HH091,DEV0133,33.6,100.0,2.99,12.9,1.48,False
T000329,2025-01-23,13,HH099,DEV0144,18.7,100.0,6.26,28.9,1.02,False
T000330,2025-01-23,17,HH111,DEV0161,36.0,100.0,4.22,18.1,1.56,False
T000331,2025-01-23,13,HH122,DEV0179,11.5,87.1,24.81,140.6,2.01,False
T000332,2025-01-23,16,HH129,DEV0188,31.5,100.0,4.04,26.2,1.55,False
T000333,2025-01-23,16,HH136,DEV0199,13.6,85.5,33.16,161.5,1.18,False
T000334,2025-01-23,17,HH140,DEV0206,16.6,95.0,20.23,88.9,1.39,False
T000335,2025-01-24,19,HH004,DEV0005,13.4,90.0,5.52,34.8,0.59,False
T000336,2025-01-24,19,HH011,DEV0015,11.9,86.5,44.49,308.6,1.74,False
T000337,2025-01-24,15,HH014,DEV0019,28.3,100.0,3.23,14.7,1.29,False
T000338,2025-01-24,15,HH017,DEV0022,19.2,100.0,18.02,97.3,1.71,False
T000339,2025-01-24,15,HH020,DEV0027,11.1,85.3,2.6,11.6,0.58,False
T000340,2025-01-24,16,HH027,DEV0039,7.1,79.2,2.31,9.9,0.84,False
T000341,2025-01-24,17,HH030,DEV0044,20.7,91.7,2.48,12.5,0.37,False
T000342,2025-01-24,17,HH036,DEV0052,11.8,98.9,6.44,43.3,2.41,False
T000343,2025-01-24,19,HH037,DEV0053,22.7,100.0,3.63,19.0,2.25,False
T000344,2025-01-24,15,HH038,DEV0055,6.9,88.0,3.0,15.5,1.82,False
T000345,2025-01-24,19,HH050,DEV0074,20.4,100.0,3.66,21.6,1.29,False
T000346,2025-01-24,19,HH056,DEV0083,29.5,100.0,15.44,87.3,2.11,False
T000347,2025-01-24,19,HH057,DEV0085,27.7,100.0,5.49,32.3,1.91,False
T000348,2025-01-24,15,HH058,DEV0086,39.8,100.0,2.17,14.8,1.2,False
T000349,2025-01-24,15,HH069,DEV0101,36.0,100.0,35.33,237.8,0.5,False
T000350,2025-01-24,18,HH071,DEV0103,22.5,97.5,4.73,27.4,2.02,False
T000351,2025-01-24,19,HH083,DEV0122,26.3,100.0,28.52,163.0,0.98,False
T000352,2025-01-24,15,HH089,DEV0130,5.6,84.9,3.57,17.3,0.41,False
T000353,2025-01-24,16,HH091,DEV0133,15.7,99.5,3.77,26.9,1.25,False
T000354,2025-01-24,16,HH094,DEV0137,30.1,100.0,3.43,14.7,0.65,False
T000355,2025-01-24,15,HH096,DEV0140,7.9,92.5,6.09,40.4,0.6,False
T000356,2025-01-24,15,HH097,DEV0141,35.5,100.0,3.35,16.1,1.18,False
T000357,2025-01-24,17,HH112,DEV0163,7.0,92.0,28.66,187.2,1.05,False
T000358,2025-01-24,16,HH115,DEV0169,33.7,100.0,26.79,186.4,2.18,False
T000359,2025-01-24,13,HH122,DEV0179,5.8,82.0,24.98,121.7,1.95,False
T000360,2025-01-24,19,HH123,DEV0180,21.3,100.0,16.45,84.5,0.84,False
T000361,2025-01-24,15,HH128,DEV0187,38.3,100.0,2.59,11.7,0.48,False
T000362,2025-01-24,17,HH129,DEV0188,15.6,100.0,4.98,25.3,1.5,False
T000363,2025-01-24,18,HH138,DEV0203,10.2,90.4,27.35,186.1,1.03,False
T000364,2025-01-24,16,HH140,DEV0206,13.7,85.4,18.5,116.4,1.34,False
T000365,2025-01-25,16,HH022,DEV0030,32.9,100.0,3.02,13.7,1.36,False
T000366,2025-01-25,15,HH026,DEV0038,17.0,100.0,41.5,202.0,0.81,False
T000367,2025-01-25,19,HH030,DEV0044,5.5,93.4,3.08,15.8,0.38,False
T000368,2025-01-25,14,HH034,DEV0049,37.1,100.0,4.72,29.9,0.68,False
T000369,2025-01-25,17,HH038,DEV0054,33.8,100.0,21.12,113.8,2.03,False
T000370,2025-01-25,17,HH049,DEV0073,31.6,100.0,2.87,12.8,0.27,False
T000371,2025-01-25,14,HH051,DEV0075,31.7,100.0,3.35,18.7,1.5,False
T000372,2025-01-25,13,HH052,DEV0076,22.8,93.0,3.16,21.4,0.77,False
T000373,2025-01-25,16,HH056,DEV0083,9.8,91.9,17.98,79.0,2.07,False
T000374,2025-01-25,13,HH060,DEV0089,14.7,91.4,20.33,108.1,1.89,False
T000375,2025-01-25,19,HH071,DEV0103,30.1,100.0,4.4,22.1,1.72,False
T000376,2025-01-25,14,HH082,DEV0121,10.1,87.2,33.31,150.6,1.82,False
T000377,2025-01-25,18,HH086,DEV0125,17.3,100.0,2.89,19.0,0.81,False
T000378,2025-01-25,11,HH108,DEV0155,18.9,98.6,35.76,242.1,1.65,False
T000379,2025-01-25,14,HH109,DEV0157,14.4,100.0,5.31,32.5,1.35,False
T000380,2025-01-25,13,HH111,DEV0161,23.0,100.0,5.08,28.5,1.38,False
T000381,2025-01-25,17,HH113,DEV0164,33.0,100.0,14.47,97.2,1.15,False
T000382,2025-01-25,19,HH116,DEV0170,22.6,100.0,26.08,168.5,3.28,False
T000383,2025-01-25,15,HH123,DEV0180,39.8,100.0,12.58,83.6,0.8,False
T000384,2025-01-25,15,HH133,DEV0193,36.5,100.0,2.41,17.9,0.46,False
T000385,2025-01-25,16,HH136,DEV0199,7.7,97.3,41.29,260.0,1.1,False
T000386,2025-01-26,15,HH005,DEV0006,18.4,98.1,3.11,14.9,1.08,False
T000387,2025-01-26,14,HH017,DEV0023,18.2,94.5,4.35,30.5,1.57,False
T000388,2025-01-26,17,HH030,DEV0044,25.7,100.0,2.6,11.6,0.37,False
T000389,2025-01-26,16,HH036,DEV0052,15.3,94.2,5.84,43.4,2.1,False
T000390,2025-01-26,17,HH037,DEV0053,27.8,100.0,3.39,19.0,1.79,False
T000391,2025-01-26,14,HH038,DEV0055,9.0,98.3,3.31,18.0,2.05,False
T000392,2025-01-26,17,HH040,DEV0059,24.1,100.0,2.35,11.9,1.6,False
T000393,2025-01-26,16,HH048,DEV0071,28.3,100.0,29.04,162.9,0.21,False
T000394,2025-01-26,15,HH049,DEV0073,29.2,100.0,2.97,13.5,0.28,False
T000395,2025-01-26,18,HH050,DEV0074,32.9,100.0,3.09,18.3,1.1,False
T000396,2025-01-26,14,HH051,DEV0075,34.5,100.0,3.21,22.1,1.51,False
T000397,2025-01-26,19,HH052,DEV0076,30.7,100.0,3.12,22.8,0.76,False
T000398,2025-01-26,19,HH071,DEV0103,25.5,100.0,4.69,26.5,1.88,False
T000399,2025-01-26,16,HH075,DEV0109,14.0,100.0,35.09,177.5,0.97,False
T000400,2025-01-26,14,HH085,DEV0124,30.8,100.0,23.25,104.8,0.19,False
T000401,2025-01-26,15,HH088,DEV0129,22.7,100.0,35.64,266.4,0.84,False
T000402,2025-01-26,17,HH089,DEV0130,29.6,100.0,3.17,17.2,0.4,False
T000403,2025-01-26,14,HH091,DEV0133,12.1,93.1,3.65,16.0,1.28,False
T000404,2025-01-26,15,HH094,DEV0136,30.0,100.0,34.58,231.1,0.65,False
T000405,2025-01-26,19,HH095,DEV0139,18.1,95.4,19.17,83.8,1.93,False
T000406,2025-01-26,19,HH096,DEV0140,34.9,100.0,4.69,24.9,0.57,False
T000407,2025-01-26,17,HH097,DEV0141,20.1,100.0,4.15,27.1,1.09,False
T000408,2025-01-26,18,HH098,DEV0143,18.2,100.0,4.66,20.5,1.59,False
T000409,2025-01-26,14,HH106,DEV0152,26.2,100.0,38.89,232.5,0.9,False
T000410,2025-01-26,15,HH112,DEV0163,17.3,100.0,27.87,138.5,0.99,False
T000411,2025-01-26,11,HH116,DEV0170,19.1,100.0,27.26,169.1,3.33,False
T000412,2025-01-26,18,HH122,DEV0179,26.1,100.0,24.24,145.8,1.85,False
T000413,2025-01-26,19,HH123,DEV0180,22.6,100.0,16.18,73.4,0.75,False
T000414,2025-01-27,14,HH011,DEV0015,31.4,100.0,40.89,248.2,1.49,False
T000415,2025-01-27,17,HH017,DEV0022,29.6,100.0,15.7,83.0,1.39,False
T000416,2025-01-27,19,HH020,DEV0027,30.3,100.0,2.44,12.7,0.6,False
T000417,2025-01-27,16,HH027,DEV0039,30.8,100.0,2.21,9.7,0.69,False
T000418,2025-01-27,17,HH029,DEV0042,32.5,100.0,35.17,184.8,1.03,False
T000419,2025-01-27,17,HH031,DEV0046,19.5,97.2,40.41,243.7,1.27,False
T000420,2025-01-27,16,HH033,DEV0048,9.7,85.7,4.86,24.3,1.06,False
T000421,2025-01-27,18,HH034,DEV0049,12.0,100.0,6.6,42.4,0.62,False
T000422,2025-01-27,15,HH036,DEV0052,12.0,84.8,5.39,26.5,2.08,False
T000423,2025-01-27,15,HH040,DEV0059,9.9,88.4,2.43,16.1,1.58,False
T000424,2025-01-27,17,HH044,DEV0066,13.2,100.0,27.17,164.7,1.63,False
T000425,2025-01-27,16,HH048,DEV0072,9.2,94.3,6.63,40.7,0.2,False
T000426,2025-01-27,17,HH049,DEV0073,15.5,100.0,3.55,21.8,0.27,False
T000427,2025-01-27,19,HH074,DEV0107,13.9,91.4,39.0,196.0,0.78,False
T000428,2025-01-27,17,HH080,DEV0116,23.3,100.0,5.75,36.7,2.98,False
T000429,2025-01-27,14,HH082,DEV0119,5.9,83.5,5.12,35.1,1.82,False
T000430,2025-01-27,19,HH089,DEV0130,35.1,100.0,2.92,17.7,0.4,False
T000431,2025-01-27,17,HH094,DEV0137,11.0,90.8,3.91,18.0,0.64,False
T000432,2025-01-27,19,HH095,DEV0139,17.0,94.3,19.17,85.4,2.12,False
T000433,2025-01-27,14,HH096,DEV0140,10.2,100.0,6.47,41.3,0.51,False
T000434,2025-01-27,16,HH097,DEV0141,19.2,100.0,4.2,23.9,1.21,False
T000435,2025-01-27,18,HH106,DEV0152,16.4,91.7,39.67,210.6,0.78,False
T000436,2025-01-27,19,HH108,DEV0155,6.0,78.7,32.64,196.2,1.7,False
T000437,2025-01-27,16,HH109,DEV0156,8.5,93.2,6.44,35.0,1.26,False
T000438,2025-01-27,18,HH112,DEV0163,32.3,100.0,22.81,114.8,0.95,False
T000439,2025-01-27,12,HH113,DEV0164,5.1,85.6,17.4,78.8,0.91,False
T000440,2025-01-27,18,HH115,DEV0169,27.3,100.0,29.37,204.5,1.84,False
T000441,2025-01-27,17,HH116,DEV0170,12.5,100.0,29.49,129.2,3.32,False
T000442,2025-01-27,19,HH120,DEV0176,28.2,100.0,4.6,29.8,1.08,False
T000443,2025-01-27,16,HH125,DEV0183,7.3,92.5,4.6,21.2,0.9,False
T000444,2025-01-27,19,HH129,DEV0188,9.7,89.8,4.73,34.2,1.63,False
T000445,2025-01-27,18,HH133,DEV0194,9.5,90.4,46.36,252.7,0.45,False
T000446,2025-01-28,16,HH005,DEV0006,23.7,100.0,2.98,21.6,1.03,False
T000447,2025-01-28,17,HH016,DEV0021,6.3,88.4,37.35,196.5,0.83,False
T000448,2025-01-28,16,HH020,DEV0027,26.5,100.0,2.57,12.8,0.55,False
T000449,2025-01-28,17,HH022,DEV0030,9.1,90.5,3.66,21.6,1.21,False
T000450,2025-01-28,16,HH027,DEV0039,16.0,96.7,2.58,15.6,0.76,False
T000451,2025-01-28,19,HH031,DEV0045,36.2,100.0,32.47,150.3,1.29,False
T000452,2025-01-28,11,HH033,DEV0048,26.9,100.0,4.68,24.4,0.92,False
T000453,2025-01-28,18,HH036,DEV0051,38.4,100.0,3.7,17.6,2.14,False
T000454,2025-01-28,17,HH038,DEV0055,22.8,98.2,2.79,12.3,1.68,False
T000455,2025-01-28,19,HH040,DEV0059,22.6,100.0,2.4,12.2,1.64,False
T000456,2025-01-28,19,HH049,DEV0073,38.2,100.0,2.6,18.6,0.27,False
T000457,2025-01-28,19,HH050,DEV0074,24.3,100.0,3.48,16.8,1.09,False
T000458,2025-01-28,14,HH052,DEV0076,31.7,100.0,3.07,17.3,0.74,False
T000459,2025-01-28,17,HH059,DEV0087,14.2,96.2,4.76,32.5,0.76,False
T000460,2025-01-28,16,HH060,DEV0088,37.1,100.0,4.59,26.4,1.78,False
T000461,2025-01-28,19,HH071,DEV0103,32.7,100.0,4.24,20.5,1.86,False
T000462,2025-01-28,15,HH075,DEV0109,17.9,93.2,30.71,142.0,0.95,False
T000463,2025-01-28,15,HH082,DEV0121,22.5,100.0,33.48,216.0,1.99,False
T000464,2025-01-28,14,HH083,DEV0122,18.8,100.0,31.42,229.8,0.83,False
T000465,2025-01-28,13,HH085,DEV0124,19.8,94.3,25.03,117.2,0.23,False
T000466,2025-01-28,19,HH120,DEV0176,11.2,93.0,5.23,30.4,1.16,False
T000467,2025-01-28,16,HH122,DEV0179,20.5,95.4,24.57,170.5,1.81,False
T000468,2025-01-28,12,HH123,DEV0180,21.6,97.7,15.9,118.7,0.74,False
T000469,2025-01-28,16,HH125,DEV0182,5.2,95.9,29.84,152.6,0.77,False
T000470,2025-01-28,12,HH128,DEV0187,39.1,100.0,2.56,12.5,0.38,False
T000471,2025-01-29,16,HH004,DEV0005,34.1,100.0,4.74,29.4,0.51,False
T000472,2025-01-29,15,HH005,DEV0006,24.8,100.0,2.93,17.9,0.98,False
T000473,2025-01-29,15,HH017,DEV0022,7.1,92.2,18.97,128.3,1.56,False
T000474,2025-01-29,17,HH020,DEV0027,35.3,100.0,2.26,11.0,0.52,False
T000475,2025-01-29,17,HH027,DEV0039,22.0,100.0,2.5,17.0,0.61,False
T000476,2025-01-29,15,HH037,DEV0053,32.4,100.0,3.18,21.2,1.7,False
T000477,2025-01-29,15,HH050,DEV0074,9.4,82.5,3.36,24.3,1.11,False
T000478,2025-01-29,19,HH051,DEV0075,34.3,100.0,3.22,17.2,1.47,False
T000479,2025-01-29,17,HH053,DEV0078,18.5,100.0,16.3,106.4,0.47,False
T000480,2025-01-29,17,HH059,DEV0087,33.0,100.0,3.89,26.8,0.7,False
T000481,2025-01-29,18,HH068,DEV0100,15.4,100.0,36.72,273.9,2.67,False
T000482,2025-01-29,17,HH069,DEV0101,19.1,100.0,44.66,300.8,0.45,False
T000483,2025-01-29,19,HH074,DEV0108,32.2,100.0,3.8,16.9,0.72,False
T000484,2025-01-29,18,HH083,DEV0122,12.2,89.7,29.98,185.2,0.84,False
T000485,2025-01-29,14,HH085,DEV0124,21.3,100.0,26.44,176.7,0.19,False
T000486,2025-01-29,13,HH089,DEV0130,22.5,97.5,3.37,14.7,0.38,False
T000487,2025-01-29,19,HH095,DEV0139,14.4,85.5,17.64,125.1,1.79,False
T000488,2025-01-29,14,HH097,DEV0141,11.4,88.9,4.03,22.0,1.04,False
T000489,2025-01-29,16,HH106,DEV0152,34.0,100.0,34.78,218.4,0.83,False
T000490,2025-01-29,15,HH125,DEV0182,25.3,100.0,24.58,130.2,0.74,False
T000491,2025-01-29,16,HH131,DEV0190,17.4,100.0,3.88,25.7,1.78,False
T000492,2025-01-30,19,HH009,DEV0013,28.4,100.0,4.01,27.4,0.48,False
T000493,2025-01-30,11,HH011,DEV0015,10.5,97.1,51.61,224.7,1.26,False
T000494,2025-01-30,17,HH014,DEV0019,9.9,84.2,3.34,19.2,1.04,False
T000495,2025-01-30,19,HH016,DEV0021,5.6,89.8,38.32,277.6,0.9,False
T000496,2025-01-30,15,HH020,DEV0027,16.9,95.4,2.75,14.0,0.59,False
T000497,2025-01-30,13,HH027,DEV0039,36.3,100.0,2.04,8.9,0.74,False
T000498,2025-01-30,19,HH030,DEV0044,15.9,100.0,2.94,18.7,0.36,False
T000499,2025-01-30,17,HH048,DEV0071,20.2,99.0,31.91,160.3,0.19,False
T000500,2025-01-30,19,HH056,DEV0082,11.1,85.8,3.51,18.4,1.85,False
T000501,2025-01-30,19,HH058,DEV0086,11.1,87.1,2.74,16.4,1.24,False
T000502,2025-01-30,17,HH060,DEV0088,32.2,100.0,4.95,25.7,1.81,False
T000503,2025-01-30,15,HH069,DEV0101,22.8,100.0,42.61,238.1,0.51,False
T000504,2025-01-30,19,HH071,DEV0103,18.3,100.0,5.15,25.3,1.78,False
T000505,2025-01-30,19,HH074,DEV0107,8.4,77.9,34.96,234.6,0.73,False
T000506,2025-01-30,15,HH094,DEV0136,8.2,78.0,34.47,211.0,0.6,False
T000507,2025-01-30,16,HH097,DEV0141,15.5,100.0,4.39,32.3,1.1,False
T000508,2025-01-30,14,HH099,DEV0144,37.8,100.0,4.79,23.1,0.81,False
T000509,2025-01-30,14,HH109,DEV0156,12.8,92.2,6.04,34.2,1.37,False
T000510,2025-01-30,19,HH111,DEV0162,39.8,100.0,26.49,125.7,1.2,False
T000511,2025-01-30,16,HH112,DEV0163,18.7,95.4,25.86,165.9,0.91,False
T000512,2025-01-30,12,HH120,DEV0176,11.1,86.1,4.8,31.3,1.17,False
T000513,2025-01-30,18,HH123,DEV0180,14.6,89.7,15.7,70.9,0.77,False
T000514,2025-01-30,16,HH125,DEV0183,18.5,100.0,4.4,23.7,0.75,False
T000515,2025-01-30,18,HH129,DEV0188,21.9,100.0,4.61,20.1,1.33,False
T000516,2025-01-30,11,HH133,DEV0194,22.4,98.4,43.53,262.2,0.45,False
T000517,2025-01-30,16,HH136,DEV0199,8.7,94.7,39.67,228.3,1.19,False
T000518,2025-01-30,14,HH138,DEV0203,9.4,85.6,26.0,148.8,0.72,False
T000519,2025-01-31,18,HH009,DEV0013,9.7,94.9,4.77,26.3,0.48,False
T000520,2025-01-31,16,HH011,DEV0015,28.7,100.0,42.49,205.2,1.32,False
T000521,2025-01-31,19,HH014,DEV0019,27.8,100.0,3.25,22.3,1.03,False
T000522,2025-01-31,18,HH026,DEV0038,14.2,90.2,38.0,172.3,0.74,False
T000523,2025-01-31,17,HH027,DEV0039,23.3,100.0,2.45,11.6,0.71,False
T000524,2025-01-31,17,HH033,DEV0048,8.3,97.2,5.69,34.7,0.94,False
T000525,2025-01-31,16,HH035,DEV0050,28.2,100.0,24.34,151.6,1.15,False
T000526,2025-01-31,13,HH044,DEV0066,16.9,92.9,23.78,124.7,1.29,False
T000527,2025-01-31,16,HH051,DEV0075,8.5,84.3,3.72,19.2,1.27,False
T000528,2025-01-31,19,HH056,DEV0083,36.8,100.0,13.84,66.5,1.59,False
T000529,2025-01-31,16,HH058,DEV0086,8.8,87.7,2.84,17.8,0.96,False
T000530,2025-01-31,15,HH059,DEV0087,39.4,100.0,3.51,21.8,0.67,False
T000531,2025-01-31,19,HH060,DEV0088,38.9,100.0,4.46,23.9,1.65,False
T000532,2025-01-31,13,HH074,DEV0108,32.8,100.0,3.76,18.2,0.63,False
T000533,2025-01-31,19,HH078,DEV0113,16.6,100.0,4.42,21.9,2.6,False
T000534,2025-01-31,14,HH086,DEV0126,14.7,99.7,26.43,142.4,0.74,False
T000535,2025-01-31,15,HH096,DEV0140,27.5,100.0,5.22,29.0,0.44,False
T000536,2025-01-31,16,HH097,DEV0141,17.0,100.0,4.32,31.1,1.09,False
T000537,2025-01-31,14,HH099,DEV0144,27.9,100.0,5.55,32.1,0.91,False
T000538,2025-01-31,17,HH106,DEV0152,22.0,100.0,41.11,186.4,0.73,False
T000539,2025-01-31,19,HH108,DEV0155,39.8,100.0,27.03,139.0,1.45,False
T000540,2025-01-31,18,HH113,DEV0164,15.7,99.4,18.09,120.7,0.9,False
T000541,2025-01-31,16,HH120,DEV0176,12.5,85.0,4.64,21.2,1.01,False
T000542,2025-01-31,16,HH122,DEV0179,30.9,100.0,22.66,145.0,1.85,False
T000543,2025-01-31,18,HH128,DEV0187,32.9,100.0,2.82,16.4,0.39,False
T000544,2025-01-31,19,HH129,DEV0188,38.4,100.0,3.63,25.0,1.44,False
T000545,2025-02-01,13,HH004,DEV0005,37.4,100.0,4.51,20.4,0.48,False
T000546,2025-02-01,19,HH009,DEV0013,24.3,100.0,4.24,25.5,0.45,False
T000547,2025-02-01,13,HH014,DEV0019,10.2,90.7,3.62,21.8,0.95,False
T000548,2025-02-01,17,HH016,DEV0021,16.3,93.1,34.92,261.2,0.77,False
T000549,2025-02-01,14,HH018,DEV0025,11.7,85.2,29.54,175.8,1.35,False
T000550,2025-02-01,18,HH019,DEV0026,35.5,100.0,21.67,116.8,1.09,False
T000551,2025-02-01,17,HH020,DEV0027,7.2,95.8,3.1,20.8,0.55,False
T000552,2025-02-01,14,HH022,DEV0031,18.5,94.5,15.42,78.1,1.09,False
T000553,2025-02-01,14,HH025,DEV0037,8.1,84.6,44.97,223.2,1.49,False
T000554,2025-02-01,13,HH031,DEV0045,19.7,100.0,40.87,188.6,1.04,False
T000555,2025-02-01,19,HH052,DEV0077,26.7,100.0,3.74,26.2,0.79,False
T000556,2025-02-01,11,HH053,DEV0078,37.9,100.0,12.42,70.8,0.48,False
T000557,2025-02-01,17,HH058,DEV0086,27.9,100.0,2.6,15.2,1.07,False
T000558,2025-02-01,19,HH059,DEV0087,38.3,100.0,3.58,19.3,0.77,False
T000559,2025-02-01,16,HH074,DEV0107,39.5,100.0,30.43,140.1,0.66,False
T000560,2025-02-01,17,HH080,DEV0116,27.0,100.0,5.48,34.3,2.64,False
T000561,2025-02-01,17,HH083,DEV0122,6.7,80.9,28.72,148.1,0.77,False
T000562,2025-02-01,16,HH084,DEV0123,9.0,92.2,4.16,30.7,1.4,False
T000563,2025-02-01,17,HH085,DEV0124,26.3,100.0,24.76,121.6,0.19,False
T000564,2025-02-01,16,HH096,DEV0140,39.9,100.0,4.33,19.9,0.51,False
T000565,2025-02-01,16,HH097,DEV0141,17.0,97.8,4.2,31.3,0.91,False
T000566,2025-02-01,15,HH098,DEV0143,20.0,100.0,4.56,21.5,1.5,False
T000567,2025-02-01,18,HH111,DEV0162,26.4,100.0,32.38,154.6,1.4,False
T000568,2025-02-01,16,HH112,DEV0163,13.6,94.3,27.2,169.7,0.7,False
T000569,2025-02-01,15,HH115,DEV0169,37.0,100.0,25.45,115.9,1.68,False
T000570,2025-02-01,19,HH124,DEV0181,9.7,91.7,36.42,207.1,1.72,False
T000571,2025-02-01,15,HH131,DEV0190,14.5,94.8,3.77,18.6,1.6,False
T000572,2025-02-01,19,HH133,DEV0194,17.3,99.6,47.15,202.9,0.43,False
T000573,2025-02-01,17,HH140,DEV0206,36.2,100.0,16.46,109.4,1.36,False
T000574,2025-02-02,17,HH009,DEV0013,24.6,100.0,4.22,21.3,0.39,False
T000575,2025-02-02,17,HH014,DEV0019,19.4,99.2,3.59,21.1,0.97,False
T000576,2025-02-02,13,HH017,DEV0022,40.0,100.0,13.38,70.6,1.6,False
T000577,2025-02-02,14,HH018,DEV0025,31.4,100.0,27.58,118.4,1.35,False
T000578,2025-02-02,19,HH025,DEV0036,34.7,100.0,3.79,20.9,1.29,False
T000579,2025-02-02,19,HH029,DEV0043,36.3,100.0,33.7,165.2,1.12,False
T000580,2025-02-02,14,HH030,DEV0044,32.7,100.0,2.36,10.3,0.32,False
T000581,2025-02-02,16,HH039,DEV0056,10.5,89.8,34.74,157.2,3.2,False
T000582,2025-02-02,15,HH051,DEV0075,33.7,100.0,3.25,18.4,1.23,False
T000583,2025-02-02,15,HH052,DEV0076,14.1,100.0,3.87,17.2,0.74,False
T000584,2025-02-02,19,HH056,DEV0082,39.2,100.0,2.86,12.3,1.7,False
T000585,2025-02-02,13,HH058,DEV0086,5.0,84.0,2.85,16.6,1.08,False
T000586,2025-02-02,17,HH059,DEV0087,20.9,99.0,4.53,23.7,0.72,False
T000587,2025-02-02,17,HH069,DEV0101,34.1,100.0,36.38,158.6,0.44,False
T000588,2025-02-02,19,HH084,DEV0123,33.7,100.0,3.31,16.2,1.47,False
T000589,2025-02-02,13,HH097,DEV0141,25.4,100.0,3.88,23.7,1.02,False
T000590,2025-02-02,17,HH099,DEV0144,34.0,100.0,5.08,23.7,0.74,False
T000591,2025-02-02,19,HH106,DEV0152,37.8,100.0,32.78,200.3,0.76,False
T000592,2025-02-02,16,HH113,DEV0165,18.2,89.0,5.31,35.7,0.82,False
T000593,2025-02-02,17,HH115,DEV0169,18.4,100.0,32.97,143.7,1.58,False
T000594,2025-02-02,19,HH131,DEV0190,20.0,100.0,3.76,26.1,1.6,False
T000595,2025-02-02,19,HH133,DEV0194,16.7,86.2,39.82,217.6,0.39,False
T000596,2025-02-02,7,HH136,DEV0199,27.9,100.0,33.24,156.3,1.01,False
T000597,2025-02-02,18,HH138,DEV0203,23.5,96.4,24.86,111.0,0.77,False
T000598,2025-02-03,16,HH005,DEV0006,12.8,96.3,3.26,14.1,0.86,False
T000599,2025-02-03,18,HH014,DEV0019,7.2,82.5,3.39,16.8,0.98,False
T000600,2025-02-03,15,HH016,DEV0021,14.9,95.8,36.82,186.5,0.66,False
T000601,2025-02-03,12,HH018,DEV0024,36.6,100.0,4.31,18.8,1.28,False
T000602,2025-02-03,18,HH028,DEV0040,22.7,100.0,29.84,140.4,0.96,False
T000603,2025-02-03,14,HH036,DEV0051,6.8,91.9,5.11,24.6,1.68,False
T000604,2025-02-03,19,HH050,DEV0074,24.3,100.0,3.48,16.5,0.92,False
T000605,2025-02-03,19,HH052,DEV0076,24.5,100.0,3.4,18.1,0.68,False
T000606,2025-02-03,13,HH057,DEV0084,25.0,100.0,2.4,16.1,1.66,False
T000607,2025-02-03,18,HH058,DEV0086,30.8,100.0,2.49,11.7,0.91,False
T000608,2025-02-03,13,HH070,DEV0102,37.8,100.0,2.05,9.1,0.94,False
T000609,2025-02-03,17,HH076,DEV0110,38.8,100.0,21.91,103.0,2.69,False
T000610,2025-02-03,17,HH080,DEV0116,16.3,100.0,6.28,31.5,2.28,False
T000611,2025-02-03,18,HH083,DEV0122,16.1,100.0,32.47,184.8,0.81,False
T000612,2025-02-03,19,HH085,DEV0124,32.1,100.0,22.81,147.0,0.18,False
T000613,2025-02-03,18,HH088,DEV0129,20.6,100.0,36.6,186.0,0.63,False
T000614,2025-02-03,14,HH089,DEV0130,7.3,86.3,3.55,21.4,0.31,False
T000615,2025-02-03,15,HH095,DEV0138,30.9,100.0,19.56,145.0,1.48,False
T000616,2025-02-03,14,HH098,DEV0143,34.5,100.0,3.73,24.3,1.48,False
T000617,2025-02-03,14,HH099,DEV0144,26.7,100.0,5.64,28.7,0.76,False
T000618,2025-02-03,16,HH116,DEV0170,20.0,94.8,25.22,121.4,2.95,False
T000619,2025-02-03,18,HH123,DEV0180,8.5,85.8,16.16,72.9,0.7,False
T000620,2025-02-03,19,HH131,DEV0190,8.3,98.1,4.22,21.2,1.54,False
T000621,2025-02-03,14,HH136,DEV0199,21.5,100.0,36.19,206.0,1.0,False
T000622,2025-02-03,18,HH140,DEV0206,33.3,100.0,17.21,121.4,1.27,False
T000623,2025-02-04,19,HH018,DEV0024,27.3,100.0,4.94,21.5,1.31,False
T000624,2025-02-04,13,HH019,DEV0026,26.7,95.9,23.25,166.4,0.97,False
T000625,2025-02-04,15,HH020,DEV0027,34.0,100.0,2.31,11.9,0.44,False
T000626,2025-02-04,17,HH022,DEV0031,17.0,88.3,14.47,65.2,1.09,False
T000627,2025-02-04,16,HH027,DEV0039,25.1,100.0,2.4,11.4,0.54,False
T000628,2025-02-04,19,HH028,DEV0040,9.4,83.9,28.75,193.8,0.92,False
T000629,2025-02-04,15,HH031,DEV0045,35.6,100.0,32.78,146.4,1.1,False
T000630,2025-02-04,15,HH034,DEV0049,9.3,86.2,5.77,35.7,0.56,False
T000631,2025-02-04,18,HH044,DEV0066,27.4,100.0,22.72,136.3,1.36,False
T000632,2025-02-04,15,HH048,DEV0072,20.6,100.0,6.19,39.9,0.16,False
T000633,2025-02-04,15,HH050,DEV0074,30.0,100.0,3.22,14.4,0.96,False
T000634,2025-02-04,17,HH056,DEV0083,18.3,98.3,17.52,131.2,1.65,False
T000635,2025-02-04,16,HH057,DEV0085,26.0,100.0,5.62,32.2,1.73,False
T000636,2025-02-04,17,HH058,DEV0086,24.8,100.0,2.71,17.5,1.04,False
T000637,2025-02-04,19,HH060,DEV0089,16.9,100.0,22.02,99.6,1.41,False
T000638,2025-02-04,17,HH068,DEV0100,10.1,90.5,34.9,171.0,2.07,False
T000639,2025-02-04,15,HH069,DEV0101,9.4,89.4,44.17,264.5,0.48,False
T000640,2025-02-04,14,HH080,DEV0116,31.2,100.0,5.16,32.2,2.5,False
T000641,2025-02-04,18,HH088,DEV0129,28.2,100.0,33.1,202.5,0.59,False
T000642,2025-02-04,16,HH090,DEV0132,6.1,91.5,49.63,278.2,2.45,False
T000643,2025-02-04,15,HH094,DEV0136,32.5,100.0,33.34,207.5,0.56,False
T000644,2025-02-04,15,HH097,DEV0141,15.9,97.8,4.26,20.9,0.93,False
T000645,2025-02-04,17,HH106,DEV0152,40.0,100.0,31.62,140.9,0.66,False
T000646,2025-02-04,14,HH108,DEV0155,22.1,100.0,34.98,174.5,1.25,False
T000647,2025-02-04,16,HH111,DEV0162,38.5,100.0,27.06,137.6,1.17,False
T000648,2025-02-04,19,HH115,DEV0169,26.7,100.0,29.61,194.0,1.61,False
T000649,2025-02-04,18,HH125,DEV0183,12.4,91.2,4.25,26.3,0.81,False
T000650,2025-02-05,19,HH005,DEV0006,22.6,92.4,2.72,20.1,0.97,False
T000651,2025-02-05,15,HH009,DEV0013,19.8,100.0,4.49,22.4,0.39,False
T000652,2025-02-05,13,HH011,DEV0015,10.1,89.6,47.39,209.4,1.11,False
T000653,2025-02-05,17,HH020,DEV0027,39.5,100.0,2.12,13.4,0.49,False
T000654,2025-02-05,19,HH022,DEV0030,27.7,98.1,3.17,19.7,1.17,False
T000655,2025-02-05,18,HH026,DEV0038,28.0,100.0,36.0,174.4,0.72,False
T000656,2025-02-05,17,HH027,DEV0039,20.8,100.0,2.53,12.0,0.62,False
T000657,2025-02-05,18,HH029,DEV0042,11.9,91.3,41.36,199.3,0.96,False
T000658,2025-02-05,15,HH037,DEV0053,30.8,100.0,3.25,19.6,1.53,False
T000659,2025-02-05,19,HH038,DEV0055,6.6,90.1,3.09,17.8,1.52,False
T000660,2025-02-05,19,HH039,DEV0056,23.3,100.0,33.59,144.8,3.28,False
T000661,2025-02-05,17,HH040,DEV0059,24.3,100.0,2.35,15.2,1.3,False
T000662,2025-02-05,15,HH044,DEV0066,33.5,100.0,20.81,100.5,1.36,False
T000663,2025-02-05,16,HH049,DEV0073,27.5,100.0,3.04,14.8,0.19,False
T000664,2025-02-05,15,HH050,DEV0074,15.0,100.0,3.91,19.7,0.95,False
T000665,2025-02-05,12,HH052,DEV0077,7.9,93.9,4.39,26.3,0.64,False
T000666,2025-02-05,17,HH053,DEV0078,27.6,100.0,14.48,78.4,0.45,False
T000667,2025-02-05,19,HH056,DEV0082,6.9,83.6,3.61,23.3,1.61,False
T000668,2025-02-05,19,HH058,DEV0086,21.1,98.4,2.78,14.6,0.95,False
T000669,2025-02-05,19,HH060,DEV0089,30.2,100.0,18.5,118.7,1.49,False
T000670,2025-02-05,19,HH074,DEV0108,12.1,99.3,4.89,32.3,0.7,False
T000671,2025-02-05,19,HH084,DEV0123,5.9,82.7,3.84,20.6,1.26,False
T000672,2025-02-05,19,HH086,DEV0127,11.5,85.6,2.89,15.5,0.58,False
T000673,2025-02-05,18,HH089,DEV0130,35.7,100.0,2.89,14.9,0.34,False
T000674,2025-02-05,14,HH090,DEV0132,23.6,100.0,44.39,243.2,2.3,False
T000675,2025-02-05,14,HH094,DEV0137,28.6,100.0,3.5,19.0,0.5,False
T000676,2025-02-05,14,HH095,DEV0138,26.6,100.0,20.77,110.6,1.39,False
T000677,2025-02-05,17,HH108,DEV0155,17.8,100.0,36.91,172.8,1.32,False
T000678,2025-02-05,18,HH109,DEV0157,19.8,100.0,4.97,26.3,1.06,False
T000679,2025-02-05,19,HH111,DEV0162,33.1,100.0,29.44,193.0,1.07,False
T000680,2025-02-05,17,HH112,DEV0163,29.8,100.0,23.66,109.3,0.69,False
T000681,2025-02-05,16,HH113,DEV0164,24.5,100.0,16.31,75.9,0.97,False
T000682,2025-02-05,17,HH114,DEV0168,35.2,100.0,23.39,123.7,2.0,False
T000683,2025-02-05,19,HH126,DEV0184,26.1,100.0,5.62,34.7,1.07,False
T000684,2025-02-05,19,HH127,DEV0186,23.1,100.0,38.83,289.8,0.98,False
T000685,2025-02-05,19,HH129,DEV0188,5.4,81.9,4.52,21.6,1.15,False
T000686,2025-02-05,14,HH138,DEV0203,18.3,100.0,27.86,132.7,0.71,False
T000687,2025-02-06,19,HH004,DEV0005,36.3,100.0,4.59,20.8,0.47,False
T000688,2025-02-06,16,HH005,DEV0006,18.9,97.6,3.07,16.5,0.89,False
T000689,2025-02-06,14,HH009,DEV0013,19.5,100.0,4.51,32.9,0.39,False
T000690,2025-02-06,19,HH010,DEV0014,20.4,92.8,43.14,223.4,1.59,False
T000691,2025-02-06,14,HH016,DEV0021,26.4,100.0,33.49,212.5,0.71,False
T000692,2025-02-06,14,HH018,DEV0025,15.8,87.6,28.88,197.7,1.34,False
T000693,2025-02-06,15,HH020,DEV0027,15.4,100.0,2.96,13.4,0.44,False
T000694,2025-02-06,17,HH029,DEV0043,31.8,100.0,36.08,170.6,1.0,False
T000695,2025-02-06,19,HH038,DEV0055,19.5,95.6,2.82,19.5,1.25,False
T000696,2025-02-06,18,HH039,DEV0056,19.1,94.2,32.91,195.7,2.95,False
T000697,2025-02-06,16,HH048,DEV0072,27.5,100.0,5.65,29.0,0.15,False
T000698,2025-02-06,19,HH050,DEV0074,32.2,100.0,3.12,17.3,0.89,False
T000699,2025-02-06,18,HH056,DEV0082,21.4,100.0,3.69,21.1,1.55,False
T000700,2025-02-06,13,HH057,DEV0084,34.1,100.0,2.11,15.5,1.53,False
T000701,2025-02-06,16,HH059,DEV0087,12.4,100.0,5.08,25.6,0.65,False
T000702,2025-02-06,15,HH060,DEV0088,5.5,92.0,6.31,35.8,1.55,False
T000703,2025-02-06,19,HH070,DEV0102,17.9,92.8,2.47,11.2,1.01,False
T000704,2025-02-06,19,HH071,DEV0103,9.7,94.9,5.36,28.7,1.42,False
T000705,2025-02-06,19,HH086,DEV0127,24.8,100.0,2.93,21.6,0.7,False
T000706,2025-02-06,13,HH096,DEV0140,34.7,100.0,4.7,31.0,0.41,False
T000707,2025-02-06,17,HH097,DEV0141,35.6,100.0,3.35,20.5,0.85,False
T000708,2025-02-06,19,HH099,DEV0144,15.6,99.2,6.44,42.8,0.73,False
T000709,2025-02-06,16,HH101,DEV0147,20.1,94.4,2.67,16.3,0.3,False
T000710,2025-02-06,19,HH114,DEV0168,36.5,100.0,22.92,106.7,1.73,False
T000711,2025-02-06,12,HH116,DEV0170,28.1,100.0,24.23,134.1,2.44,False
T000712,2025-02-06,14,HH120,DEV0176,34.6,100.0,4.19,30.1,0.86,False
T000713,2025-02-06,17,HH126,DEV0184,25.4,100.0,5.67,33.9,1.03,False
T000714,2025-02-07,18,HH010,DEV0014,39.2,100.0,36.24,197.3,1.54,False
T000715,2025-02-07,14,HH017,DEV0022,5.7,84.1,17.48,89.2,1.26,False
T000716,2025-02-07,10,HH026,DEV0038,24.1,100.0,37.95,229.8,0.6,False
T000717,2025-02-07,16,HH028,DEV0040,11.4,89.4,30.11,152.8,0.92,False
T000718,2025-02-07,17,HH029,DEV0042,38.5,100.0,32.04,148.2,0.92,False
T000719,2025-02-07,16,HH030,DEV0044,18.7,93.1,2.6,14.8,0.27,False
T000720,2025-02-07,18,HH034,DEV0049,34.7,100.0,4.9,21.1,0.52,False
T000721,2025-02-07,15,HH036,DEV0052,7.3,91.0,6.19,35.4,1.5,False
T000722,2025-02-07,19,HH037,DEV0053,10.1,93.6,3.93,20.7,1.26,False
T000723,2025-02-07,19,HH039,DEV0058,32.5,100.0,3.24,17.7,3.18,False
T000724,2025-02-07,16,HH044,DEV0066,24.6,100.0,23.6,132.4,1.23,False
T000725,2025-02-07,14,HH049,DEV0073,38.7,100.0,2.57,18.8,0.21,False
T000726,2025-02-07,19,HH052,DEV0076,32.9,100.0,3.02,15.4,0.7,False
T000727,2025-02-07,15,HH053,DEV0078,17.8,93.4,15.12,99.0,0.46,False
T000728,2025-02-07,18,HH057,DEV0084,28.5,100.0,2.29,16.5,1.38,False
T000729,2025-02-07,18,HH059,DEV0087,24.7,100.0,4.37,20.5,0.63,False
T000730,2025-02-07,13,HH069,DEV0101,12.7,83.3,38.98,234.7,0.41,False
T000731,2025-02-07,15,HH070,DEV0102,25.8,100.0,2.45,17.2,0.92,False
T000732,2025-02-07,19,HH071,DEV0103,8.4,90.4,5.17,24.5,1.29,False
T000733,2025-02-07,15,HH074,DEV0108,27.6,100.0,4.05,19.5,0.66,False
T000734,2025-02-07,19,HH076,DEV0110,28.6,100.0,25.56,144.5,2.07,False
T000735,2025-02-07,16,HH080,DEV0116,11.5,97.1,6.42,35.0,2.28,False
T000736,2025-02-07,19,HH083,DEV0122,31.1,100.0,26.66,134.1,0.78,False
T000737,2025-02-07,16,HH085,DEV0124,6.4,94.4,29.57,151.2,0.16,False
T000738,2025-02-07,12,HH088,DEV0129,33.0,100.0,30.89,138.8,0.54,False
T000739,2025-02-07,18,HH091,DEV0133,9.2,86.1,3.46,15.7,1.03,False
T000740,2025-02-07,19,HH094,DEV0137,29.9,100.0,3.43,22.9,0.49,False
T000741,2025-02-07,17,HH095,DEV0138,22.0,95.1,20.68,152.9,1.41,False
T000742,2025-02-07,17,HH097,DEV0141,8.6,92.4,4.36,31.1,0.88,False
T000743,2025-02-07,15,HH106,DEV0152,35.3,100.0,34.1,234.0,0.61,False
T000744,2025-02-07,17,HH109,DEV0157,10.4,92.1,5.07,24.6,1.11,False
T000745,2025-02-07,19,HH111,DEV0161,22.9,100.0,5.09,35.3,1.07,False
T000746,2025-02-07,12,HH112,DEV0163,39.3,100.0,20.46,95.5,0.62,False
T000747,2025-02-07,14,HH113,DEV0164,19.0,100.0,17.5,107.9,0.84,False
T000748,2025-02-07,14,HH125,DEV0182,8.3,93.3,27.97,168.5,0.65,False
T000749,2025-02-07,18,HH126,DEV0184,16.0,88.0,5.47,28.6,0.99,False
T000750,2025-02-07,14,HH127,DEV0185,5.1,81.8,45.35,336.2,0.83,False
T000751,2025-02-07,16,HH129,DEV0188,25.1,100.0,4.42,23.5,1.14,False
T000752,2025-02-07,16,HH131,DEV0190,38.6,100.0,2.89,16.1,1.4,False
T000753,2025-02-07,17,HH133,DEV0195,25.3,100.0,17.03,119.1,0.42,False
T000754,2025-02-07,19,HH138,DEV0203,28.4,100.0,24.42,134.8,0.66,False
T000755,2025-02-08,18,HH012,DEV0016,35.6,100.0,2.19,13.2,0.45,False
T000756,2025-02-08,18,HH016,DEV0021,6.3,92.5,39.21,244.0,0.57,False
T000757,2025-02-08,18,HH017,DEV0022,8.7,85.4,17.1,110.5,1.4,False
T000758,2025-02-08,19,HH019,DEV0026,14.0,99.2,28.63,184.9,0.94,False
T000759,2025-02-08,18,HH025,DEV0037,14.4,91.5,45.35,302.7,1.21,False
T000760,2025-02-08,12,HH029,DEV0043,10.1,99.2,47.15,221.4,0.99,False
T000761,2025-02-08,17,HH031,DEV0045,20.0,100.0,40.72,303.2,1.0,False
T000762,2025-02-08,15,HH034,DEV0049,5.5,84.7,5.94,26.8,0.51,False
T000763,2025-02-08,15,HH036,DEV0051,28.2,100.0,4.31,27.8,1.71,False
T000764,2025-02-08,17,HH038,DEV0055,38.4,100.0,2.28,10.0,1.31,False
T000765,2025-02-08,15,HH040,DEV0059,17.0,97.8,2.5,11.1,1.15,False
T000766,2025-02-08,17,HH043,DEV0064,36.0,100.0,29.5,129.3,1.78,False
T000767,2025-02-08,11,HH048,DEV0071,21.4,100.0,31.83,150.9,0.16,False
T000768,2025-02-08,15,HH049,DEV0073,7.0,82.9,3.19,21.8,0.23,False
T000769,2025-02-08,14,HH050,DEV0074,19.1,100.0,3.72,20.0,0.92,False
T000770,2025-02-08,19,HH052,DEV0077,15.5,88.0,3.7,19.2,0.76,False
T000771,2025-02-08,19,HH053,DEV0078,33.9,100.0,13.22,78.4,0.39,False
T000772,2025-02-08,17,HH058,DEV0086,19.5,100.0,2.9,14.1,0.87,False
T000773,2025-02-08,12,HH059,DEV0087,10.5,100.0,5.19,29.7,0.62,False
T000774,2025-02-08,18,HH061,DEV0091,37.5,100.0,3.75,22.6,2.1,False
T000775,2025-02-08,19,HH067,DEV0099,39.9,100.0,4.81,30.0,2.51,False
T000776,2025-02-08,17,HH070,DEV0102,8.1,88.9,2.66,18.2,0.81,False
T000777,2025-02-08,18,HH080,DEV0116,38.0,100.0,4.65,22.1,2.1,False
T000778,2025-02-08,17,HH082,DEV0120,25.6,100.0,3.42,18.6,1.34,False
T000779,2025-02-08,15,HH083,DEV0122,33.1,100.0,25.89,153.4,0.73,False
T000780,2025-02-08,19,HH096,DEV0140,38.7,100.0,4.41,22.7,0.4,False
T000781,2025-02-08,17,HH108,DEV0155,38.3,100.0,27.7,150.4,1.2,False
T000782,2025-02-08,18,HH109,DEV0157,6.6,87.6,5.02,35.6,1.16,False
T000783,2025-02-08,15,HH111,DEV0161,33.0,100.0,4.42,27.3,1.04,False
T000784,2025-02-08,16,HH112,DEV0163,23.7,100.0,25.71,141.6,0.68,False
T000785,2025-02-08,15,HH114,DEV0168,17.2,100.0,29.89,185.5,1.75,False
T000786,2025-02-08,14,HH115,DEV0169,5.9,86.0,32.38,205.9,1.53,False
T000787,2025-02-08,14,HH120,DEV0176,10.2,90.5,5.14,37.7,0.83,False
T000788,2025-02-08,17,HH125,DEV0182,36.2,100.0,20.99,101.2,0.58,False
T000789,2025-02-08,19,HH126,DEV0184,20.8,100.0,6.02,36.3,1.0,False
T000790,2025-02-08,17,HH129,DEV0188,31.4,100.0,4.05,25.6,1.03,False
T000791,2025-02-08,15,HH136,DEV0199,17.1,99.5,38.0,257.3,0.91,False
T000792,2025-02-09,14,HH005,DEV0006,31.5,100.0,2.67,19.5,0.81,False
T000793,2025-02-09,18,HH010,DEV0014,28.8,100.0,42.44,221.3,1.37,False
T000794,2025-02-09,16,HH014,DEV0019,29.3,100.0,3.18,19.1,0.9,False
T000795,2025-02-09,16,HH017,DEV0022,23.7,95.9,16.1,75.1,1.24,False
T000796,2025-02-09,19,HH018,DEV0024,27.7,99.5,4.88,22.9,1.08,False
T000797,2025-02-09,17,HH019,DEV0026,38.1,100.0,20.8,90.2,0.88,False
T000798,2025-02-09,17,HH020,DEV0027,20.3,100.0,2.79,13.4,0.41,False
T000799,2025-02-09,13,HH025,DEV0037,9.1,100.0,53.45,326.6,1.36,False
T000800,2025-02-09,19,HH028,DEV0040,39.2,100.0,23.47,101.6,0.74,False
T000801,2025-02-09,12,HH034,DEV0049,34.0,100.0,4.95,22.6,0.54,False
T000802,2025-02-09,13,HH035,DEV0050,31.3,100.0,23.29,140.7,0.93,False
T000803,2025-02-09,15,HH043,DEV0065,33.0,100.0,2.81,19.4,1.76,False
T000804,2025-02-09,18,HH050,DEV0074,23.6,100.0,3.51,20.8,1.04,False
T000805,2025-02-09,19,HH051,DEV0075,22.4,100.0,3.8,23.8,0.93,False
T000806,2025-02-09,19,HH052,DEV0077,29.8,100.0,3.58,15.4,0.66,False
T000807,2025-02-09,16,HH058,DEV0086,34.9,100.0,2.34,10.2,1.02,False
T000808,2025-02-09,18,HH059,DEV0087,9.2,96.0,5.04,35.9,0.51,False
T000809,2025-02-09,16,HH068,DEV0100,22.3,100.0,33.72,250.5,1.71,False
T000810,2025-02-09,18,HH070,DEV0102,32.5,100.0,2.23,9.8,0.88,False
T000811,2025-02-09,17,HH071,DEV0103,29.0,100.0,4.47,33.4,1.41,False
T000812,2025-02-09,15,HH085,DEV0124,11.9,96.6,28.45,171.5,0.18,False
T000813,2025-02-09,17,HH088,DEV0129,21.8,93.6,33.1,160.6,0.53,False
T000814,2025-02-09,19,HH090,DEV0131,17.9,98.7,45.35,205.1,2.21,False
T000815,2025-02-09,14,HH094,DEV0137,16.8,100.0,4.08,30.0,0.48,False
T000816,2025-02-09,16,HH096,DEV0140,38.2,100.0,4.45,23.0,0.39,False
T000817,2025-02-09,19,HH098,DEV0143,15.9,100.0,4.79,21.1,1.23,False
T000818,2025-02-09,16,HH099,DEV0144,33.2,100.0,5.14,23.0,0.65,False
T000819,2025-02-09,12,HH104,DEV0150,39.6,100.0,19.87,114.1,0.96,False
T000820,2025-02-09,19,HH108,DEV0155,6.7,94.1,39.26,250.8,1.3,False
T000821,2025-02-09,15,HH111,DEV0162,38.8,100.0,26.93,115.9,1.08,False
T000822,2025-02-09,16,HH114,DEV0168,33.8,100.0,23.9,105.5,1.61,False
T000823,2025-02-09,19,HH115,DEV0169,8.5,90.4,33.1,197.6,1.37,False
T000824,2025-02-09,19,HH123,DEV0180,6.8,81.2,15.55,94.1,0.54,False
T000825,2025-02-09,15,HH127,DEV0185,10.8,89.4,46.45,204.1,0.88,False
T000826,2025-02-09,16,HH129,DEV0188,38.3,100.0,3.64,23.5,1.04,False
T000827,2025-02-09,17,HH131,DEV0190,5.1,80.6,3.55,18.2,1.43,False
T000828,2025-02-10,16,HH005,DEV0006,22.4,100.0,3.03,18.4,0.78,False
T000829,2025-02-10,15,HH009,DEV0013,25.2,100.0,4.19,24.1,0.41,False
T000830,2025-02-10,13,HH011,DEV0015,13.2,83.1,41.65,257.8,1.12,False
T000831,2025-02-10,17,HH012,DEV0016,24.9,100.0,2.55,16.4,0.42,False
T000832,2025-02-10,19,HH019,DEV0026,26.8,100.0,24.6,115.2,0.98,False
T000833,2025-02-10,15,HH022,DEV0030,15.4,100.0,3.81,21.3,1.02,False
T000834,2025-02-10,14,HH029,DEV0041,6.2,88.2,5.74,40.5,0.91,False
T000835,2025-02-10,16,HH030,DEV0044,30.3,100.0,2.44,13.6,0.26,False
T000836,2025-02-10,15,HH031,DEV0046,25.9,100.0,38.53,168.3,0.97,False
T000837,2025-02-10,15,HH033,DEV0048,17.8,89.1,4.56,31.8,0.63,False
T000838,2025-02-10,18,HH036,DEV0052,30.0,100.0,5.18,25.2,1.59,False
T000839,2025-02-10,17,HH037,DEV0053,12.4,92.2,3.75,18.4,1.32,False
T000840,2025-02-10,19,HH039,DEV0058,27.6,100.0,3.48,16.3,2.67,False
T000841,2025-02-10,19,HH048,DEV0072,14.1,93.3,6.18,37.7,0.15,False
T000842,2025-02-10,14,HH050,DEV0074,22.2,96.4,3.41,16.0,0.85,False
T000843,2025-02-10,17,HH053,DEV0078,32.0,100.0,13.6,58.8,0.42,False
T000844,2025-02-10,13,HH069,DEV0101,17.9,100.0,45.32,302.5,0.43,False
T000845,2025-02-10,15,HH071,DEV0103,6.4,85.9,5.01,30.3,1.3,False
T000846,2025-02-10,19,HH076,DEV0110,8.6,80.7,25.8,126.9,2.28,False
T000847,2025-02-10,17,HH084,DEV0123,27.6,100.0,3.62,15.7,1.14,False
T000848,2025-02-10,18,HH085,DEV0124,38.2,100.0,20.76,146.8,0.14,False
T000849,2025-02-10,19,HH091,DEV0133,26.4,99.1,3.27,16.1,1.08,False
T000850,2025-02-10,15,HH101,DEV0147,12.1,100.0,3.16,14.8,0.26,False
T000851,2025-02-10,18,HH104,DEV0150,6.0,86.2,26.39,124.1,0.96,False
T000852,2025-02-10,15,HH107,DEV0154,5.9,87.1,2.68,17.5,1.17,False
T000853,2025-02-10,18,HH112,DEV0163,38.0,100.0,20.89,136.3,0.56,False
T000854,2025-02-10,18,HH115,DEV0169,12.0,83.9,29.06,185.9,1.25,False
T000855,2025-02-10,17,HH116,DEV0170,22.0,100.0,26.29,165.6,2.48,False
T000856,2025-02-10,13,HH123,DEV0180,26.8,97.4,14.76,104.9,0.53,False
T000857,2025-02-10,15,HH126,DEV0184,32.7,100.0,5.11,36.5,0.84,False
T000858,2025-02-10,15,HH133,DEV0194,37.3,100.0,35.93,260.3,0.34,False
T000859,2025-02-10,17,HH136,DEV0199,25.9,100.0,34.16,226.4,0.95,False
T000860,2025-02-10,15,HH138,DEV0203,39.6,100.0,20.6,107.9,0.68,False
T000861,2025-02-11,12,HH004,DEV0005,15.4,95.1,5.74,35.0,0.38,False
T000862,2025-02-11,17,HH012,DEV0016,5.0,88.2,2.83,18.3,0.37,False
T000863,2025-02-11,19,HH014,DEV0019,28.2,100.0,3.23,16.4,0.72,False
T000864,2025-02-11,17,HH017,DEV0022,33.8,100.0,14.76,63.7,1.23,False
T000865,2025-02-11,18,HH019,DEV0026,9.8,88.1,26.29,149.5,0.95,False
T000866,2025-02-11,13,HH022,DEV0031,22.3,100.0,15.77,83.8,0.94,False
T000867,2025-02-11,17,HH027,DEV0039,16.8,90.4,2.35,13.7,0.56,False
T000868,2025-02-11,19,HH029,DEV0043,7.5,79.4,38.02,194.7,0.83,False
T000869,2025-02-11,19,HH030,DEV0044,33.2,100.0,2.34,10.2,0.24,False
T000870,2025-02-11,19,HH031,DEV0046,14.8,91.3,39.79,185.0,0.76,False
T000871,2025-02-11,15,HH036,DEV0051,9.4,94.8,5.12,25.4,1.49,False
T000872,2025-02-11,13,HH037,DEV0053,33.3,100.0,3.13,15.2,1.25,False
T000873,2025-02-11,17,HH043,DEV0065,16.9,91.9,3.15,15.9,1.76,False
T000874,2025-02-11,19,HH047,DEV0070,19.2,100.0,19.47,110.0,0.53,False
T000875,2025-02-11,10,HH061,DEV0091,29.6,100.0,4.22,25.3,1.99,False
T000876,2025-02-11,19,HH069,DEV0101,9.9,92.4,45.53,231.2,0.38,False
T000877,2025-02-11,19,HH070,DEV0102,14.1,100.0,2.83,13.4,0.88,False
T000878,2025-02-11,16,HH074,DEV0108,22.5,100.0,4.34,21.6,0.61,False
T000879,2025-02-11,16,HH075,DEV0109,26.8,100.0,29.87,138.4,0.63,False
T000880,2025-02-11,18,HH080,DEV0116,14.7,100.0,6.4,36.8,2.04,False
T000881,2025-02-11,16,HH083,DEV0122,37.3,100.0,24.26,109.4,0.69,False
T000882,2025-02-11,17,HH085,DEV0124,19.7,99.0,26.65,165.5,0.17,False
T000883,2025-02-11,18,HH095,DEV0138,6.8,95.3,25.04,150.6,1.43,False
T000884,2025-02-11,19,HH097,DEV0141,17.3,93.4,3.96,19.9,0.87,False
T000885,2025-02-11,16,HH107,DEV0153,24.1,100.0,2.88,17.9,1.02,False
T000886,2025-02-11,18,HH112,DEV0163,18.6,100.0,27.43,184.5,0.65,False
T000887,2025-02-11,19,HH123,DEV0180,30.2,100.0,14.59,71.3,0.61,False
T000888,2025-02-11,17,HH124,DEV0181,9.4,78.8,30.8,147.4,1.46,False
T000889,2025-02-11,19,HH125,DEV0182,36.7,100.0,20.83,116.1,0.73,False
T000890,2025-02-11,16,HH129,DEV0188,12.9,91.1,4.62,23.4,1.15,False
T000891,2025-02-11,16,HH133,DEV0193,31.8,100.0,2.59,14.3,0.32,False
T000892,2025-02-11,12,HH136,DEV0199,32.8,100.0,30.98,185.4,0.78,False
T000893,2025-02-11,18,HH138,DEV0203,10.1,84.0,25.18,120.3,0.63,False
T000894,2025-02-12,17,HH009,DEV0013,32.4,100.0,3.79,20.5,0.36,False
T000895,2025-02-12,15,HH020,DEV0027,38.1,100.0,2.17,11.8,0.39,False
T000896,2025-02-12,19,HH025,DEV0036,28.3,100.0,4.16,20.2,1.21,False
T000897,2025-02-12,19,HH028,DEV0040,11.0,92.6,31.51,177.1,0.64,False
T000898,2025-02-12,18,HH030,DEV0044,24.2,97.9,2.58,17.2,0.28,False
T000899,2025-02-12,13,HH031,DEV0046,26.4,100.0,38.27,210.6,0.86,False
T000900,2025-02-12,19,HH035,DEV0050,7.2,88.2,27.47,179.5,0.91,False
T000901,2025-02-12,13,HH036,DEV0052,6.3,81.7,5.58,26.1,1.53,False
T000902,2025-02-12,18,HH038,DEV0054,35.9,100.0,20.45,88.2,1.33,False
T000903,2025-02-12,17,HH040,DEV0059,37.5,100.0,1.94,10.7,0.94,False
T000904,2025-02-12,19,HH043,DEV0064,13.0,99.8,40.03,173.9,1.52,False
T000905,2025-02-12,19,HH045,DEV0067,23.6,93.9,36.14,173.1,2.88,False
T000906,2025-02-12,13,HH048,DEV0072,28.7,100.0,5.56,24.9,0.16,False
T000907,2025-02-12,17,HH049,DEV0073,30.2,100.0,2.93,13.1,0.18,False
T000908,2025-02-12,15,HH050,DEV0074,7.9,80.3,3.33,15.8,0.81,False
T000909,2025-02-12,18,HH052,DEV0077,39.3,100.0,3.1,13.3,0.49,False
T000910,2025-02-12,18,HH059,DEV0087,22.9,99.7,4.46,29.5,0.52,False
T000911,2025-02-12,19,HH067,DEV0099,9.5,89.2,6.37,44.2,2.37,False
T000912,2025-02-12,16,HH069,DEV0101,34.9,100.0,35.94,247.5,0.36,False
T000913,2025-02-12,16,HH086,DEV0126,24.0,93.3,21.55,159.8,0.61,False
T000914,2025-02-12,16,HH088,DEV0129,9.6,89.3,36.75,158.8,0.49,False
T000915,2025-02-12,17,HH090,DEV0132,20.1,99.8,46.29,231.1,2.33,False
T000916,2025-02-12,19,HH096,DEV0140,38.8,100.0,4.41,20.5,0.41,False
T000917,2025-02-12,18,HH098,DEV0143,12.3,93.3,4.62,32.5,1.18,False
T000918,2025-02-12,16,HH101,DEV0147,28.4,100.0,2.58,13.0,0.28,False
T000919,2025-02-12,10,HH109,DEV0157,23.1,100.0,4.77,27.7,1.07,False
T000920,2025-02-12,13,HH113,DEV0164,26.8,100.0,15.81,69.1,0.67,False
T000921,2025-02-12,16,HH114,DEV0167,30.4,100.0,5.36,28.0,1.5,False
T000922,2025-02-12,10,HH115,DEV0169,19.9,92.7,29.41,138.8,1.25,False
T000923,2025-02-12,13,HH120,DEV0176,27.9,100.0,4.61,27.6,0.8,False
T000924,2025-02-12,14,HH124,DEV0181,21.1,95.5,33.02,222.1,1.47,False
T000925,2025-02-12,16,HH126,DEV0184,18.0,99.2,6.17,35.7,0.81,False
T000926,2025-02-12,15,HH127,DEV0186,37.0,100.0,31.82,148.0,0.69,False
T000927,2025-02-12,18,HH128,DEV0187,27.9,100.0,3.03,13.3,0.24,False
T000928,2025-02-13,13,HH009,DEV0013,8.6,96.4,4.92,26.0,0.37,False
T000929,2025-02-13,16,HH010,DEV0014,17.0,100.0,49.47,269.9,1.22,False
T000930,2025-02-13,16,HH011,DEV0015,21.2,100.0,46.96,224.4,1.27,False
T000931,2025-02-13,18,HH012,DEV0016,37.4,100.0,2.13,10.5,0.37,False
T000932,2025-02-13,19,HH015,DEV0020,37.7,100.0,2.12,11.6,1.98,False
T000933,2025-02-13,19,HH020,DEV0027,35.1,100.0,2.27,12.3,0.38,False
T000934,2025-02-13,17,HH022,DEV0031,31.0,100.0,14.01,74.0,0.82,False
T000935,2025-02-13,14,HH035,DEV0050,9.7,96.7,29.5,213.4,0.89,False
T000936,2025-02-13,16,HH048,DEV0072,15.6,100.0,6.58,29.4,0.13,False
T000937,2025-02-13,14,HH049,DEV0073,29.9,100.0,2.94,14.8,0.17,False
T000938,2025-02-13,15,HH050,DEV0074,9.6,100.0,4.16,22.9,0.75,False
T000939,2025-02-13,19,HH053,DEV0078,15.7,92.3,15.31,76.9,0.34,False
T000940,2025-02-13,16,HH057,DEV0085,8.6,84.9,5.8,27.5,1.19,False
T000941,2025-02-13,16,HH059,DEV0087,32.8,100.0,3.9,18.6,0.55,False
T000942,2025-02-13,15,HH060,DEV0089,36.1,100.0,16.93,76.8,1.31,False
T000943,2025-02-13,16,HH069,DEV0101,38.1,100.0,34.17,148.9,0.35,False
T000944,2025-02-13,16,HH071,DEV0103,7.1,88.4,5.12,33.1,1.25,False
T000945,2025-02-13,19,HH074,DEV0108,15.0,92.0,4.31,21.3,0.55,False
T000946,2025-02-13,15,HH076,DEV0110,10.5,87.4,27.55,178.9,1.71,False
T000947,2025-02-13,17,HH078,DEV0113,39.9,100.0,3.19,21.7,1.85,False
T000948,2025-02-13,17,HH080,DEV0116,35.1,100.0,4.87,27.5,1.8,False
T000949,2025-02-13,17,HH094,DEV0137,5.0,76.7,3.52,17.4,0.43,False
T000950,2025-02-13,16,HH101,DEV0147,10.4,87.5,2.78,16.6,0.26,False
T000951,2025-02-13,13,HH112,DEV0163,25.7,100.0,25.04,110.2,0.56,False
T000952,2025-02-13,18,HH116,DEV0170,35.6,100.0,21.7,99.5,2.21,False
T000953,2025-02-13,17,HH120,DEV0176,21.6,99.0,4.95,22.0,0.73,False
T000954,2025-02-13,17,HH122,DEV0179,26.0,100.0,24.27,140.6,1.37,False
T000955,2025-02-13,16,HH123,DEV0180,31.6,100.0,14.3,100.7,0.56,False
T000956,2025-02-13,15,HH125,DEV0183,33.9,100.0,3.57,25.6,0.64,False
T000957,2025-02-13,18,HH128,DEV0187,24.9,100.0,3.15,19.1,0.26,False
T000958,2025-02-13,17,HH133,DEV0193,38.1,100.0,2.35,12.4,0.3,False
T000959,2025-02-13,17,HH138,DEV0203,38.5,100.0,20.97,98.4,0.5,False
T000960,2025-02-14,15,HH005,DEV0006,10.8,98.4,3.42,15.8,0.79,False
T000961,2025-02-14,16,HH009,DEV0013,22.0,100.0,4.37,22.4,0.34,False
T000962,2025-02-14,17,HH010,DEV0014,33.0,100.0,39.93,177.8,1.18,False
T000963,2025-02-14,19,HH011,DEV0015,34.4,100.0,39.1,206.4,1.1,False
T000964,2025-02-14,12,HH017,DEV0023,20.9,97.9,4.39,32.0,1.03,False
T000965,2025-02-14,15,HH020,DEV0027,18.5,95.3,2.69,16.7,0.37,False
T000966,2025-02-14,13,HH022,DEV0030,12.0,100.0,3.96,22.8,0.87,False
T000967,2025-02-14,19,HH026,DEV0038,24.9,100.0,37.55,230.4,0.54,False
T000968,2025-02-14,17,HH027,DEV0039,10.9,91.6,2.58,19.1,0.5,False
T000969,2025-02-14,16,HH028,DEV0040,24.2,100.0,29.26,135.5,0.6,False
T000970,2025-02-14,8,HH029,DEV0041,19.8,100.0,5.61,32.9,0.78,False
T000971,2025-02-14,17,HH031,DEV0046,28.9,100.0,36.97,180.2,0.72,False
T000972,2025-02-14,10,HH032,DEV0047,31.0,100.0,4.21,19.2,1.98,False
T000973,2025-02-14,18,HH034,DEV0049,35.1,100.0,4.87,26.5,0.47,False
T000974,2025-02-14,19,HH036,DEV0052,23.4,98.5,5.56,26.2,1.27,False
T000975,2025-02-14,18,HH037,DEV0053,19.7,100.0,3.77,17.9,1.3,False
T000976,2025-02-14,17,HH038,DEV0054,25.6,100.0,23.73,104.0,1.33,False
T000977,2025-02-14,17,HH039,DEV0058,8.0,86.6,3.77,16.6,2.46,False
T000978,2025-02-14,18,HH040,DEV0059,37.2,100.0,1.95,10.1,1.04,False
T000979,2025-02-14,9,HH043,DEV0065,23.5,100.0,3.21,14.2,1.6,False
T000980,2025-02-14,19,HH047,DEV0070,7.8,87.5,19.22,82.5,0.5,False
T000981,2025-02-14,14,HH058,DEV0086,29.5,100.0,2.54,12.3,0.83,False
T000982,2025-02-14,13,HH059,DEV0087,30.1,100.0,4.05,23.8,0.59,False
T000983,2025-02-14,12,HH069,DEV0101,16.0,92.1,42.02,223.0,0.36,False
T000984,2025-02-14,17,HH071,DEV0103,8.7,88.9,5.05,27.4,1.24,False
T000985,2025-02-14,19,HH074,DEV0107,10.5,96.1,43.06,272.9,0.53,False
T000986,2025-02-14,17,HH080,DEV0116,10.4,95.1,6.36,28.5,1.76,False
T000987,2025-02-14,13,HH082,DEV0119,32.1,100.0,4.48,19.7,1.07,False
T000988,2025-02-14,17,HH083,DEV0122,16.1,92.2,29.46,166.7,0.76,False
T000989,2025-02-14,19,HH085,DEV0124,14.2,93.2,26.54,152.9,0.15,False
T000990,2025-02-14,16,HH090,DEV0132,34.6,100.0,38.0,270.8,2.1,False
T000991,2025-02-14,14,HH095,DEV0138,26.2,100.0,20.89,97.0,1.09,False
T000992,2025-02-14,18,HH096,DEV0140,9.9,95.2,6.14,31.2,0.38,False
T000993,2025-02-14,19,HH099,DEV0144,21.3,99.1,5.99,35.7,0.7,False
T000994,2025-02-14,19,HH106,DEV0152,25.2,100.0,39.42,294.8,0.54,False
T000995,2025-02-14,18,HH107,DEV0153,31.0,100.0,2.62,14.8,1.06,False
T000996,2025-02-14,15,HH109,DEV0156,18.0,89.2,5.41,38.9,0.97,False
T000997,2025-02-14,15,HH113,DEV0165,11.1,95.9,6.36,37.6,0.72,False
T000998,2025-02-14,17,HH116,DEV0170,5.4,89.1,28.19,162.8,1.89,False
T000999,2025-02-14,16,HH119,DEV0175,18.8,99.2,20.27,91.6,0.96,False
T001000,2025-02-14,19,HH121,DEV0177,35.3,100.0,3.69,24.1,2.24,False
T001001,2025-02-14,18,HH122,DEV0179,22.7,100.0,25.35,164.0,1.19,False
T001002,2025-02-14,12,HH125,DEV0182,8.6,88.4,26.25,120.6,0.58,False
T001003,2025-02-14,17,HH127,DEV0186,18.2,92.7,37.6,173.0,0.69,False
T001004,2025-02-14,16,HH128,DEV0187,37.3,100.0,2.63,17.8,0.27,False
T001005,2025-02-14,17,HH133,DEV0193,14.7,96.3,3.1,21.0,0.32,False
T001006,2025-02-14,17,HH136,DEV0199,24.2,98.8,34.41,176.7,0.82,False
T001007,2025-02-15,19,HH011,DEV0015,9.1,84.1,44.71,200.0,1.14,False
T001008,2025-02-15,15,HH012,DEV0016,14.6,94.3,2.71,13.0,0.36,False
T001009,2025-02-15,17,HH026,DEV0038,30.9,100.0,34.55,149.6,0.51,False
T001010,2025-02-15,18,HH028,DEV0040,6.0,95.0,34.36,256.9,0.67,False
T001011,2025-02-15,19,HH031,DEV0046,31.7,100.0,35.52,219.0,0.79,False
T001012,2025-02-15,12,HH033,DEV0048,37.6,100.0,3.99,17.4,0.57,False
T001013,2025-02-15,19,HH034,DEV0049,28.0,100.0,5.4,25.5,0.47,False
T001014,2025-02-15,18,HH035,DEV0050,24.7,100.0,25.53,188.1,0.7,False
T001015,2025-02-15,17,HH039,DEV0057,11.4,83.9,5.51,33.1,2.37,False
T001016,2025-02-15,13,HH040,DEV0059,22.3,96.3,2.29,10.4,1.08,False
T001017,2025-02-15,19,HH043,DEV0065,26.8,100.0,3.07,17.6,1.67,False
T001018,2025-02-15,18,HH044,DEV0066,24.9,100.0,23.51,174.1,1.14,False
T001019,2025-02-15,14,HH047,DEV0070,30.7,100.0,16.7,116.8,0.45,False
T001020,2025-02-15,16,HH049,DEV0073,13.1,96.1,3.48,23.6,0.15,False
T001021,2025-02-15,15,HH052,DEV0076,15.3,99.6,3.79,21.0,0.54,False
T001022,2025-02-15,11,HH061,DEV0091,37.5,100.0,3.75,23.7,1.56,False
T001023,2025-02-15,17,HH074,DEV0107,14.2,100.0,43.16,299.5,0.57,False
T001024,2025-02-15,19,HH075,DEV0109,38.7,100.0,25.01,149.3,0.86,False
T001025,2025-02-15,19,HH080,DEV0116,8.2,86.7,5.89,30.6,1.77,False
T001026,2025-02-15,16,HH081,DEV0117,24.9,99.3,17.86,82.7,3.08,False
T001027,2025-02-15,19,HH096,DEV0140,10.1,97.4,6.29,41.3,0.33,False
T001028,2025-02-15,15,HH101,DEV0147,17.2,92.7,2.72,17.8,0.21,False
T001029,2025-02-15,16,HH107,DEV0154,9.7,87.7,2.57,17.8,1.03,False
T001030,2025-02-15,16,HH108,DEV0155,36.1,100.0,28.69,201.1,1.04,False
T001031,2025-02-15,19,HH115,DEV0169,9.7,91.7,33.13,219.3,1.15,False
T001032,2025-02-15,19,HH123,DEV0180,19.3,100.0,16.87,97.1,0.64,False
T001033,2025-02-15,15,HH124,DEV0181,39.9,100.0,26.68,140.5,1.3,False
T001034,2025-02-15,19,HH125,DEV0183,8.9,97.9,4.8,28.7,0.57,False
T001035,2025-02-15,18,HH126,DEV0184,10.0,91.6,6.2,39.5,0.86,False
T001036,2025-02-15,13,HH127,DEV0186,7.4,94.6,44.05,301.7,0.74,False
T001037,2025-02-15,14,HH131,DEV0190,13.8,93.0,3.72,18.6,1.05,False
T001038,2025-02-15,17,HH136,DEV0199,12.2,84.1,33.13,154.2,0.75,False
T001039,2025-02-16,18,HH015,DEV0020,40.0,100.0,2.04,13.8,1.96,False
T001040,2025-02-16,17,HH022,DEV0031,16.6,100.0,16.93,122.1,0.94,False
T001041,2025-02-16,19,HH025,DEV0036,12.1,96.9,4.92,28.6,1.09,False
T001042,2025-02-16,19,HH026,DEV0038,17.4,89.4,35.98,173.7,0.58,False
T001043,2025-02-16,19,HH027,DEV0039,16.9,97.8,2.59,13.0,0.44,False
T001044,2025-02-16,13,HH031,DEV0046,34.7,100.0,33.96,184.3,0.84,False
T001045,2025-02-16,18,HH038,DEV0055,5.2,90.0,3.14,16.6,1.17,False
T001046,2025-02-16,16,HH049,DEV0073,33.8,100.0,2.78,17.9,0.19,False
T001047,2025-02-16,19,HH061,DEV0091,6.4,85.6,4.75,29.6,1.81,False
T001048,2025-02-16,14,HH068,DEV0100,39.7,100.0,26.17,185.3,1.52,False
T001049,2025-02-16,18,HH070,DEV0102,39.7,100.0,1.99,11.1,0.69,False
T001050,2025-02-16,19,HH074,DEV0107,10.8,94.4,42.05,213.7,0.52,False
T001051,2025-02-16,17,HH082,DEV0120,19.3,100.0,3.71,16.7,1.26,False
T001052,2025-02-16,15,HH083,DEV0122,27.0,100.0,28.25,160.8,0.64,False
T001053,2025-02-16,14,HH084,DEV0123,18.8,96.5,3.88,20.6,1.05,False
T001054,2025-02-16,18,HH089,DEV0130,14.4,92.5,3.51,25.1,0.29,False
T001055,2025-02-16,18,HH090,DEV0132,36.2,100.0,37.07,203.0,1.89,False
T001056,2025-02-16,16,HH091,DEV0133,11.4,88.3,3.46,15.7,0.84,False
T001057,2025-02-16,19,HH093,DEV0135,9.9,92.8,3.56,15.7,1.61,False
T001058,2025-02-16,18,HH095,DEV0138,34.0,100.0,18.68,124.2,1.35,False
T001059,2025-02-16,18,HH097,DEV0141,12.4,100.0,4.56,20.6,0.64,False
T001060,2025-02-16,18,HH107,DEV0154,17.9,94.8,2.54,14.6,1.03,False
T001061,2025-02-16,14,HH112,DEV0163,22.5,100.0,26.12,176.2,0.73,False
T001062,2025-02-16,18,HH114,DEV0166,5.7,86.2,5.07,24.7,1.42,False
T001063,2025-02-16,16,HH115,DEV0169,32.5,100.0,27.27,160.7,1.39,False
T001064,2025-02-16,13,HH119,DEV0175,23.5,100.0,19.28,123.4,0.94,False
T001065,2025-02-16,13,HH120,DEV0176,15.2,100.0,5.43,38.3,0.71,False
T001066,2025-02-16,17,HH124,DEV0181,37.0,100.0,27.97,183.1,1.37,False
T001067,2025-02-16,15,HH129,DEV0188,8.6,78.6,4.13,18.3,0.93,False
T001068,2025-02-16,19,HH131,DEV0190,20.2,100.0,3.75,28.1,1.29,False
T001069,2025-02-17,16,HH009,DEV0013,38.7,100.0,3.43,15.1,0.29,False
T001070,2025-02-17,16,HH011,DEV0015,20.0,100.0,47.68,207.2,0.98,False
T001071,2025-02-17,17,HH012,DEV0016,5.2,90.1,2.89,13.8,0.32,False
T001072,2025-02-17,18,HH017,DEV0022,19.6,98.7,17.64,91.6,0.9,False
T001073,2025-02-17,19,HH018,DEV0025,37.5,100.0,25.12,109.5,0.88,False
T001074,2025-02-17,19,HH027,DEV0039,13.0,87.0,2.37,12.0,0.42,False
T001075,2025-02-17,19,HH031,DEV0045,30.4,100.0,35.43,189.5,0.81,False
T001076,2025-02-17,17,HH032,DEV0047,38.8,100.0,3.73,21.1,1.95,False
T001077,2025-02-17,16,HH034,DEV0049,37.8,100.0,4.66,25.4,0.41,False
T001078,2025-02-17,18,HH043,DEV0064,33.3,100.0,30.75,139.1,1.63,False
T001079,2025-02-17,13,HH049,DEV0073,24.2,100.0,3.18,16.1,0.17,False
T001080,2025-02-17,16,HH050,DEV0074,14.7,100.0,3.92,29.4,0.82,False
T001081,2025-02-17,15,HH051,DEV0075,14.9,85.4,3.46,17.5,1.02,False
T001082,2025-02-17,17,HH054,DEV0079,33.0,100.0,3.15,14.3,1.61,False
T001083,2025-02-17,19,HH059,DEV0087,31.7,100.0,3.96,28.4,0.49,False
T001084,2025-02-17,15,HH060,DEV0089,19.0,100.0,21.46,96.6,1.21,False
T001085,2025-02-17,15,HH067,DEV0099,34.7,100.0,5.22,34.6,2.11,False
T001086,2025-02-17,19,HH070,DEV0102,13.0,96.3,2.75,20.6,0.7,False
T001087,2025-02-17,15,HH078,DEV0114,24.8,100.0,26.47,182.0,1.68,False
T001088,2025-02-17,18,HH080,DEV0116,26.9,100.0,5.48,34.3,1.76,False
T001089,2025-02-17,18,HH082,DEV0120,7.8,94.8,4.0,18.6,1.24,False
T001090,2025-02-17,13,HH084,DEV0123,18.9,100.0,4.06,26.8,1.25,False
T001091,2025-02-17,19,HH088,DEV0129,38.5,100.0,28.35,158.8,0.44,False
T001092,2025-02-17,18,HH093,DEV0135,36.2,100.0,2.74,13.6,1.55,False
T001093,2025-02-17,19,HH095,DEV0138,36.0,100.0,18.11,86.8,1.16,False
T001094,2025-02-17,16,HH097,DEV0141,19.3,92.3,3.79,20.3,0.76,False
T001095,2025-02-17,17,HH106,DEV0152,12.3,87.6,39.67,222.7,0.49,False
T001096,2025-02-17,15,HH113,DEV0164,14.7,90.2,16.3,80.1,0.58,False
T001097,2025-02-17,17,HH115,DEV0169,12.6,93.8,32.81,200.7,1.11,False
T001098,2025-02-17,17,HH116,DEV0170,23.8,96.4,24.48,161.6,1.84,False
T001099,2025-02-17,17,HH121,DEV0177,39.7,100.0,3.44,17.5,2.12,False
T001100,2025-02-17,15,HH124,DEV0181,14.8,100.0,37.83,173.3,1.16,False
T001101,2025-02-17,18,HH127,DEV0186,22.3,100.0,39.24,190.9,0.64,False
T001102,2025-02-17,17,HH140,DEV0206,38.9,100.0,15.76,74.1,0.92,False
T001103,2025-02-18,18,HH012,DEV0016,20.6,100.0,2.7,15.5,0.32,False
T001104,2025-02-18,16,HH014,DEV0019,34.1,100.0,2.97,17.5,0.74,False
T001105,2025-02-18,14,HH019,DEV0026,18.7,96.3,26.06,189.6,0.76,False
T001106,2025-02-18,19,HH020,DEV0027,8.6,88.9,2.81,17.1,0.41,False
T001107,2025-02-18,16,HH021,DEV0028,17.4,100.0,22.38,160.5,1.24,False
T001108,2025-02-18,16,HH022,DEV0030,12.2,97.6,3.84,17.4,0.79,False
T001109,2025-02-18,17,HH025,DEV0036,13.3,100.0,5.03,34.1,0.99,False
T001110,2025-02-18,16,HH029,DEV0043,30.1,100.0,36.98,174.8,0.86,False
T001111,2025-02-18,17,HH035,DEV0050,20.5,96.9,25.89,144.1,0.73,False
T001112,2025-02-18,16,HH036,DEV0051,29.6,100.0,4.22,26.1,1.26,False
T001113,2025-02-18,19,HH037,DEV0053,24.1,100.0,3.57,21.8,1.26,False
T001114,2025-02-18,19,HH040,DEV0059,29.2,100.0,2.19,12.2,0.9,False
T001115,2025-02-18,15,HH045,DEV0067,7.7,86.4,40.43,235.5,2.58,False
T001116,2025-02-18,16,HH046,DEV0068,16.3,93.3,36.19,226.6,0.37,False
T001117,2025-02-18,14,HH047,DEV0069,18.3,100.0,42.08,236.0,0.48,False
T001118,2025-02-18,18,HH049,DEV0073,22.0,100.0,3.28,19.6,0.17,False
T001119,2025-02-18,14,HH052,DEV0076,33.4,100.0,3.0,20.5,0.56,False
T001120,2025-02-18,17,HH053,DEV0078,31.1,100.0,13.78,85.8,0.35,False
T001121,2025-02-18,18,HH056,DEV0083,26.0,96.4,15.42,76.1,1.19,False
T001122,2025-02-18,14,HH057,DEV0084,17.3,100.0,2.65,13.7,1.28,False
T001123,2025-02-18,19,HH068,DEV0100,7.9,88.6,35.04,151.8,1.62,False
T001124,2025-02-18,19,HH069,DEV0101,15.7,100.0,46.53,255.6,0.35,False
T001125,2025-02-18,15,HH074,DEV0108,14.4,100.0,4.79,33.0,0.55,False
T001126,2025-02-18,18,HH075,DEV0109,32.2,100.0,27.66,167.4,0.63,False
T001127,2025-02-18,18,HH076,DEV0110,13.4,84.4,25.42,131.3,1.61,False
T001128,2025-02-18,15,HH080,DEV0116,10.1,98.7,6.64,35.8,1.78,False
T001129,2025-02-18,19,HH081,DEV0118,28.5,100.0,14.94,85.0,2.65,False
T001130,2025-02-18,14,HH082,DEV0120,21.0,100.0,3.63,24.7,1.19,False
T001131,2025-02-18,18,HH083,DEV0122,26.3,100.0,28.52,124.9,0.56,False
T001132,2025-02-18,19,HH084,DEV0123,34.1,100.0,3.3,21.3,0.95,False
T001133,2025-02-18,16,HH096,DEV0140,12.3,93.0,5.81,32.5,0.28,False
T001134,2025-02-18,19,HH097,DEV0141,33.1,100.0,3.48,25.8,0.74,False
T001135,2025-02-18,17,HH098,DEV0143,14.3,100.0,4.88,34.0,1.01,False
T001136,2025-02-18,15,HH101,DEV0147,18.5,93.6,2.7,11.9,0.23,False
T001137,2025-02-18,15,HH115,DEV0169,12.6,99.2,34.99,226.2,1.24,False
T001138,2025-02-18,15,HH116,DEV0170,34.0,100.0,22.24,158.7,1.97,False
T001139,2025-02-18,16,HH120,DEV0176,37.6,100.0,3.99,17.8,0.71,False
T001140,2025-02-18,15,HH123,DEV0180,23.2,100.0,16.05,98.2,0.46,False
T001141,2025-02-18,13,HH127,DEV0185,19.6,100.0,47.52,217.7,0.58,False
T001142,2025-02-18,17,HH131,DEV0190,24.9,100.0,3.53,17.9,1.18,False
T001143,2025-02-18,13,HH140,DEV0206,12.7,87.9,19.41,119.6,0.83,False
T001144,2025-02-19,16,HH005,DEV0006,16.5,91.8,2.93,14.9,0.74,False
T001145,2025-02-19,14,HH014,DEV0019,28.3,100.0,3.23,18.6,0.67,False
T001146,2025-02-19,16,HH019,DEV0026,31.6,100.0,22.98,115.6,0.68,False
T001147,2025-02-19,18,HH020,DEV0027,8.1,85.9,2.72,14.5,0.36,False
T001148,2025-02-19,18,HH022,DEV0030,27.2,100.0,3.28,14.6,0.75,False
T001149,2025-02-19,18,HH024,DEV0035,7.4,92.1,46.33,231.7,2.05,False
T001150,2025-02-19,12,HH025,DEV0037,29.8,100.0,41.28,191.8,1.06,False
T001151,2025-02-19,18,HH027,DEV0039,16.3,100.0,2.68,16.0,0.45,False
T001152,2025-02-19,14,HH028,DEV0040,34.7,100.0,25.21,161.5,0.52,False
T001153,2025-02-19,15,HH029,DEV0041,30.6,100.0,4.86,25.1,0.67,False
T001154,2025-02-19,18,HH032,DEV0047,22.1,100.0,4.75,27.2,2.07,False
T001155,2025-02-19,18,HH037,DEV0053,16.7,100.0,3.91,25.0,1.27,False
T001156,2025-02-19,15,HH040,DEV0059,6.5,75.3,2.13,12.9,0.99,False
T001157,2025-02-19,16,HH041,DEV0060,13.2,82.9,3.56,23.5,0.58,False
T001158,2025-02-19,18,HH042,DEV0063,17.8,98.1,6.02,40.1,1.3,False
T001159,2025-02-19,17,HH045,DEV0067,30.0,100.0,35.98,187.6,2.69,False
T001160,2025-02-19,16,HH050,DEV0074,25.5,100.0,3.43,22.5,0.81,False
T001161,2025-02-19,16,HH052,DEV0077,16.6,92.1,3.85,25.4,0.48,False
T001162,2025-02-19,18,HH054,DEV0079,29.9,100.0,3.29,15.5,1.41,False
T001163,2025-02-19,15,HH060,DEV0089,29.6,100.0,18.66,108.1,1.33,False
T001164,2025-02-19,16,HH061,DEV0091,11.6,99.3,5.26,24.3,1.67,False
T001165,2025-02-19,16,HH062,DEV0092,26.3,100.0,24.1,142.6,1.65,False
T001166,2025-02-19,15,HH069,DEV0101,28.3,100.0,39.58,243.4,0.39,False
T001167,2025-02-19,16,HH078,DEV0114,38.7,100.0,21.58,144.8,1.39,False
T001168,2025-02-19,17,HH084,DEV0123,36.6,100.0,3.17,15.4,1.03,False
T001169,2025-02-19,14,HH086,DEV0127,28.4,100.0,2.79,13.0,0.48,False
T001170,2025-02-19,16,HH088,DEV0129,17.9,99.2,37.46,184.6,0.56,False
T001171,2025-02-19,19,HH090,DEV0131,20.0,96.5,42.92,193.0,1.76,False
T001172,2025-02-19,19,HH095,DEV0139,36.2,100.0,15.82,104.5,1.1,False
T001173,2025-02-19,19,HH096,DEV0140,32.8,100.0,4.84,33.9,0.31,False
T001174,2025-02-19,16,HH099,DEV0144,8.9,100.0,7.01,31.1,0.6,False
T001175,2025-02-19,19,HH101,DEV0147,29.2,100.0,2.55,12.2,0.2,False
T001176,2025-02-19,19,HH104,DEV0150,38.2,100.0,20.33,116.7,0.78,False
T001177,2025-02-19,12,HH106,DEV0152,17.5,100.0,43.48,193.0,0.43,False
T001178,2025-02-19,12,HH107,DEV0154,27.5,100.0,2.39,15.0,0.83,False
T001179,2025-02-19,16,HH108,DEV0155,5.6,85.1,35.68,202.7,1.03,False
T001180,2025-02-19,19,HH111,DEV0161,35.5,100.0,4.26,27.1,0.9,False
T001181,2025-02-19,16,HH115,DEV0169,5.5,86.3,32.64,142.6,1.27,False
T001182,2025-02-19,18,HH116,DEV0170,15.4,96.7,27.4,204.6,2.02,False
T001183,2025-02-19,12,HH125,DEV0183,11.3,98.7,4.72,27.7,0.47,False
T001184,2025-02-19,14,HH126,DEV0184,10.2,88.5,5.95,31.7,0.69,False
T001185,2025-02-19,15,HH128,DEV0187,25.2,100.0,3.14,14.0,0.23,False
T001186,2025-02-19,17,HH129,DEV0188,36.8,100.0,3.73,19.1,0.91,False
T001187,2025-02-19,19,HH133,DEV0194,23.3,100.0,43.95,228.7,0.28,False
T001188,2025-02-20,13,HH007,DEV0009,7.4,80.5,18.13,97.4,1.26,False
T001189,2025-02-20,15,HH012,DEV0016,20.5,100.0,2.7,11.8,0.33,False
T001190,2025-02-20,15,HH014,DEV0019,21.2,100.0,3.55,16.7,0.54,False
T001191,2025-02-20,19,HH018,DEV0025,9.9,100.0,36.22,171.4,0.81,False
T001192,2025-02-20,16,HH019,DEV0026,28.9,99.7,23.79,137.2,0.79,False
T001193,2025-02-20,13,HH020,DEV0027,23.9,100.0,2.66,19.2,0.35,False
T001194,2025-02-20,15,HH021,DEV0029,22.5,100.0,3.1,18.0,1.17,False
T001195,2025-02-20,12,HH024,DEV0035,10.6,98.5,48.08,343.6,2.07,False
T001196,2025-02-20,17,HH027,DEV0039,19.5,100.0,2.58,11.1,0.48,False
T001197,2025-02-20,16,HH030,DEV0044,34.8,100.0,2.28,16.5,0.2,False
T001198,2025-02-20,16,HH031,DEV0046,23.4,97.9,38.76,167.1,0.75,False
T001199,2025-02-20,13,HH034,DEV0049,28.8,100.0,5.34,23.6,0.38,False
T001200,2025-02-20,17,HH035,DEV0050,11.8,84.7,24.72,109.1,0.72,False
T001201,2025-02-20,11,HH045,DEV0067,14.1,97.4,42.81,294.6,2.65,False
T001202,2025-02-20,15,HH046,DEV0068,18.7,100.0,38.21,247.0,0.41,False
T001203,2025-02-20,15,HH052,DEV0077,19.9,99.7,4.07,24.3,0.67,False
T001204,2025-02-20,15,HH053,DEV0078,31.9,100.0,13.62,59.1,0.29,False
T001205,2025-02-20,14,HH058,DEV0086,10.1,80.6,2.54,13.1,0.67,False
T001206,2025-02-20,16,HH059,DEV0087,35.3,100.0,3.75,21.4,0.51,False
T001207,2025-02-20,16,HH061,DEV0091,33.6,100.0,3.98,23.8,1.64,False
T001208,2025-02-20,15,HH067,DEV0099,23.5,100.0,6.12,35.0,1.87,False
T001209,2025-02-20,12,HH075,DEV0109,38.0,100.0,25.3,120.2,0.72,False
T001210,2025-02-20,15,HH080,DEV0116,8.3,92.4,6.31,32.0,1.57,False
T001211,2025-02-20,19,HH081,DEV0118,15.5,88.8,15.32,69.9,2.67,False
T001212,2025-02-20,13,HH088,DEV0129,5.5,92.5,40.12,191.7,0.48,False
T001213,2025-02-20,19,HH094,DEV0136,25.6,100.0,36.75,224.5,0.43,False
T001214,2025-02-20,14,HH097,DEV0141,25.2,100.0,3.89,20.4,0.65,False
T001215,2025-02-20,19,HH099,DEV0144,29.1,100.0,5.46,28.6,0.65,False
T001216,2025-02-20,19,HH101,DEV0147,16.1,100.0,3.02,16.8,0.2,False
T001217,2025-02-20,18,HH119,DEV0174,30.7,100.0,20.72,108.2,0.91,False
T001218,2025-02-20,19,HH120,DEV0176,13.0,94.2,5.2,26.9,0.78,False
T001219,2025-02-20,19,HH122,DEV0179,34.6,100.0,21.45,104.8,1.13,False
T001220,2025-02-20,15,HH123,DEV0180,21.4,93.8,15.14,94.3,0.42,False
T001221,2025-02-20,14,HH124,DEV0181,26.7,100.0,32.55,224.1,1.37,False
T001222,2025-02-20,11,HH128,DEV0187,17.7,99.7,3.44,24.0,0.27,False
T001223,2025-02-20,15,HH129,DEV0188,15.4,94.2,4.65,28.2,0.89,False
T001224,2025-02-20,19,HH131,DEV0190,5.6,89.0,3.92,26.7,1.19,False
T001225,2025-02-20,16,HH133,DEV0193,29.4,100.0,2.68,12.9,0.28,False
T001226,2025-02-20,18,HH138,DEV0203,35.3,100.0,22.06,108.6,0.51,False
T001227,2025-02-21,15,HH004,DEV0005,29.1,100.0,5.1,23.4,0.3,False
T001228,2025-02-21,19,HH006,DEV0007,33.5,100.0,13.7,59.0,2.5,False
T001229,2025-02-21,13,HH011,DEV0015,23.6,100.0,45.53,316.3,0.9,False
T001230,2025-02-21,16,HH021,DEV0029,13.1,89.3,3.05,14.6,1.27,False
T001231,2025-02-21,19,HH022,DEV0030,24.7,100.0,3.39,15.3,0.67,False
T001232,2025-02-21,19,HH035,DEV0050,30.9,100.0,23.42,125.6,0.76,False
T001233,2025-02-21,16,HH036,DEV0051,32.5,100.0,4.05,24.7,1.18,False
T001234,2025-02-21,19,HH039,DEV0057,22.5,100.0,5.89,26.2,2.11,False
T001235,2025-02-21,18,HH042,DEV0063,17.1,95.5,5.88,30.7,1.12,False
T001236,2025-02-21,12,HH043,DEV0064,31.2,100.0,31.72,151.3,1.46,False
T001237,2025-02-21,14,HH047,DEV0070,19.3,100.0,19.45,89.5,0.42,False
T001238,2025-02-21,17,HH051,DEV0075,23.5,99.2,3.71,21.1,0.91,False
T001239,2025-02-21,19,HH052,DEV0077,18.7,88.4,3.55,21.5,0.58,False
T001240,2025-02-21,14,HH056,DEV0083,27.7,100.0,15.83,70.2,1.04,False
T001241,2025-02-21,19,HH060,DEV0089,7.7,85.8,20.7,136.4,0.96,False
T001242,2025-02-21,16,HH061,DEV0091,24.0,100.0,4.56,25.4,1.42,False
T001243,2025-02-21,13,HH067,DEV0099,34.9,100.0,5.21,32.4,2.0,False
T001244,2025-02-21,17,HH068,DEV0100,34.8,100.0,28.3,189.7,1.2,False
T001245,2025-02-21,17,HH069,DEV0101,24.2,100.0,41.84,203.8,0.35,False
T001246,2025-02-21,19,HH076,DEV0110,10.8,96.3,30.59,215.3,1.51,False
T001247,2025-02-21,16,HH083,DEV0122,10.6,89.1,30.37,192.2,0.58,False
T001248,2025-02-21,18,HH089,DEV0130,5.0,92.1,3.92,19.0,0.22,False
T001249,2025-02-21,17,HH095,DEV0138,37.9,100.0,17.57,88.5,0.9,False
T001250,2025-02-21,18,HH106,DEV0152,33.4,100.0,35.1,171.5,0.41,False
T001251,2025-02-21,16,HH107,DEV0153,13.0,94.7,3.1,16.2,0.87,False
T001252,2025-02-21,14,HH112,DEV0163,35.3,100.0,21.8,98.6,0.54,False
T001253,2025-02-21,19,HH126,DEV0184,19.6,94.2,5.67,25.5,0.77,False
T001254,2025-02-21,18,HH129,DEV0188,15.6,92.7,4.55,25.4,0.88,False
T001255,2025-02-21,19,HH138,DEV0203,19.9,100.0,27.31,130.0,0.47,False
T001256,2025-02-22,17,HH006,DEV0007,35.3,100.0,13.33,75.3,2.68,False
T001257,2025-02-22,18,HH009,DEV0013,21.7,98.0,4.27,19.5,0.34,False
T001258,2025-02-22,18,HH016,DEV0021,27.2,100.0,33.12,198.1,0.53,False
T001259,2025-02-22,17,HH019,DEV0026,31.7,100.0,22.95,147.8,0.6,False
T001260,2025-02-22,16,HH020,DEV0027,10.4,90.6,2.81,19.2,0.33,False
T001261,2025-02-22,16,HH022,DEV0031,38.2,100.0,12.55,90.4,0.81,False
T001262,2025-02-22,16,HH025,DEV0037,18.3,100.0,48.04,293.9,0.96,False
T001263,2025-02-22,12,HH026,DEV0038,21.0,91.3,35.17,152.9,0.49,False
T001264,2025-02-22,19,HH027,DEV0039,28.8,100.0,2.28,10.8,0.43,False
T001265,2025-02-22,19,HH029,DEV0042,35.1,100.0,33.81,214.2,0.75,False
T001266,2025-02-22,13,HH032,DEV0047,35.1,100.0,3.96,19.6,1.64,False
T001267,2025-02-22,16,HH034,DEV0049,20.8,100.0,5.94,36.2,0.46,False
T001268,2025-02-22,14,HH037,DEV0053,13.0,100.0,4.09,29.1,1.25,False
T001269,2025-02-22,17,HH044,DEV0066,16.7,94.8,24.45,111.9,0.93,False
T001270,2025-02-22,17,HH045,DEV0067,5.3,91.5,44.3,250.7,2.24,False
T001271,2025-02-22,18,HH046,DEV0068,5.9,92.2,40.58,192.7,0.35,False
T001272,2025-02-22,11,HH047,DEV0070,28.6,100.0,17.21,90.9,0.35,False
T001273,2025-02-22,15,HH052,DEV0077,25.1,100.0,3.82,18.5,0.62,False
T001274,2025-02-22,16,HH054,DEV0079,25.9,100.0,3.48,24.6,1.39,False
T001275,2025-02-22,19,HH057,DEV0084,12.3,82.4,2.24,10.1,1.26,False
T001276,2025-02-22,15,HH059,DEV0087,32.4,100.0,3.92,27.2,0.45,False
T001277,2025-02-22,15,HH062,DEV0092,35.3,100.0,21.16,96.6,1.58,False
T001278,2025-02-22,18,HH068,DEV0100,27.0,100.0,31.68,204.5,1.26,False
T001279,2025-02-22,16,HH070,DEV0102,15.4,90.7,2.48,15.8,0.64,False
T001280,2025-02-22,15,HH071,DEV0103,6.3,88.0,5.15,31.8,1.07,False
T001281,2025-02-22,18,HH076,DEV0110,21.9,100.0,27.96,120.0,1.39,False
T001282,2025-02-22,13,HH080,DEV0116,38.3,100.0,4.63,30.4,1.6,False
T001283,2025-02-22,15,HH081,DEV0118,22.2,98.6,15.98,99.3,2.62,False
T001284,2025-02-22,19,HH084,DEV0123,27.2,100.0,3.64,25.4,1.12,False
T001285,2025-02-22,16,HH085,DEV0124,29.7,100.0,23.62,111.7,0.11,False
T001286,2025-02-22,18,HH090,DEV0131,29.8,100.0,39.38,194.6,1.77,False
T001287,2025-02-22,14,HH091,DEV0133,13.5,83.4,3.14,15.7,0.74,False
T001288,2025-02-22,14,HH094,DEV0137,5.1,81.4,3.74,19.6,0.4,False
T001289,2025-02-22,19,HH099,DEV0144,9.0,96.4,6.73,37.1,0.53,False
T001290,2025-02-22,18,HH104,DEV0150,37.8,100.0,20.46,148.8,0.69,False
T001291,2025-02-22,13,HH106,DEV0152,36.5,100.0,33.46,223.0,0.45,False
T001292,2025-02-22,17,HH111,DEV0161,24.9,100.0,4.96,35.4,0.88,False
T001293,2025-02-22,15,HH114,DEV0166,27.4,100.0,4.57,24.9,1.24,False
T001294,2025-02-22,14,HH116,DEV0170,5.2,84.5,26.72,175.1,1.88,False
T001295,2025-02-22,18,HH121,DEV0178,16.6,97.9,36.1,269.3,1.83,False
T001296,2025-02-22,19,HH123,DEV0180,14.0,100.0,17.97,78.3,0.62,False
T001297,2025-02-22,19,HH124,DEV0181,33.1,100.0,29.7,189.1,1.24,False
T001298,2025-02-22,15,HH127,DEV0185,30.8,100.0,40.9,248.2,0.57,False
T001299,2025-02-22,18,HH136,DEV0199,18.2,94.9,35.34,229.5,0.7,False
T001300,2025-02-22,16,HH138,DEV0203,27.5,100.0,24.72,118.4,0.47,False
T001301,2025-02-22,19,HH139,DEV0205,36.6,100.0,4.25,29.2,1.06,False
T001302,2025-02-22,19,HH140,DEV0206,24.3,100.0,19.53,102.6,1.0,False
T001303,2025-02-23,18,HH009,DEV0013,5.4,76.0,3.95,21.4,0.32,False
T001304,2025-02-23,18,HH011,DEV0015,15.6,87.7,42.95,285.2,0.84,False
T001305,2025-02-23,17,HH015,DEV0020,7.8,85.6,2.65,11.8,1.77,False
T001306,2025-02-23,18,HH018,DEV0025,37.8,100.0,25.0,165.2,0.79,False
T001307,2025-02-23,14,HH020,DEV0027,13.3,96.5,2.91,14.9,0.36,False
T001308,2025-02-23,16,HH022,DEV0031,28.7,100.0,14.47,84.1,0.94,False
T001309,2025-02-23,14,HH026,DEV0038,11.8,88.7,38.47,182.4,0.48,False
T001310,2025-02-23,18,HH029,DEV0043,34.0,100.0,34.91,151.0,0.67,False
T001311,2025-02-23,17,HH030,DEV0044,37.8,100.0,2.18,10.2,0.2,False
T001312,2025-02-23,16,HH035,DEV0050,39.9,100.0,20.37,89.0,0.65,False
T001313,2025-02-23,19,HH045,DEV0067,30.1,100.0,35.93,223.4,2.43,False
T001314,2025-02-23,16,HH046,DEV0068,35.6,100.0,30.27,166.0,0.32,False
T001315,2025-02-23,19,HH048,DEV0071,18.6,100.0,32.97,209.5,0.12,False
T001316,2025-02-23,19,HH049,DEV0073,38.3,100.0,2.59,13.1,0.13,False
T001317,2025-02-23,16,HH050,DEV0074,6.1,83.8,3.57,25.0,0.59,False
T001318,2025-02-23,18,HH051,DEV0075,15.1,93.7,3.85,18.4,0.97,False
T001319,2025-02-23,15,HH059,DEV0087,16.2,100.0,4.86,31.5,0.42,False
T001320,2025-02-23,19,HH063,DEV0094,16.8,92.6,2.58,16.4,1.7,False
T001321,2025-02-23,14,HH068,DEV0100,6.3,82.5,33.08,145.6,1.48,False
T001322,2025-02-23,13,HH069,DEV0101,34.1,100.0,36.38,186.1,0.37,False
T001323,2025-02-23,19,HH078,DEV0113,39.4,100.0,3.21,19.0,1.32,False
T001324,2025-02-23,15,HH083,DEV0122,6.7,92.2,33.1,238.0,0.62,False
T001325,2025-02-23,17,HH084,DEV0123,33.9,100.0,3.3,14.2,1.18,False
T001326,2025-02-23,13,HH088,DEV0129,6.1,94.1,40.55,268.3,0.41,False
T001327,2025-02-23,17,HH091,DEV0133,28.4,100.0,3.22,20.7,0.66,False
T001328,2025-02-23,19,HH097,DEV0141,29.8,100.0,3.65,21.9,0.64,False
T001329,2025-02-23,17,HH098,DEV0142,29.0,100.0,39.05,220.4,0.96,False
T001330,2025-02-23,15,HH108,DEV0155,12.2,100.0,39.42,211.8,1.0,False
T001331,2025-02-23,12,HH112,DEV0163,39.9,100.0,20.25,104.9,0.62,False
T001332,2025-02-23,19,HH118,DEV0172,17.7,90.1,33.67,216.2,1.13,False
T001333,2025-02-23,16,HH125,DEV0182,34.9,100.0,21.42,143.6,0.45,False
T001334,2025-02-23,16,HH127,DEV0186,31.3,100.0,34.69,193.2,0.62,False
T001335,2025-02-23,19,HH131,DEV0190,35.8,100.0,3.02,20.9,1.0,False
T001336,2025-02-23,17,HH138,DEV0203,27.0,100.0,24.89,115.6,0.47,False
T001337,2025-02-23,19,HH139,DEV0204,6.3,99.8,34.33,171.6,1.17,False
T001338,2025-02-24,17,HH005,DEV0006,5.7,88.5,3.23,17.8,0.6,False
T001339,2025-02-24,11,HH009,DEV0013,39.7,100.0,3.38,22.7,0.36,False
T001340,2025-02-24,16,HH011,DEV0015,6.5,87.3,48.16,244.7,1.06,False
T001341,2025-02-24,16,HH014,DEV0019,24.5,100.0,3.4,19.5,0.67,False
T001342,2025-02-24,17,HH015,DEV0020,31.2,100.0,2.34,15.5,1.5,False
T001343,2025-02-24,14,HH016,DEV0021,15.1,90.1,34.15,242.1,0.5,False
T001344,2025-02-24,18,HH018,DEV0025,24.8,100.0,30.23,149.7,0.92,False
T001345,2025-02-24,16,HH019,DEV0026,17.9,95.9,26.22,129.9,0.67,False
T001346,2025-02-24,14,HH022,DEV0031,10.2,91.3,16.46,71.8,0.7,False
T001347,2025-02-24,14,HH027,DEV0039,6.4,81.5,2.4,11.9,0.44,False
T001348,2025-02-24,19,HH029,DEV0043,5.2,83.7,41.5,226.7,0.73,False
T001349,2025-02-24,16,HH030,DEV0044,24.9,100.0,2.63,12.7,0.19,False
T001350,2025-02-24,19,HH033,DEV0048,21.7,100.0,5.01,23.0,0.54,False
T001351,2025-02-24,16,HH036,DEV0052,16.5,98.4,6.06,43.7,1.27,False
T001352,2025-02-24,19,HH041,DEV0060,24.7,100.0,3.84,16.7,0.51,False
T001353,2025-02-24,17,HH048,DEV0071,31.2,100.0,27.86,192.2,0.12,False
T001354,2025-02-24,19,HH050,DEV0074,28.9,100.0,3.27,16.2,0.64,False
T001355,2025-02-24,15,HH057,DEV0085,30.3,100.0,5.3,23.6,1.2,False
T001356,2025-02-24,19,HH063,DEV0094,29.2,100.0,2.41,11.5,1.77,False
T001357,2025-02-24,16,HH072,DEV0104,18.5,100.0,23.88,110.5,0.27,False
T001358,2025-02-24,15,HH076,DEV0110,9.0,95.7,31.04,159.5,1.63,False
T001359,2025-02-24,19,HH078,DEV0114,20.9,100.0,27.84,149.7,1.4,False
T001360,2025-02-24,16,HH081,DEV0118,30.4,100.0,14.55,77.8,2.29,False
T001361,2025-02-24,15,HH082,DEV0119,21.9,100.0,5.15,34.3,1.13,False
T001362,2025-02-24,19,HH083,DEV0122,31.3,100.0,26.59,117.3,0.62,False
T001363,2025-02-24,16,HH085,DEV0124,34.7,100.0,21.94,155.7,0.15,False
T001364,2025-02-24,19,HH088,DEV0129,31.3,100.0,31.67,206.3,0.45,False
T001365,2025-02-24,15,HH090,DEV0131,8.9,84.7,42.55,227.6,1.68,False
T001366,2025-02-24,17,HH093,DEV0135,16.7,100.0,3.58,16.8,1.23,False
T001367,2025-02-24,19,HH098,DEV0142,13.8,100.0,47.41,203.2,0.98,False
T001368,2025-02-24,15,HH099,DEV0144,29.7,100.0,5.41,26.4,0.5,False
T001369,2025-02-24,19,HH104,DEV0150,36.9,100.0,20.76,129.8,0.7,False
T001370,2025-02-24,12,HH114,DEV0168,32.3,100.0,24.44,113.5,1.28,False
T001371,2025-02-24,18,HH115,DEV0169,33.0,100.0,27.07,173.7,1.07,False
T001372,2025-02-24,19,HH118,DEV0172,27.0,100.0,33.94,176.8,1.0,False
T001373,2025-02-24,14,HH119,DEV0175,36.2,100.0,16.08,72.3,0.7,False
T001374,2025-02-24,15,HH122,DEV0179,34.5,100.0,21.48,154.7,1.04,False
T001375,2025-02-24,15,HH123,DEV0180,11.4,92.5,16.95,78.8,0.5,False
T001376,2025-02-24,19,HH124,DEV0181,36.7,100.0,28.11,130.1,1.02,False
T001377,2025-02-24,15,HH125,DEV0182,38.8,100.0,20.13,137.9,0.49,False
T001378,2025-02-24,19,HH126,DEV0184,28.6,100.0,5.43,25.7,0.61,False
T001379,2025-02-24,19,HH132,DEV0191,37.7,100.0,15.89,92.5,1.35,False
T001380,2025-02-24,19,HH139,DEV0205,38.0,100.0,4.15,18.0,1.14,False
T001381,2025-02-24,17,HH140,DEV0206,13.6,87.1,18.97,120.7,0.9,False
T001382,2025-02-25,19,HH004,DEV0005,25.4,100.0,5.37,31.1,0.24,False
T001383,2025-02-25,19,HH005,DEV0006,21.1,100.0,3.08,15.1,0.6,False
T001384,2025-02-25,15,HH009,DEV0013,26.3,100.0,4.13,26.3,0.34,False
T001385,2025-02-25,18,HH016,DEV0021,35.7,100.0,29.26,170.3,0.63,False
T001386,2025-02-25,16,HH021,DEV0028,20.7,96.8,20.61,118.1,1.02,False
T001387,2025-02-25,18,HH022,DEV0031,34.6,100.0,13.28,73.5,0.81,False
T001388,2025-02-25,17,HH024,DEV0035,29.3,100.0,38.67,183.1,1.77,False
T001389,2025-02-25,19,HH030,DEV0044,30.3,100.0,2.44,17.6,0.21,False
T001390,2025-02-25,16,HH033,DEV0048,33.9,100.0,4.23,21.3,0.41,False
T001391,2025-02-25,19,HH037,DEV0053,18.2,100.0,3.84,16.7,1.26,False
T001392,2025-02-25,14,HH038,DEV0054,25.2,100.0,23.86,140.7,0.99,False
T001393,2025-02-25,15,HH040,DEV0059,36.4,100.0,1.97,12.4,0.75,False
T001394,2025-02-25,13,HH042,DEV0061,32.2,100.0,28.2,154.8,1.18,False
T001395,2025-02-25,18,HH044,DEV0066,5.4,83.7,24.52,111.6,0.86,False
T001396,2025-02-25,17,HH045,DEV0067,38.6,100.0,31.56,139.5,2.0,False
T001397,2025-02-25,19,HH046,DEV0068,12.1,98.1,40.44,185.6,0.35,False
T001398,2025-02-25,17,HH047,DEV0069,39.8,100.0,31.0,180.0,0.34,False
T001399,2025-02-25,19,HH048,DEV0072,22.7,100.0,6.03,44.3,0.12,False
T001400,2025-02-25,19,HH049,DEV0073,36.0,100.0,2.69,14.7,0.13,False
T001401,2025-02-25,16,HH054,DEV0079,22.9,98.4,3.55,18.0,1.16,False
T001402,2025-02-25,19,HH056,DEV0082,28.2,100.0,3.37,15.6,0.93,False
T001403,2025-02-25,15,HH060,DEV0089,27.9,100.0,19.11,135.4,1.28,False
T001404,2025-02-25,14,HH067,DEV0099,28.9,100.0,5.69,38.8,1.49,False
T001405,2025-02-25,19,HH069,DEV0101,29.4,100.0,38.97,202.4,0.34,False
T001406,2025-02-25,14,HH070,DEV0102,20.1,100.0,2.64,11.3,0.56,False
T001407,2025-02-25,17,HH082,DEV0120,22.4,100.0,3.57,22.4,0.86,False
T001408,2025-02-25,19,HH083,DEV0122,26.8,100.0,28.33,175.8,0.51,False
T001409,2025-02-25,12,HH084,DEV0123,22.4,100.0,3.88,21.2,0.98,False
T001410,2025-02-25,19,HH085,DEV0124,26.4,100.0,24.73,181.8,0.14,False
T001411,2025-02-25,18,HH086,DEV0127,38.2,100.0,2.41,14.6,0.44,False
T001412,2025-02-25,14,HH089,DEV0130,11.1,82.6,3.22,17.3,0.22,False
T001413,2025-02-25,19,HH096,DEV0140,31.5,100.0,4.93,32.1,0.25,False
T001414,2025-02-25,19,HH107,DEV0154,28.7,100.0,2.35,13.2,0.76,False
T001415,2025-02-25,18,HH108,DEV0155,34.6,100.0,29.36,178.2,0.91,False
T001416,2025-02-25,19,HH112,DEV0163,5.4,89.7,28.42,126.5,0.46,False
T001417,2025-02-25,13,HH115,DEV0169,31.2,100.0,27.8,198.1,1.03,False
T001418,2025-02-25,19,HH116,DEV0170,16.3,98.8,27.79,122.4,1.62,False
T001419,2025-02-25,19,HH118,DEV0172,28.3,100.0,33.34,191.1,1.0,False
T001420,2025-02-25,15,HH128,DEV0187,28.1,100.0,3.02,16.7,0.25,False
T001421,2025-02-25,14,HH132,DEV0191,31.9,100.0,17.37,108.7,1.25,False
T001422,2025-02-25,18,HH136,DEV0199,23.9,100.0,35.08,206.0,0.71,False
T001423,2025-02-26,19,HH004,DEV0005,33.8,100.0,4.77,23.7,0.28,False
T001424,2025-02-26,19,HH007,DEV0008,11.3,82.9,2.72,11.7,0.9,False
T001425,2025-02-26,17,HH009,DEV0013,31.6,100.0,3.83,27.9,0.29,False
T001426,2025-02-26,17,HH012,DEV0016,24.4,95.9,2.43,16.9,0.26,False
T001427,2025-02-26,15,HH015,DEV0020,9.2,100.0,3.09,21.3,1.51,False
T001428,2025-02-26,18,HH016,DEV0021,7.7,91.8,38.28,170.8,0.55,False
T001429,2025-02-26,19,HH021,DEV0028,28.8,100.0,19.3,107.0,1.18,False
T001430,2025-02-26,12,HH025,DEV0036,18.7,100.0,4.72,21.2,0.86,False
T001431,2025-02-26,19,HH027,DEV0039,29.9,100.0,2.24,13.6,0.41,False
T001432,2025-02-26,12,HH028,DEV0040,37.5,100.0,24.12,103.9,0.51,False
T001433,2025-02-26,14,HH031,DEV0045,28.7,100.0,36.29,219.9,0.75,False
T001434,2025-02-26,15,HH039,DEV0056,22.0,100.0,34.16,158.6,2.09,False
T001435,2025-02-26,17,HH043,DEV0065,22.3,100.0,3.26,15.3,1.08,False
T001436,2025-02-26,15,HH048,DEV0072,19.2,100.0,6.3,32.5,0.1,False
T001437,2025-02-26,15,HH049,DEV0073,18.2,100.0,3.44,17.4,0.12,False
T001438,2025-02-26,14,HH052,DEV0076,9.9,83.9,3.33,15.7,0.41,False
T001439,2025-02-26,14,HH053,DEV0078,9.3,83.0,14.74,109.4,0.24,False
T001440,2025-02-26,14,HH054,DEV0079,16.8,95.1,3.68,23.6,1.12,False
T001441,2025-02-26,19,HH061,DEV0091,32.9,100.0,4.03,24.3,1.35,False
T001442,2025-02-26,11,HH063,DEV0093,28.6,100.0,20.49,148.8,1.73,False
T001443,2025-02-26,16,HH074,DEV0107,8.4,86.7,39.4,283.9,0.45,False
T001444,2025-02-26,18,HH078,DEV0114,5.2,87.5,28.98,136.3,1.39,False
T001445,2025-02-26,18,HH083,DEV0122,19.4,92.3,28.2,147.8,0.47,False
T001446,2025-02-26,18,HH091,DEV0133,36.0,100.0,2.88,16.0,0.79,False
T001447,2025-02-26,19,HH094,DEV0137,14.2,99.6,4.18,18.3,0.4,False
T001448,2025-02-26,19,HH101,DEV0147,39.4,100.0,2.18,15.6,0.16,False
T001449,2025-02-26,17,HH104,DEV0150,8.1,85.8,25.57,115.5,0.62,False
T001450,2025-02-26,18,HH107,DEV0154,8.9,94.2,2.81,14.5,0.78,False
T001451,2025-02-26,18,HH109,DEV0156,19.6,98.3,5.98,25.8,0.84,False
T001452,2025-02-26,19,HH112,DEV0163,22.0,100.0,26.29,126.5,0.52,False
T001453,2025-02-26,17,HH119,DEV0174,9.0,94.1,25.45,172.2,0.75,False
T001454,2025-02-26,12,HH126,DEV0184,30.6,100.0,5.27,25.4,0.67,False
T001455,2025-02-26,18,HH127,DEV0185,24.4,100.0,44.68,197.9,0.58,False
T001456,2025-02-26,17,HH129,DEV0188,15.5,100.0,4.99,30.1,0.91,False
T001457,2025-02-26,15,HH131,DEV0190,40.0,100.0,2.82,15.2,0.97,False
T001458,2025-02-27,16,HH005,DEV0006,27.7,100.0,2.82,13.5,0.62,False
T001459,2025-02-27,14,HH006,DEV0007,24.0,100.0,15.66,104.2,2.39,False
T001460,2025-02-27,14,HH012,DEV0016,23.6,100.0,2.6,13.3,0.25,False
T001461,2025-02-27,12,HH014,DEV0019,35.0,100.0,2.92,20.5,0.58,False
T001462,2025-02-27,16,HH021,DEV0028,11.6,100.0,23.96,171.5,1.13,False
T001463,2025-02-27,12,HH025,DEV0037,9.0,92.4,49.04,281.2,0.83,False
T001464,2025-02-27,19,HH027,DEV0039,27.9,100.0,2.31,14.5,0.4,False
T001465,2025-02-27,13,HH035,DEV0050,21.0,100.0,26.78,186.2,0.78,False
T001466,2025-02-27,18,HH037,DEV0053,30.0,100.0,3.29,18.4,1.06,False
T001467,2025-02-27,15,HH039,DEV0056,25.6,100.0,32.59,172.5,1.95,False
T001468,2025-02-27,13,HH040,DEV0059,15.8,99.2,2.58,19.2,0.75,False
T001469,2025-02-27,16,HH041,DEV0060,21.7,100.0,3.99,19.2,0.43,False
T001470,2025-02-27,15,HH044,DEV0066,20.1,100.0,25.01,119.8,0.95,False
T001471,2025-02-27,19,HH046,DEV0068,8.9,93.0,39.54,173.4,0.33,False
T001472,2025-02-27,12,HH050,DEV0074,17.5,90.5,3.36,18.2,0.71,False
T001473,2025-02-27,16,HH053,DEV0078,11.0,97.3,17.26,74.0,0.31,False
T001474,2025-02-27,15,HH054,DEV0079,18.4,91.6,3.44,23.2,1.21,False
T001475,2025-02-27,16,HH057,DEV0084,23.8,100.0,2.44,16.3,0.94,False
T001476,2025-02-27,18,HH059,DEV0087,9.9,84.7,4.34,20.2,0.39,False
T001477,2025-02-27,16,HH061,DEV0091,8.6,86.9,4.7,22.5,1.31,False
T001478,2025-02-27,15,HH069,DEV0101,13.0,89.1,41.99,196.2,0.32,False
T001479,2025-02-27,16,HH072,DEV0104,32.6,100.0,19.75,105.6,0.26,False
T001480,2025-02-27,12,HH074,DEV0108,7.3,84.8,4.34,27.3,0.52,False
T001481,2025-02-27,16,HH075,DEV0109,30.6,100.0,28.32,135.1,0.67,False
T001482,2025-02-27,16,HH078,DEV0114,10.8,100.0,31.4,222.4,1.35,False
T001483,2025-02-27,19,HH081,DEV0118,9.5,85.0,15.78,90.5,2.26,False
T001484,2025-02-27,14,HH089,DEV0130,11.8,92.5,3.63,17.4,0.24,False
T001485,2025-02-27,17,HH093,DEV0135,12.8,100.0,3.75,21.6,1.16,False
T001486,2025-02-27,18,HH095,DEV0138,39.5,100.0,17.12,93.2,1.01,False
T001487,2025-02-27,14,HH097,DEV0141,22.3,100.0,4.04,24.6,0.55,False
T001488,2025-02-27,15,HH099,DEV0144,38.2,100.0,4.76,27.5,0.45,False
T001489,2025-02-27,15,HH104,DEV0150,23.6,100.0,25.14,137.9,0.68,False
T001490,2025-02-27,17,HH107,DEV0154,30.6,100.0,2.29,12.2,0.69,False
T001491,2025-02-27,18,HH111,DEV0162,27.1,100.0,32.08,203.5,0.99,False
T001492,2025-02-27,17,HH113,DEV0165,23.9,100.0,5.71,37.0,0.59,False
T001493,2025-02-27,14,HH115,DEV0169,16.4,100.0,33.77,153.7,1.08,False
T001494,2025-02-27,19,HH116,DEV0170,30.2,100.0,23.52,119.2,1.57,False
T001495,2025-02-27,15,HH122,DEV0179,32.7,100.0,22.07,119.8,0.87,False
T001496,2025-02-27,18,HH125,DEV0182,38.2,100.0,20.33,110.2,0.48,False
T001497,2025-02-27,15,HH128,DEV0187,12.0,97.2,3.58,16.4,0.22,False
T001498,2025-02-27,19,HH135,DEV0198,25.6,100.0,4.32,31.5,0.49,False
T001499,2025-02-27,16,HH136,DEV0199,29.3,99.5,32.36,216.4,0.65,False
T001500,2025-02-28,14,HH006,DEV0007,19.9,100.0,16.5,87.8,2.09,False
T001501,2025-02-28,17,HH009,DEV0013,27.4,100.0,4.07,22.8,0.25,False
T001502,2025-02-28,18,HH014,DEV0019,18.1,100.0,3.69,17.9,0.54,False
T001503,2025-02-28,17,HH016,DEV0021,31.9,100.0,30.99,180.5,0.51,False
T001504,2025-02-28,15,HH017,DEV0023,35.6,100.0,3.67,19.4,0.87,False
T001505,2025-02-28,16,HH020,DEV0027,22.9,100.0,2.7,14.9,0.29,False
T001506,2025-02-28,17,HH034,DEV0049,16.3,90.5,5.56,26.0,0.43,False
T001507,2025-02-28,13,HH036,DEV0051,35.1,100.0,3.89,22.6,1.11,False
T001508,2025-02-28,12,HH039,DEV0056,6.4,79.9,32.2,152.3,1.64,False
T001509,2025-02-28,13,HH042,DEV0061,32.3,100.0,28.16,196.6,1.09,False
T001510,2025-02-28,19,HH050,DEV0074,33.6,100.0,3.05,21.0,0.58,False
T001511,2025-02-28,18,HH051,DEV0075,34.7,100.0,3.2,18.7,0.71,False
T001512,2025-02-28,18,HH054,DEV0079,10.0,86.3,3.59,15.4,1.16,False
T001513,2025-02-28,16,HH056,DEV0083,14.0,94.5,17.62,89.7,0.9,False
T001514,2025-02-28,15,HH059,DEV0087,10.8,100.0,5.17,23.0,0.34,False
T001515,2025-02-28,19,HH060,DEV0089,26.1,100.0,19.58,105.5,1.05,False
T001516,2025-02-28,15,HH061,DEV0091,32.5,100.0,4.05,24.0,1.33,False
T001517,2025-02-28,15,HH070,DEV0102,23.9,100.0,2.51,15.5,0.54,False
T001518,2025-02-28,16,HH086,DEV0126,16.2,93.9,24.18,144.9,0.56,False
T001519,2025-02-28,15,HH089,DEV0130,30.4,100.0,3.13,22.1,0.2,False
T001520,2025-02-28,19,HH090,DEV0132,24.9,100.0,43.63,301.7,1.51,False
T001521,2025-02-28,15,HH094,DEV0136,27.0,98.4,35.27,176.0,0.44,False
T001522,2025-02-28,18,HH096,DEV0140,8.7,92.4,6.03,31.0,0.28,False
T001523,2025-02-28,16,HH108,DEV0155,14.8,99.9,38.22,194.9,0.92,False
T001524,2025-02-28,14,HH109,DEV0157,39.9,100.0,3.73,21.9,0.86,False
T001525,2025-02-28,17,HH112,DEV0163,19.6,91.3,24.16,130.4,0.46,False
T001526,2025-02-28,18,HH114,DEV0167,19.4,100.0,6.21,36.6,1.21,False
T001527,2025-02-28,15,HH125,DEV0182,11.5,88.2,25.23,186.4,0.47,False
T001528,2025-02-28,17,HH128,DEV0187,10.1,94.9,3.56,15.8,0.19,False
T001529,2025-02-28,14,HH134,DEV0196,9.6,95.0,6.32,38.7,0.85,False
T001530,2025-02-28,19,HH135,DEV0198,30.9,100.0,4.01,19.0,0.52,False
T001531,2025-02-28,13,HH136,DEV0199,20.3,97.4,35.53,163.0,0.77,False
T001532,2025-02-28,12,HH138,DEV0203,35.6,100.0,21.96,145.9,0.45,False
T001533,2025-02-28,17,HH140,DEV0206,9.3,92.2,21.4,99.1,0.89,False
T001534,2025-03-01,18,HH009,DEV0013,25.2,100.0,4.19,23.0,0.33,False
T001535,2025-03-01,17,HH012,DEV0016,16.2,100.0,2.85,19.9,0.22,False
T001536,2025-03-01,19,HH014,DEV0019,14.7,98.4,3.76,17.2,0.56,False
T001537,2025-03-01,14,HH015,DEV0020,31.8,100.0,2.32,12.9,1.41,False
T001538,2025-03-01,14,HH016,DEV0021,33.5,100.0,30.26,146.5,0.44,False
T001539,2025-03-01,15,HH017,DEV0022,19.8,100.0,17.88,95.9,0.84,False
T001540,2025-03-01,19,HH019,DEV0026,29.2,100.0,23.79,110.9,0.56,False
T001541,2025-03-01,18,HH027,DEV0039,21.0,100.0,2.53,14.5,0.37,False
T001542,2025-03-01,19,HH028,DEV0040,13.5,96.1,31.87,139.3,0.56,False
T001543,2025-03-01,19,HH034,DEV0049,26.6,96.7,5.26,38.1,0.36,False
T001544,2025-03-01,18,HH038,DEV0054,21.9,100.0,24.91,117.4,1.14,False
T001545,2025-03-01,17,HH044,DEV0066,36.9,100.0,19.75,109.4,0.99,False
T001546,2025-03-01,15,HH046,DEV0068,13.8,95.6,38.46,221.3,0.32,False
T001547,2025-03-01,15,HH048,DEV0071,39.7,100.0,24.42,158.1,0.1,False
T001548,2025-03-01,16,HH050,DEV0074,20.9,100.0,3.64,19.7,0.7,False
T001549,2025-03-01,15,HH057,DEV0085,34.1,100.0,5.01,27.4,0.84,False
T001550,2025-03-01,15,HH061,DEV0090,10.1,90.5,6.11,29.6,1.4,False
T001551,2025-03-01,11,HH063,DEV0094,31.0,100.0,2.35,12.5,1.56,False
T001552,2025-03-01,19,HH066,DEV0098,6.9,93.1,5.6,30.4,1.37,False
T001553,2025-03-01,15,HH068,DEV0100,11.6,88.1,33.22,176.1,1.04,False
T001554,2025-03-01,16,HH069,DEV0101,10.2,80.8,38.98,290.6,0.25,False
T001555,2025-03-01,16,HH072,DEV0104,28.3,100.0,21.01,115.3,0.26,False
T001556,2025-03-01,12,HH086,DEV0126,14.5,100.0,26.59,180.1,0.45,False
T001557,2025-03-01,19,HH089,DEV0130,37.1,100.0,2.83,12.4,0.24,False
T001558,2025-03-01,18,HH094,DEV0136,9.8,98.6,43.88,267.8,0.38,False
T001559,2025-03-01,16,HH101,DEV0147,29.0,100.0,2.56,12.4,0.17,False
T001560,2025-03-01,19,HH106,DEV0152,33.9,100.0,34.83,156.8,0.37,False
T001561,2025-03-01,19,HH111,DEV0162,6.5,97.0,39.83,257.3,0.8,False
T001562,2025-03-01,14,HH115,DEV0169,31.4,100.0,27.71,154.5,0.82,False
T001563,2025-03-01,12,HH116,DEV0170,27.5,100.0,24.43,123.8,1.75,False
T001564,2025-03-01,15,HH120,DEV0176,22.4,99.5,4.93,21.5,0.47,False
T001565,2025-03-01,16,HH121,DEV0178,33.4,100.0,29.57,218.7,1.54,False
T001566,2025-03-01,16,HH123,DEV0180,28.9,100.0,14.86,71.0,0.47,False
T001567,2025-03-01,18,HH124,DEV0181,33.2,100.0,29.66,220.4,1.09,False
T001568,2025-03-01,15,HH131,DEV0190,39.3,100.0,2.85,13.4,0.86,False
T001569,2025-03-01,19,HH132,DEV0192,11.5,89.8,3.92,20.4,1.27,False
T001570,2025-03-01,11,HH134,DEV0196,13.5,93.4,5.91,43.8,0.82,False
T001571,2025-03-01,17,HH136,DEV0199,13.0,87.6,34.4,195.2,0.58,False
T001572,2025-03-01,14,HH138,DEV0203,12.0,100.0,30.01,200.0,0.39,False
T001573,2025-03-01,12,HH139,DEV0205,21.8,100.0,5.24,24.6,0.89,False
T001574,2025-03-01,18,HH140,DEV0206,5.9,84.2,20.19,143.2,0.75,False
T001575,2025-03-02,18,HH004,DEV0005,28.4,100.0,5.16,30.1,0.26,False
T001576,2025-03-02,19,HH005,DEV0006,23.1,100.0,3.0,17.9,0.63,False
T001577,2025-03-02,16,HH006,DEV0007,28.5,100.0,14.73,64.8,2.4,False
T001578,2025-03-02,18,HH013,DEV0017,22.8,95.4,3.85,18.1,3.56,False
T001579,2025-03-02,19,HH015,DEV0020,37.2,100.0,2.14,14.1,1.26,False
T001580,2025-03-02,15,HH017,DEV0022,32.3,100.0,15.1,85.7,0.94,False
T001581,2025-03-02,15,HH026,DEV0038,5.7,82.0,38.14,228.7,0.44,False
T001582,2025-03-02,10,HH027,DEV0039,37.6,100.0,2.0,11.2,0.41,False
T001583,2025-03-02,14,HH028,DEV0040,9.2,100.0,35.05,171.4,0.47,False
T001584,2025-03-02,18,HH030,DEV0044,18.3,100.0,2.86,15.8,0.16,False
T001585,2025-03-02,19,HH033,DEV0048,19.4,100.0,5.16,24.9,0.51,False
T001586,2025-03-02,16,HH041,DEV0060,19.7,97.3,3.96,27.5,0.39,False
T001587,2025-03-02,15,HH042,DEV0063,27.8,100.0,5.42,31.2,0.98,False
T001588,2025-03-02,15,HH045,DEV0067,37.5,100.0,32.12,227.7,1.85,False
T001589,2025-03-02,17,HH048,DEV0071,7.1,96.1,36.06,198.7,0.09,False
T001590,2025-03-02,14,HH050,DEV0074,28.6,100.0,3.28,14.5,0.51,False
T001591,2025-03-02,18,HH057,DEV0085,11.7,85.4,5.6,28.8,0.95,False
T001592,2025-03-02,19,HH062,DEV0092,8.6,86.8,25.58,122.4,1.11,False
T001593,2025-03-02,19,HH063,DEV0094,37.8,100.0,2.11,13.3,1.35,False
T001594,2025-03-02,17,HH067,DEV0099,30.4,100.0,5.57,34.1,1.43,False
T001595,2025-03-02,19,HH069,DEV0101,5.1,77.1,39.72,197.8,0.26,False
T001596,2025-03-02,14,HH070,DEV0102,9.4,88.3,2.6,15.9,0.6,False
T001597,2025-03-02,15,HH081,DEV0118,7.6,84.6,16.09,106.6,2.2,False
T001598,2025-03-02,19,HH086,DEV0125,14.9,90.6,2.65,13.3,0.37,False
T001599,2025-03-02,17,HH088,DEV0129,7.6,91.0,38.45,196.7,0.41,False
T001600,2025-03-02,14,HH089,DEV0130,33.6,100.0,2.99,20.0,0.19,False
T001601,2025-03-02,17,HH091,DEV0133,19.4,93.5,3.34,15.8,0.69,False
T001602,2025-03-02,13,HH093,DEV0135,11.5,88.3,3.3,16.5,1.01,False
T001603,2025-03-02,15,HH096,DEV0140,15.4,89.3,5.32,38.7,0.21,False
T001604,2025-03-02,16,HH097,DEV0141,11.2,85.4,3.86,17.1,0.66,False
T001605,2025-03-02,17,HH107,DEV0154,9.9,84.2,2.45,13.8,0.61,False
T001606,2025-03-02,15,HH109,DEV0157,13.9,88.3,4.62,20.3,0.78,False
T001607,2025-03-02,18,HH120,DEV0176,8.7,98.3,5.74,27.4,0.61,False
T001608,2025-03-02,18,HH125,DEV0182,12.8,86.1,24.13,155.6,0.47,False
T001609,2025-03-02,15,HH127,DEV0186,39.4,100.0,30.6,164.6,0.53,False
T001610,2025-03-02,17,HH133,DEV0195,35.6,100.0,14.68,95.8,0.22,False
T001611,2025-03-02,10,HH135,DEV0198,33.9,100.0,3.83,22.9,0.52,False
T001612,2025-03-02,15,HH138,DEV0203,21.8,100.0,26.67,190.1,0.45,False
T001613,2025-03-03,19,HH011,DEV0015,29.0,100.0,42.32,196.8,0.74,False
T001614,2025-03-03,16,HH012,DEV0016,7.5,98.7,3.1,14.1,0.23,False
T001615,2025-03-03,17,HH017,DEV0022,24.0,100.0,16.95,101.9,0.92,False
T001616,2025-03-03,13,HH018,DEV0025,9.1,85.6,30.76,141.7,0.71,False
T001617,2025-03-03,11,HH019,DEV0026,30.2,100.0,23.45,115.3,0.57,False
T001618,2025-03-03,18,HH020,DEV0027,16.9,100.0,2.91,17.7,0.31,False
T001619,2025-03-03,18,HH022,DEV0030,22.9,100.0,3.47,16.3,0.65,False
T001620,2025-03-03,19,HH025,DEV0037,7.4,96.3,52.29,360.4,0.78,False
T001621,2025-03-03,15,HH026,DEV0038,14.8,96.2,40.71,233.5,0.38,False
T001622,2025-03-03,13,HH031,DEV0046,38.3,100.0,32.08,162.9,0.68,False
T001623,2025-03-03,19,HH032,DEV0047,14.7,100.0,5.2,35.0,1.44,False
T001624,2025-03-03,14,HH034,DEV0049,33.3,100.0,5.0,28.3,0.31,False
T001625,2025-03-03,12,HH042,DEV0062,20.1,100.0,23.49,106.8,0.89,False
T001626,2025-03-03,14,HH043,DEV0065,10.8,80.9,2.95,15.2,1.01,False
T001627,2025-03-03,16,HH045,DEV0067,32.5,100.0,34.7,156.4,1.97,False
T001628,2025-03-03,19,HH053,DEV0078,9.6,85.1,15.09,109.7,0.33,False
T001629,2025-03-03,15,HH059,DEV0087,34.9,100.0,3.78,24.2,0.41,False
T001630,2025-03-03,19,HH061,DEV0091,9.5,86.2,4.6,29.1,1.15,False
T001631,2025-03-03,11,HH062,DEV0092,27.5,100.0,23.71,107.7,1.06,False
T001632,2025-03-03,19,HH063,DEV0093,6.3,84.8,22.53,158.3,1.55,False
T001633,2025-03-03,18,HH066,DEV0098,10.5,93.2,5.38,27.3,1.13,False
T001634,2025-03-03,19,HH076,DEV0110,25.7,100.0,26.6,131.2,1.23,False
T001635,2025-03-03,17,HH078,DEV0114,26.2,100.0,25.98,147.3,1.16,False
T001636,2025-03-03,15,HH082,DEV0121,8.1,89.1,34.97,167.4,0.77,False
T001637,2025-03-03,16,HH093,DEV0135,21.4,98.2,3.3,22.1,1.0,False
T001638,2025-03-03,16,HH096,DEV0140,26.1,100.0,5.32,38.2,0.3,False
T001639,2025-03-03,16,HH097,DEV0141,31.4,100.0,3.57,16.7,0.55,False
T001640,2025-03-03,16,HH101,DEV0147,39.4,100.0,2.18,11.3,0.17,False
T001641,2025-03-03,16,HH104,DEV0150,30.6,100.0,22.83,103.4,0.56,False
T001642,2025-03-03,18,HH112,DEV0163,27.0,100.0,24.6,106.6,0.51,False
T001643,2025-03-03,13,HH116,DEV0170,6.8,82.5,25.5,111.4,1.45,False
T001644,2025-03-03,15,HH121,DEV0178,32.3,100.0,30.06,139.6,1.39,False
T001645,2025-03-03,14,HH122,DEV0179,7.1,99.8,30.41,141.3,1.04,False
T001646,2025-03-03,16,HH123,DEV0180,34.0,100.0,13.79,76.5,0.4,False
T001647,2025-03-03,16,HH124,DEV0181,27.5,100.0,32.19,238.3,0.99,False
T001648,2025-03-03,19,HH133,DEV0195,37.1,100.0,14.34,72.7,0.21,False
T001649,2025-03-03,14,HH134,DEV0197,35.3,100.0,15.85,87.9,0.84,False
T001650,2025-03-03,19,HH136,DEV0199,25.2,95.6,32.44,241.1,0.62,False
T001651,2025-03-03,16,HH138,DEV0203,19.6,99.3,27.16,177.2,0.41,False
T001652,2025-03-04,18,HH004,DEV0005,24.0,99.8,5.46,30.5,0.31,False
T001653,2025-03-04,10,HH015,DEV0020,10.6,90.8,2.73,13.6,1.22,False
T001654,2025-03-04,14,HH019,DEV0026,23.2,100.0,25.8,137.1,0.61,False
T001655,2025-03-04,15,HH022,DEV0030,33.3,100.0,3.0,18.0,0.78,False
T001656,2025-03-04,18,HH025,DEV0037,14.8,91.4,45.07,255.3,0.77,False
T001657,2025-03-04,16,HH031,DEV0046,21.1,99.5,40.79,197.0,0.54,False
T001658,2025-03-04,10,HH035,DEV0050,22.5,95.6,24.78,162.9,0.61,False
T001659,2025-03-04,16,HH037,DEV0053,11.6,98.2,4.07,18.0,1.05,False
T001660,2025-03-04,19,HH039,DEV0057,14.3,100.0,6.51,46.1,1.8,False
T001661,2025-03-04,13,HH045,DEV0067,18.4,95.2,39.49,215.9,1.97,False
T001662,2025-03-04,19,HH048,DEV0071,31.3,100.0,27.82,183.8,0.1,False
T001663,2025-03-04,17,HH052,DEV0077,5.2,84.6,4.05,22.3,0.49,False
T001664,2025-03-04,16,HH061,DEV0090,16.4,92.0,5.75,30.3,1.37,False
T001665,2025-03-04,19,HH081,DEV0118,13.9,90.7,16.05,94.0,1.72,False
T001666,2025-03-04,15,HH084,DEV0123,11.6,96.2,4.23,31.1,1.12,False
T001667,2025-03-04,17,HH085,DEV0124,18.0,100.0,27.55,142.4,0.12,False
T001668,2025-03-04,19,HH088,DEV0129,13.4,98.4,39.19,189.6,0.33,False
T001669,2025-03-04,16,HH089,DEV0130,12.9,92.8,3.6,16.0,0.18,False
T001670,2025-03-04,14,HH090,DEV0132,36.0,100.0,37.18,167.7,1.46,False
T001671,2025-03-04,13,HH097,DEV0141,30.5,100.0,3.61,18.1,0.59,False
T001672,2025-03-04,14,HH107,DEV0153,6.0,94.0,3.34,24.2,0.64,False
T001673,2025-03-04,17,HH111,DEV0162,5.2,81.8,33.69,152.3,0.79,False
T001674,2025-03-04,14,HH124,DEV0181,18.5,100.0,36.19,173.2,0.86,False
T001675,2025-03-04,19,HH125,DEV0183,38.2,100.0,3.34,19.6,0.54,False
T001676,2025-03-04,19,HH136,DEV0199,9.1,95.6,39.86,226.2,0.72,False
T001677,2025-03-05,14,HH004,DEV0005,23.3,94.0,5.09,23.7,0.24,False
T001678,2025-03-05,19,HH005,DEV0006,8.7,92.1,3.25,18.2,0.74,False
T001679,2025-03-05,19,HH006,DEV0007,8.8,86.3,15.96,108.4,1.89,False
T001680,2025-03-05,18,HH007,DEV0009,20.7,100.0,19.67,113.7,0.82,False
T001681,2025-03-05,17,HH009,DEV0013,23.7,97.0,4.1,18.3,0.31,False
T001682,2025-03-05,18,HH011,DEV0015,11.0,82.8,42.77,188.7,1.09,False
T001683,2025-03-05,18,HH012,DEV0016,27.5,100.0,2.46,17.3,0.26,False
T001684,2025-03-05,16,HH016,DEV0021,29.2,100.0,32.21,192.9,0.5,False
T001685,2025-03-05,15,HH017,DEV0022,29.0,97.4,15.25,111.8,0.72,False
T001686,2025-03-05,18,HH018,DEV0024,19.7,100.0,5.46,28.3,0.77,False
T001687,2025-03-05,13,HH028,DEV0040,36.9,100.0,24.36,140.1,0.6,False
T001688,2025-03-05,19,HH029,DEV0042,24.1,100.0,39.54,292.6,0.57,False
T001689,2025-03-05,17,HH031,DEV0045,9.4,96.6,44.39,286.2,0.53,False
T001690,2025-03-05,18,HH033,DEV0048,37.1,100.0,4.03,20.6,0.43,False
T001691,2025-03-05,19,HH036,DEV0051,18.9,98.9,4.8,30.0,0.97,False
T001692,2025-03-05,16,HH038,DEV0055,5.2,88.3,3.08,14.9,1.04,False
T001693,2025-03-05,17,HH040,DEV0059,9.2,94.2,2.64,12.3,0.73,False
T001694,2025-03-05,18,HH044,DEV0066,33.8,100.0,20.72,113.7,0.99,False
T001695,2025-03-05,14,HH045,DEV0067,27.7,100.0,37.16,205.7,1.87,False
T001696,2025-03-05,15,HH049,DEV0073,31.1,100.0,2.89,12.6,0.15,False
T001697,2025-03-05,17,HH051,DEV0075,24.0,100.0,3.72,18.9,0.86,False
T001698,2025-03-05,14,HH052,DEV0077,12.8,89.2,3.89,18.0,0.48,False
T001699,2025-03-05,14,HH056,DEV0083,18.1,100.0,17.94,85.2,0.74,False
T001700,2025-03-05,19,HH062,DEV0092,18.7,100.0,26.59,126.2,0.98,False
T001701,2025-03-05,16,HH063,DEV0093,6.4,93.7,25.05,110.1,1.32,False
T001702,2025-03-05,19,HH068,DEV0100,34.7,100.0,28.34,183.7,1.16,False
T001703,2025-03-05,18,HH071,DEV0103,7.6,95.1,5.51,26.8,1.0,False
T001704,2025-03-05,16,HH074,DEV0108,7.1,80.6,4.12,18.8,0.48,False
T001705,2025-03-05,15,HH076,DEV0110,17.7,98.2,28.81,137.6,1.14,False
T001706,2025-03-05,17,HH080,DEV0116,5.8,75.9,5.26,37.8,1.12,False
T001707,2025-03-05,13,HH081,DEV0118,29.4,100.0,14.76,64.7,2.01,False
T001708,2025-03-05,19,HH083,DEV0122,10.9,93.3,31.89,222.8,0.57,False
T001709,2025-03-05,18,HH086,DEV0126,14.4,98.8,26.25,125.9,0.44,False
T001710,2025-03-05,16,HH093,DEV0135,9.4,94.2,3.65,20.4,0.98,False
T001711,2025-03-05,16,HH096,DEV0140,31.6,100.0,4.92,31.6,0.24,False
T001712,2025-03-05,19,HH106,DEV0152,14.1,89.0,39.49,229.2,0.37,False
T001713,2025-03-05,16,HH109,DEV0156,17.6,91.1,5.59,26.9,0.65,False
T001714,2025-03-05,17,HH111,DEV0162,22.9,100.0,33.92,248.9,0.66,False
T001715,2025-03-05,15,HH112,DEV0163,34.3,100.0,22.14,133.1,0.43,False
T001716,2025-03-05,17,HH115,DEV0169,32.3,100.0,27.35,157.2,1.09,False
T001717,2025-03-05,15,HH116,DEV0170,21.9,93.8,24.22,147.2,1.65,False
T001718,2025-03-05,18,HH118,DEV0173,13.2,96.9,3.85,26.0,0.86,False
T001719,2025-03-05,18,HH129,DEV0188,34.0,100.0,3.89,16.8,0.63,False
T001720,2025-03-05,9,HH131,DEV0190,38.5,100.0,2.89,21.1,0.74,False
T001721,2025-03-05,18,HH132,DEV0192,37.2,100.0,3.14,15.5,1.05,False
T001722,2025-03-05,19,HH136,DEV0199,30.3,100.0,32.13,141.3,0.6,False
T001723,2025-03-06,18,HH004,DEV0005,32.3,100.0,4.87,22.4,0.35,False
T001724,2025-03-06,19,HH005,DEV0006,5.8,80.8,2.93,14.3,0.76,False
T001725,2025-03-06,15,HH014,DEV0019,7.2,89.1,3.68,20.7,0.57,False
T001726,2025-03-06,19,HH016,DEV0021,33.0,100.0,30.49,200.1,0.57,False
T001727,2025-03-06,15,HH020,DEV0027,19.6,100.0,2.81,18.7,0.3,False
T001728,2025-03-06,18,HH021,DEV0028,10.5,81.7,19.29,114.2,0.92,False
T001729,2025-03-06,16,HH024,DEV0034,18.7,96.9,45.78,198.8,1.69,False
T001730,2025-03-06,19,HH027,DEV0039,10.5,94.7,2.69,14.1,0.39,False
T001731,2025-03-06,19,HH030,DEV0044,12.3,100.0,3.07,17.0,0.16,False
T001732,2025-03-06,19,HH031,DEV0045,9.4,88.7,40.38,254.4,0.72,False
T001733,2025-03-06,12,HH032,DEV0047,19.0,100.0,4.94,34.2,1.28,False
T001734,2025-03-06,17,HH033,DEV0048,9.6,97.6,5.63,30.3,0.42,False
T001735,2025-03-06,19,HH034,DEV0049,33.9,100.0,4.96,22.9,0.36,False
T001736,2025-03-06,13,HH036,DEV0051,5.5,83.1,4.66,20.3,1.09,False
T001737,2025-03-06,19,HH037,DEV0053,29.2,100.0,3.33,24.7,1.0,False
T001738,2025-03-06,16,HH039,DEV0058,25.4,100.0,3.58,21.9,1.81,False
T001739,2025-03-06,19,HH048,DEV0071,20.9,100.0,32.04,171.2,0.09,False
T001740,2025-03-06,16,HH050,DEV0074,29.6,100.0,3.24,19.7,0.76,False
T001741,2025-03-06,14,HH051,DEV0075,6.5,85.8,3.89,22.1,0.75,False
T001742,2025-03-06,16,HH054,DEV0079,5.7,85.3,3.74,21.1,0.96,False
T001743,2025-03-06,16,HH059,DEV0087,5.6,87.9,4.77,28.1,0.39,False
T001744,2025-03-06,16,HH071,DEV0103,23.9,100.0,4.79,33.4,0.86,False
T001745,2025-03-06,18,HH072,DEV0104,22.5,100.0,22.71,155.9,0.24,False
T001746,2025-03-06,15,HH074,DEV0107,8.5,84.0,38.0,168.6,0.41,False
T001747,2025-03-06,14,HH078,DEV0113,23.2,100.0,4.07,25.3,1.2,False
T001748,2025-03-06,17,HH081,DEV0117,17.6,95.5,18.69,95.5,1.88,False
T001749,2025-03-06,16,HH084,DEV0123,32.7,100.0,3.36,18.8,1.02,False
T001750,2025-03-06,14,HH086,DEV0127,39.4,100.0,2.36,13.8,0.51,False
T001751,2025-03-06,16,HH093,DEV0135,39.7,100.0,2.59,16.9,0.99,False
T001752,2025-03-06,19,HH094,DEV0137,15.2,91.7,3.75,16.9,0.35,False
T001753,2025-03-06,19,HH096,DEV0140,23.5,100.0,5.51,28.8,0.24,False
T001754,2025-03-06,16,HH097,DEV0141,15.6,100.0,4.39,30.6,0.55,False
T001755,2025-03-06,14,HH098,DEV0142,20.2,100.0,43.89,231.9,0.88,False
T001756,2025-03-06,16,HH099,DEV0144,38.1,100.0,4.77,29.1,0.49,False
T001757,2025-03-06,14,HH108,DEV0155,5.0,76.3,32.01,181.0,0.7,False
T001758,2025-03-06,16,HH113,DEV0164,39.3,100.0,13.11,76.5,0.58,False
T001759,2025-03-06,16,HH123,DEV0180,35.9,100.0,13.4,82.4,0.35,False
T001760,2025-03-06,18,HH128,DEV0187,26.2,100.0,3.1,14.0,0.16,False
T001761,2025-03-06,18,HH129,DEV0188,26.8,100.0,4.32,26.4,0.88,False
T001762,2025-03-06,19,HH131,DEV0190,15.2,96.8,3.83,26.8,0.76,False
T001763,2025-03-06,19,HH133,DEV0194,7.4,93.9,49.57,227.6,0.19,False
T001764,2025-03-06,11,HH136,DEV0199,21.5,95.5,34.09,185.8,0.62,False
T001765,2025-03-06,16,HH138,DEV0203,16.8,88.5,24.47,128.8,0.33,False
T001766,2025-03-06,14,HH139,DEV0204,13.4,95.7,30.21,151.8,0.9,False
T001767,2025-03-06,15,HH140,DEV0206,33.6,100.0,17.13,96.2,0.75,False
T001768,2025-03-07,16,HH010,DEV0014,19.6,100.0,47.92,228.5,0.81,False
T001769,2025-03-07,16,HH012,DEV0016,34.6,100.0,2.22,13.9,0.19,False
T001770,2025-03-07,17,HH016,DEV0021,14.7,94.3,36.22,163.1,0.6,False
T001771,2025-03-07,19,HH017,DEV0023,10.9,94.9,4.79,20.6,0.79,False
T001772,2025-03-07,17,HH018,DEV0024,31.9,100.0,4.63,24.2,0.68,False
T001773,2025-03-07,19,HH020,DEV0027,38.7,100.0,2.15,12.4,0.25,False
T001774,2025-03-07,15,HH021,DEV0029,14.2,92.1,3.12,14.2,0.79,False
T001775,2025-03-07,18,HH024,DEV0035,19.3,100.0,44.14,191.2,1.43,False
T001776,2025-03-07,16,HH028,DEV0040,28.1,100.0,27.75,169.9,0.6,False
T001777,2025-03-07,13,HH029,DEV0043,39.0,100.0,32.27,159.3,0.63,False
T001778,2025-03-07,15,HH030,DEV0044,12.3,88.1,2.65,14.1,0.16,False
T001779,2025-03-07,12,HH033,DEV0048,16.6,100.0,5.34,30.5,0.48,False
T001780,2025-03-07,16,HH036,DEV0051,25.3,100.0,4.48,22.6,0.93,False
T001781,2025-03-07,18,HH038,DEV0055,15.5,98.0,3.05,19.8,1.0,False
T001782,2025-03-07,18,HH039,DEV0056,29.6,100.0,30.84,158.1,1.71,False
T001783,2025-03-07,18,HH041,DEV0060,11.0,91.5,4.1,22.5,0.37,False
T001784,2025-03-07,15,HH044,DEV0066,38.5,100.0,19.25,137.8,0.77,False
T001785,2025-03-07,15,HH045,DEV0067,16.6,100.0,42.87,238.6,1.65,False
T001786,2025-03-07,15,HH049,DEV0073,8.8,99.5,3.81,21.1,0.15,False
T001787,2025-03-07,17,HH050,DEV0074,28.4,100.0,3.29,19.9,0.61,False
T001788,2025-03-07,18,HH053,DEV0078,21.0,100.0,15.8,83.6,0.32,False
T001789,2025-03-07,16,HH054,DEV0079,33.1,100.0,3.14,16.4,0.9,False
T001790,2025-03-07,19,HH056,DEV0083,19.0,96.4,16.94,75.2,0.87,False
T001791,2025-03-07,15,HH057,DEV0084,17.4,87.2,2.23,16.6,1.04,False
T001792,2025-03-07,17,HH058,DEV0086,11.9,95.5,3.01,22.0,0.7,False
T001793,2025-03-07,19,HH059,DEV0087,25.9,100.0,4.3,18.7,0.43,False
T001794,2025-03-07,14,HH060,DEV0088,5.1,77.6,5.29,31.5,1.22,False
T001795,2025-03-07,18,HH066,DEV0098,29.9,100.0,4.56,24.6,1.1,False
T001796,2025-03-07,18,HH067,DEV0099,33.0,100.0,5.36,23.4,1.37,False
T001797,2025-03-07,18,HH068,DEV0100,5.5,85.5,34.74,254.9,1.22,False
T001798,2025-03-07,18,HH070,DEV0102,32.7,100.0,2.22,13.3,0.44,False
T001799,2025-03-07,15,HH071,DEV0103,25.7,100.0,4.68,27.4,0.74,False
T001800,2025-03-07,15,HH072,DEV0104,19.9,90.6,20.72,110.2,0.22,False
T001801,2025-03-07,17,HH080,DEV0116,21.9,100.0,5.86,40.6,1.15,False
T001802,2025-03-07,17,HH082,DEV0119,20.3,90.6,4.64,25.4,1.13,False
T001803,2025-03-07,14,HH083,DEV0122,5.4,85.0,30.8,171.2,0.45,False
T001804,2025-03-07,13,HH086,DEV0126,26.9,100.0,22.73,110.5,0.48,False
T001805,2025-03-07,16,HH087,DEV0128,25.4,100.0,2.39,10.3,0.95,False
T001806,2025-03-07,15,HH088,DEV0129,35.3,100.0,29.83,152.7,0.42,False
T001807,2025-03-07,17,HH091,DEV0133,20.2,100.0,3.59,18.5,0.67,False
T001808,2025-03-07,16,HH095,DEV0138,11.5,91.0,22.49,116.1,0.97,False
T001809,2025-03-07,14,HH099,DEV0144,7.3,80.7,5.66,25.5,0.43,False
T001810,2025-03-07,17,HH104,DEV0150,34.3,100.0,21.62,93.1,0.55,False
T001811,2025-03-07,19,HH108,DEV0155,14.7,90.9,34.23,187.1,0.63,False
T001812,2025-03-07,17,HH109,DEV0157,19.7,100.0,4.98,23.6,0.75,False
T001813,2025-03-07,14,HH122,DEV0179,17.4,100.0,27.09,199.7,0.87,False
T001814,2025-03-07,15,HH123,DEV0180,8.7,91.4,17.28,127.1,0.48,False
T001815,2025-03-07,19,HH125,DEV0183,18.7,100.0,4.39,26.7,0.34,False
T001816,2025-03-07,19,HH129,DEV0188,22.3,100.0,4.58,23.8,0.61,False
T001817,2025-03-07,15,HH135,DEV0198,17.1,100.0,4.81,22.0,0.41,False
T001818,2025-03-07,17,HH136,DEV0199,9.8,93.9,38.75,243.7,0.56,False
T001819,2025-03-08,15,HH005,DEV0006,12.9,99.5,3.38,16.6,0.49,False
T001820,2025-03-08,19,HH011,DEV0015,32.4,100.0,40.29,191.3,0.71,False
T001821,2025-03-08,18,HH013,DEV0017,15.6,99.1,4.43,27.4,2.69,False
T001822,2025-03-08,12,HH016,DEV0021,11.7,100.0,40.18,187.6,0.46,False
T001823,2025-03-08,17,HH017,DEV0022,14.2,94.4,17.88,97.0,0.81,False
T001824,2025-03-08,17,HH018,DEV0024,17.1,97.6,5.48,30.9,0.68,False
T001825,2025-03-08,18,HH024,DEV0034,33.3,100.0,39.02,230.4,1.54,False
T001826,2025-03-08,19,HH027,DEV0039,7.2,84.3,2.47,14.9,0.32,False
T001827,2025-03-08,16,HH028,DEV0040,39.8,100.0,23.24,100.4,0.52,False
T001828,2025-03-08,15,HH029,DEV0042,21.2,96.9,39.42,191.5,0.69,False
T001829,2025-03-08,18,HH030,DEV0044,29.6,100.0,2.46,16.0,0.17,False
T001830,2025-03-08,19,HH031,DEV0045,26.0,100.0,37.67,179.8,0.58,False
T001831,2025-03-08,17,HH032,DEV0047,29.1,100.0,4.32,23.3,1.25,False
T001832,2025-03-08,16,HH036,DEV0052,16.7,94.4,5.75,38.9,0.86,False
T001833,2025-03-08,16,HH037,DEV0053,28.8,100.0,3.35,14.9,0.8,False
T001834,2025-03-08,16,HH042,DEV0062,24.1,100.0,22.31,119.3,0.81,False
T001835,2025-03-08,15,HH043,DEV0064,6.9,77.9,32.74,152.0,0.97,False
T001836,2025-03-08,18,HH044,DEV0066,32.5,100.0,21.13,123.3,0.66,False
T001837,2025-03-08,19,HH046,DEV0068,13.0,100.0,40.89,252.5,0.23,False
T001838,2025-03-08,17,HH047,DEV0069,12.7,97.8,43.83,323.9,0.29,False
T001839,2025-03-08,13,HH049,DEV0073,19.9,100.0,3.36,21.2,0.12,False
T001840,2025-03-08,15,HH054,DEV0079,29.4,100.0,3.32,21.1,0.95,False
T001841,2025-03-08,11,HH057,DEV0084,34.5,100.0,2.1,10.1,0.8,False
T001842,2025-03-08,12,HH058,DEV0086,32.3,100.0,2.44,17.5,0.53,False
T001843,2025-03-08,16,HH059,DEV0087,10.5,99.8,5.18,33.7,0.36,False
T001844,2025-03-08,16,HH066,DEV0098,10.2,91.0,5.25,22.5,1.15,False
T001845,2025-03-08,19,HH070,DEV0102,7.4,92.5,2.81,14.2,0.45,False
T001846,2025-03-08,16,HH072,DEV0104,13.2,99.8,25.39,145.5,0.22,False
T001847,2025-03-08,16,HH078,DEV0113,37.2,100.0,3.33,23.8,1.19,False
T001848,2025-03-08,19,HH080,DEV0116,21.6,100.0,5.88,37.4,0.96,False
T001849,2025-03-08,10,HH083,DEV0122,24.3,99.1,28.94,153.2,0.47,False
T001850,2025-03-08,17,HH084,DEV0123,6.8,95.3,4.43,20.4,0.89,False
T001851,2025-03-08,15,HH087,DEV0128,8.0,82.1,2.37,13.6,0.97,False
T001852,2025-03-08,13,HH090,DEV0131,37.3,100.0,35.17,161.3,1.48,False
T001853,2025-03-08,17,HH091,DEV0133,8.8,91.8,3.73,20.0,0.51,False
T001854,2025-03-08,18,HH095,DEV0138,30.7,100.0,19.61,105.3,0.87,False
T001855,2025-03-08,12,HH097,DEV0141,12.3,93.2,4.21,19.3,0.57,False
T001856,2025-03-08,19,HH111,DEV0162,22.6,100.0,34.06,168.4,0.91,False
T001857,2025-03-08,19,HH113,DEV0164,15.7,93.5,16.8,109.8,0.41,False
T001858,2025-03-08,16,HH115,DEV0169,36.2,100.0,25.78,181.3,0.91,False
T001859,2025-03-08,14,HH116,DEV0170,25.3,100.0,25.17,117.0,1.46,False
T001860,2025-03-08,18,HH118,DEV0172,7.8,79.0,33.13,232.7,0.86,False
T001861,2025-03-08,14,HH119,DEV0175,36.5,100.0,16.0,77.4,0.59,False
T001862,2025-03-08,14,HH126,DEV0184,13.8,93.4,6.05,29.8,0.58,False
T001863,2025-03-08,15,HH127,DEV0186,10.3,93.6,42.08,219.2,0.37,False
T001864,2025-03-08,19,HH128,DEV0187,36.8,100.0,2.65,12.5,0.2,False
T001865,2025-03-08,18,HH129,DEV0188,34.8,100.0,3.85,27.9,0.56,False
T001866,2025-03-08,16,HH133,DEV0193,36.3,100.0,2.42,11.4,0.24,False
T001867,2025-03-08,14,HH139,DEV0204,36.6,100.0,23.27,107.1,0.87,False
T001868,2025-03-09,13,HH004,DEV0005,9.0,90.4,5.86,25.6,0.29,False
T001869,2025-03-09,15,HH006,DEV0007,9.4,87.8,16.15,110.4,1.86,False
T001870,2025-03-09,18,HH009,DEV0013,23.0,100.0,4.31,23.8,0.21,False
T001871,2025-03-09,14,HH011,DEV0015,28.1,98.4,41.88,259.0,0.92,False
T001872,2025-03-09,16,HH012,DEV0016,39.6,100.0,2.05,12.9,0.23,False
T001873,2025-03-09,17,HH013,DEV0018,30.3,100.0,5.23,35.6,2.93,False
T001874,2025-03-09,19,HH015,DEV0020,15.5,98.6,2.82,12.8,1.13,False
T001875,2025-03-09,15,HH023,DEV0032,36.3,100.0,37.77,185.8,0.62,False
T001876,2025-03-09,16,HH024,DEV0035,11.4,99.2,48.02,224.0,1.57,False
T001877,2025-03-09,16,HH026,DEV0038,9.9,94.0,42.04,230.4,0.35,False
T001878,2025-03-09,19,HH027,DEV0039,7.6,82.9,2.41,16.1,0.41,False
T001879,2025-03-09,18,HH037,DEV0053,30.4,100.0,3.27,16.5,1.11,False
T001880,2025-03-09,14,HH041,DEV0060,6.2,84.2,3.98,28.8,0.31,False
T001881,2025-03-09,19,HH045,DEV0067,21.7,100.0,40.25,214.8,1.54,False
T001882,2025-03-09,15,HH049,DEV0073,17.4,93.0,3.18,18.8,0.15,False
T001883,2025-03-09,14,HH050,DEV0074,24.6,100.0,3.47,17.8,0.51,False
T001884,2025-03-09,12,HH051,DEV0075,18.4,100.0,4.0,25.4,0.65,False
T001885,2025-03-09,19,HH052,DEV0076,28.7,100.0,3.21,13.9,0.54,False
T001886,2025-03-09,15,HH057,DEV0084,21.9,100.0,2.5,11.3,0.85,False
T001887,2025-03-09,15,HH060,DEV0089,32.1,100.0,17.99,107.8,0.91,False
T001888,2025-03-09,17,HH067,DEV0099,18.9,100.0,6.49,37.6,1.31,False
T001889,2025-03-09,16,HH071,DEV0103,21.3,100.0,4.96,31.0,0.8,False
T001890,2025-03-09,17,HH080,DEV0116,32.0,100.0,5.1,36.3,1.12,False
T001891,2025-03-09,10,HH082,DEV0121,34.0,100.0,28.51,123.4,0.89,False
T001892,2025-03-09,16,HH083,DEV0122,13.3,100.0,33.55,168.6,0.54,False
T001893,2025-03-09,19,HH084,DEV0123,28.1,100.0,3.6,18.3,0.68,False
T001894,2025-03-09,15,HH085,DEV0124,20.6,92.0,23.98,140.4,0.12,False
T001895,2025-03-09,15,HH086,DEV0126,27.6,100.0,22.52,109.5,0.36,False
T001896,2025-03-09,16,HH089,DEV0130,16.2,89.6,3.3,17.4,0.19,False
T001897,2025-03-09,12,HH097,DEV0141,24.7,98.6,3.84,24.0,0.58,False
T001898,2025-03-09,18,HH099,DEV0144,10.6,93.1,6.35,45.4,0.36,False
T001899,2025-03-09,19,HH101,DEV0147,21.7,100.0,2.82,18.4,0.13,False
T001900,2025-03-09,11,HH106,DEV0152,26.3,97.4,37.47,196.5,0.37,False
T001901,2025-03-09,13,HH109,DEV0156,34.7,100.0,4.96,28.6,0.65,False
T001902,2025-03-09,19,HH111,DEV0161,35.3,100.0,4.27,19.2,0.54,False
T001903,2025-03-09,16,HH112,DEV0163,16.4,95.6,26.69,129.7,0.39,False
T001904,2025-03-09,15,HH118,DEV0172,34.9,100.0,30.27,141.9,0.78,False
T001905,2025-03-09,13,HH119,DEV0175,29.4,100.0,17.79,85.7,0.62,False
T001906,2025-03-09,15,HH120,DEV0176,21.2,95.7,4.77,22.9,0.6,False
T001907,2025-03-09,17,HH124,DEV0181,7.4,84.2,34.08,150.0,1.0,False
T001908,2025-03-09,17,HH133,DEV0193,30.1,100.0,2.66,18.7,0.21,False
T001909,2025-03-09,17,HH134,DEV0196,40.0,100.0,4.44,21.6,0.7,False
T001910,2025-03-09,19,HH135,DEV0198,13.4,100.0,5.02,36.6,0.42,False
T001911,2025-03-09,19,HH136,DEV0199,23.3,100.0,35.36,155.9,0.72,False
T001912,2025-03-10,19,HH009,DEV0013,10.6,88.9,4.39,25.5,0.3,False
T001913,2025-03-10,15,HH010,DEV0014,35.1,100.0,38.68,177.5,0.78,False
T001914,2025-03-10,14,HH012,DEV0016,15.7,100.0,2.87,21.4,0.21,False
T001915,2025-03-10,18,HH014,DEV0019,8.8,93.5,3.81,24.7,0.6,False
T001916,2025-03-10,13,HH016,DEV0021,22.6,95.2,33.02,234.1,0.48,False
T001917,2025-03-10,12,HH019,DEV0026,35.8,100.0,21.57,106.9,0.53,False
T001918,2025-03-10,19,HH020,DEV0027,5.8,87.3,2.85,19.2,0.25,False
T001919,2025-03-10,13,HH024,DEV0035,10.0,79.2,37.86,175.3,1.44,False
T001920,2025-03-10,15,HH025,DEV0036,26.4,100.0,4.27,27.1,0.66,False
T001921,2025-03-10,10,HH027,DEV0039,31.6,100.0,2.19,13.0,0.37,False
T001922,2025-03-10,19,HH035,DEV0050,11.9,85.8,25.04,147.6,0.52,False
T001923,2025-03-10,18,HH038,DEV0054,25.6,99.7,23.63,162.1,1.03,False
T001924,2025-03-10,15,HH040,DEV0059,14.3,88.9,2.31,12.7,0.69,False
T001925,2025-03-10,19,HH042,DEV0063,14.0,90.4,5.73,25.4,0.8,False
T001926,2025-03-10,18,HH044,DEV0066,10.4,91.6,25.42,172.2,1.08,False
T001927,2025-03-10,19,HH046,DEV0068,28.4,100.0,33.65,177.5,0.26,False
T001928,2025-03-10,14,HH047,DEV0070,14.2,96.8,19.9,94.6,0.24,False
T001929,2025-03-10,16,HH050,DEV0074,11.5,95.4,3.86,26.8,0.56,False
T001930,2025-03-10,18,HH058,DEV0086,14.1,100.0,3.09,18.0,0.54,False
T001931,2025-03-10,19,HH060,DEV0088,14.5,96.2,5.96,28.8,0.87,False
T001932,2025-03-10,12,HH066,DEV0098,36.8,100.0,4.11,18.0,1.04,False
T001933,2025-03-10,15,HH070,DEV0102,33.1,100.0,2.21,14.6,0.39,False
T001934,2025-03-10,13,HH075,DEV0109,5.9,91.8,35.07,168.4,0.6,False
T001935,2025-03-10,13,HH076,DEV0110,7.2,84.5,27.69,128.4,0.93,False
T001936,2025-03-10,17,HH078,DEV0113,14.2,91.9,4.12,24.2,1.16,False
T001937,2025-03-10,16,HH082,DEV0121,8.1,80.5,31.27,233.3,0.93,False
T001938,2025-03-10,19,HH083,DEV0122,8.0,97.2,34.51,257.1,0.58,False
T001939,2025-03-10,19,HH085,DEV0124,39.6,100.0,20.29,92.9,0.14,False
T001940,2025-03-10,17,HH094,DEV0137,17.6,87.3,3.42,19.0,0.27,False
T001941,2025-03-10,18,HH096,DEV0140,34.1,100.0,4.74,25.3,0.24,False
T001942,2025-03-10,13,HH098,DEV0142,5.9,82.1,41.92,208.8,0.8,False
T001943,2025-03-10,18,HH105,DEV0151,33.8,100.0,3.31,20.2,0.78,False
T001944,2025-03-10,16,HH112,DEV0163,32.8,100.0,22.65,115.5,0.51,False
T001945,2025-03-10,18,HH119,DEV0174,39.1,100.0,18.21,134.8,0.6,False
T001946,2025-03-10,17,HH120,DEV0176,18.9,94.2,4.82,24.4,0.48,False
T001947,2025-03-10,14,HH127,DEV0186,27.3,99.7,36.58,165.8,0.35,False
T001948,2025-03-10,15,HH128,DEV0187,26.9,100.0,3.07,19.9,0.2,False
T001949,2025-03-10,18,HH134,DEV0197,24.5,100.0,18.5,114.4,0.59,False
T001950,2025-03-10,18,HH135,DEV0198,6.1,88.3,4.77,33.8,0.37,False
T001951,2025-03-10,17,HH140,DEV0206,9.6,91.2,21.05,124.1,0.75,False
T001952,2025-03-11,19,HH004,DEV0005,8.8,95.2,6.22,31.3,0.21,False
T001953,2025-03-11,12,HH005,DEV0006,22.5,90.7,2.66,11.7,0.62,False
T001954,2025-03-11,19,HH006,DEV0007,6.5,90.5,17.3,74.3,1.89,False
T001955,2025-03-11,19,HH007,DEV0008,23.5,98.2,2.84,12.5,0.76,False
T001956,2025-03-11,16,HH009,DEV0013,16.4,94.8,4.39,26.2,0.22,False
T001957,2025-03-11,19,HH012,DEV0016,22.8,93.7,2.41,12.5,0.19,False
T001958,2025-03-11,19,HH016,DEV0021,12.4,91.5,36.0,268.9,0.43,False
T001959,2025-03-11,19,HH018,DEV0024,31.5,100.0,4.66,28.3,0.74,False
T001960,2025-03-11,17,HH022,DEV0031,29.5,100.0,14.31,81.3,0.57,False
T001961,2025-03-11,17,HH025,DEV0036,28.7,100.0,4.14,24.5,0.68,False
T001962,2025-03-11,14,HH027,DEV0039,10.2,100.0,2.87,12.8,0.35,False
T001963,2025-03-11,19,HH029,DEV0041,12.8,94.1,5.69,29.8,0.64,False
T001964,2025-03-11,17,HH042,DEV0061,38.9,100.0,25.42,173.6,0.81,False
T001965,2025-03-11,16,HH044,DEV0066,9.7,80.8,22.24,161.8,0.7,False
T001966,2025-03-11,17,HH049,DEV0073,21.3,100.0,3.31,19.6,0.14,False
T001967,2025-03-11,12,HH050,DEV0074,19.4,100.0,3.71,27.1,0.55,False
T001968,2025-03-11,19,HH053,DEV0078,19.8,96.0,15.23,111.4,0.24,False
T001969,2025-03-11,13,HH054,DEV0079,33.3,100.0,3.13,13.9,0.88,False
T001970,2025-03-11,16,HH056,DEV0083,11.0,100.0,19.49,104.0,0.93,False
T001971,2025-03-11,18,HH057,DEV0084,11.8,82.5,2.26,10.4,0.98,False
T001972,2025-03-11,15,HH061,DEV0091,37.1,100.0,3.77,16.3,1.1,False
T001973,2025-03-11,19,HH063,DEV0093,5.4,89.4,24.1,153.8,1.34,False
T001974,2025-03-11,18,HH066,DEV0098,20.2,94.5,4.83,22.0,1.07,False
T001975,2025-03-11,14,HH071,DEV0103,22.5,100.0,4.88,31.0,0.8,False
T001976,2025-03-11,15,HH075,DEV0109,38.5,100.0,25.09,163.8,0.57,False
T001977,2025-03-11,16,HH076,DEV0110,33.8,100.0,23.7,169.7,1.17,False
T001978,2025-03-11,17,HH084,DEV0123,6.1,86.3,4.01,24.0,1.1,False
T001979,2025-03-11,14,HH085,DEV0124,28.3,100.0,24.09,114.1,0.09,False
T001980,2025-03-11,17,HH091,DEV0133,19.5,100.0,3.62,16.7,0.6,False
T001981,2025-03-11,18,HH097,DEV0141,20.1,100.0,4.15,19.3,0.46,False
T001982,2025-03-11,19,HH098,DEV0143,38.4,100.0,3.51,16.7,0.88,False
T001983,2025-03-11,18,HH101,DEV0147,8.9,92.4,3.0,15.8,0.13,False
T001984,2025-03-11,17,HH105,DEV0151,31.6,100.0,3.42,16.5,0.71,False
T001985,2025-03-11,16,HH109,DEV0157,27.1,100.0,4.52,29.2,0.74,False
T001986,2025-03-11,15,HH112,DEV0163,36.6,100.0,21.37,98.0,0.5,False
T001987,2025-03-11,16,HH114,DEV0166,29.8,100.0,4.42,19.4,0.92,False
T001988,2025-03-11,18,HH119,DEV0175,36.9,100.0,15.9,102.1,0.59,False
T001989,2025-03-11,12,HH120,DEV0176,21.9,93.1,4.56,20.0,0.5,False
T001990,2025-03-11,19,HH123,DEV0180,32.3,100.0,14.15,60.8,0.36,False
T001991,2025-03-11,12,HH124,DEV0181,27.2,100.0,32.32,181.1,0.84,False
T001992,2025-03-11,18,HH125,DEV0183,27.4,100.0,3.92,22.8,0.41,False
T001993,2025-03-11,15,HH128,DEV0187,12.6,89.6,3.23,19.3,0.2,False
T001994,2025-03-11,19,HH132,DEV0191,23.0,93.0,17.84,88.8,0.96,False
T001995,2025-03-12,19,HH004,DEV0005,20.2,99.6,5.72,29.3,0.3,False
T001996,2025-03-12,19,HH028,DEV0040,22.7,96.1,28.34,178.4,0.56,False
T001997,2025-03-12,15,HH031,DEV0046,13.2,95.9,42.99,206.7,0.58,False
T001998,2025-03-12,18,HH033,DEV0048,7.7,80.9,4.69,30.4,0.37,False
T001999,2025-03-12,18,HH040,DEV0059,7.4,83.5,2.36,15.2,0.6,False
T002000,2025-03-12,18,HH041,DEV0060,33.6,100.0,3.39,14.6,0.31,False
T002001,2025-03-12,19,HH042,DEV0061,10.7,86.2,31.39,192.8,0.81,False
T002002,2025-03-12,16,HH045,DEV0067,36.4,100.0,32.69,205.4,1.8,False
T002003,2025-03-12,16,HH047,DEV0069,8.7,88.0,40.86,296.2,0.29,False
T002004,2025-03-12,15,HH048,DEV0071,5.9,88.2,33.35,247.4,0.08,False
T002005,2025-03-12,19,HH049,DEV0073,31.0,100.0,2.9,18.0,0.12,False
T002006,2025-03-12,18,HH050,DEV0074,8.4,95.0,3.98,18.7,0.67,False
T002007,2025-03-12,16,HH057,DEV0084,32.5,100.0,2.16,12.0,0.71,False
T002008,2025-03-12,19,HH059,DEV0087,16.0,100.0,4.87,30.5,0.43,False
T002009,2025-03-12,19,HH060,DEV0089,31.4,100.0,18.18,131.9,1.2,False
T002010,2025-03-12,14,HH061,DEV0091,12.7,86.6,4.43,31.7,1.04,False
T002011,2025-03-12,15,HH062,DEV0092,14.2,94.8,26.36,159.5,0.95,False
T002012,2025-03-12,18,HH067,DEV0099,14.2,85.0,5.66,28.1,1.16,False
T002013,2025-03-12,18,HH070,DEV0102,5.5,86.0,2.66,19.1,0.43,False
T002014,2025-03-12,13,HH075,DEV0109,18.2,93.5,30.71,183.3,0.62,False
T002015,2025-03-12,15,HH080,DEV0116,14.3,98.0,6.28,39.6,1.17,False
T002016,2025-03-12,19,HH081,DEV0118,18.4,100.0,17.05,85.7,1.7,False
T002017,2025-03-12,19,HH085,DEV0124,9.2,98.2,29.9,223.6,0.08,False
T002018,2025-03-12,14,HH088,DEV0129,23.8,100.0,35.13,237.2,0.42,False
T002019,2025-03-12,18,HH089,DEV0130,35.8,100.0,2.89,13.3,0.14,False
T002020,2025-03-12,17,HH090,DEV0132,17.2,100.0,48.11,207.4,1.38,False
T002021,2025-03-12,19,HH099,DEV0144,29.2,99.2,5.39,26.7,0.43,False
T002022,2025-03-12,14,HH101,DEV0147,24.3,99.7,2.71,12.7,0.15,False
T002023,2025-03-12,14,HH104,DEV0150,10.5,92.7,27.05,126.1,0.48,False
T002024,2025-03-12,16,HH109,DEV0157,23.3,98.5,4.66,24.9,0.61,False
T002025,2025-03-12,16,HH120,DEV0176,28.7,100.0,4.56,25.9,0.69,False
T002026,2025-03-12,17,HH121,DEV0177,32.2,100.0,3.86,16.6,1.3,False
T002027,2025-03-12,19,HH127,DEV0186,7.0,87.5,40.67,222.7,0.45,False
T002028,2025-03-12,16,HH132,DEV0192,25.5,100.0,3.72,21.7,1.03,False
T002029,2025-03-12,17,HH139,DEV0204,35.6,100.0,23.63,103.0,0.79,False
T002030,2025-03-13,19,HH007,DEV0009,39.4,100.0,15.03,91.5,0.8,False
T002031,2025-03-13,16,HH011,DEV0015,30.7,100.0,41.3,248.4,0.72,False
T002032,2025-03-13,16,HH013,DEV0018,14.6,100.0,6.41,32.4,2.47,False
T002033,2025-03-13,16,HH015,DEV0020,23.3,100.0,2.61,15.2,1.14,False
T002034,2025-03-13,19,HH017,DEV0022,36.6,100.0,14.14,68.1,0.92,False
T002035,2025-03-13,12,HH018,DEV0024,8.5,85.3,5.22,32.4,0.7,False
T002036,2025-03-13,15,HH022,DEV0030,13.4,94.0,3.63,17.9,0.67,False
T002037,2025-03-13,19,HH024,DEV0035,6.5,94.4,48.11,349.4,1.47,False
T002038,2025-03-13,19,HH026,DEV0038,12.9,93.3,40.22,173.2,0.39,False
T002039,2025-03-13,14,HH027,DEV0039,33.0,100.0,2.14,11.4,0.38,False
T002040,2025-03-13,19,HH030,DEV0044,37.1,100.0,2.2,15.5,0.12,False
T002041,2025-03-13,16,HH035,DEV0050,27.9,100.0,24.44,134.4,0.49,False
T002042,2025-03-13,16,HH036,DEV0051,17.5,99.3,4.91,28.8,0.72,False
T002043,2025-03-13,16,HH042,DEV0063,22.6,100.0,5.8,43.2,0.82,False
T002044,2025-03-13,17,HH043,DEV0065,21.0,97.6,3.22,15.3,0.96,False
T002045,2025-03-13,15,HH044,DEV0066,29.6,100.0,22.04,99.4,0.9,False
T002046,2025-03-13,17,HH045,DEV0067,7.1,97.5,46.48,229.7,1.71,False
T002047,2025-03-13,17,HH048,DEV0072,28.3,100.0,5.59,30.1,0.07,False
T002048,2025-03-13,17,HH050,DEV0074,31.2,100.0,3.16,14.4,0.44,False
T002049,2025-03-13,14,HH051,DEV0075,33.2,100.0,3.27,22.7,0.67,False
T002050,2025-03-13,14,HH052,DEV0077,22.6,99.3,3.91,28.7,0.45,False
T002051,2025-03-13,17,HH053,DEV0078,9.7,94.8,17.03,96.6,0.22,False
T002052,2025-03-13,16,HH062,DEV0092,37.1,100.0,20.57,88.3,1.06,False
T002053,2025-03-13,11,HH063,DEV0094,32.6,100.0,2.29,16.6,1.11,False
T002054,2025-03-13,13,HH068,DEV0100,22.9,100.0,33.46,148.4,1.04,False
T002055,2025-03-13,14,HH069,DEV0101,33.0,100.0,36.98,223.1,0.25,False
T002056,2025-03-13,18,HH071,DEV0103,24.3,100.0,4.77,26.4,0.7,False
T002057,2025-03-13,16,HH074,DEV0108,38.3,100.0,3.46,17.3,0.34,False
T002058,2025-03-13,15,HH076,DEV0110,24.4,100.0,27.06,172.5,1.11,False
T002059,2025-03-13,18,HH084,DEV0123,9.5,89.7,4.01,27.9,0.78,False
T002060,2025-03-13,14,HH085,DEV0124,20.8,100.0,26.61,153.4,0.09,False
T002061,2025-03-13,17,HH088,DEV0129,26.8,99.3,33.43,165.8,0.3,False
T002062,2025-03-13,19,HH089,DEV0130,25.0,98.5,3.31,18.6,0.16,False
T002063,2025-03-13,18,HH092,DEV0134,39.6,100.0,27.0,194.5,1.39,False
T002064,2025-03-13,19,HH093,DEV0135,34.5,100.0,2.82,13.8,0.95,False
T002065,2025-03-13,19,HH097,DEV0141,14.7,88.3,3.83,20.5,0.49,False
T002066,2025-03-13,13,HH098,DEV0142,38.0,100.0,34.1,152.3,0.65,False
T002067,2025-03-13,18,HH105,DEV0151,22.6,100.0,3.87,23.2,0.67,False
T002068,2025-03-13,15,HH112,DEV0163,7.2,82.5,25.38,161.1,0.56,False
T002069,2025-03-13,17,HH114,DEV0168,11.8,91.1,28.62,154.8,0.87,False
T002070,2025-03-13,12,HH118,DEV0173,38.7,100.0,2.82,16.6,0.61,False
T002071,2025-03-13,16,HH121,DEV0178,5.2,78.1,32.36,170.7,1.24,False
T002072,2025-03-13,10,HH123,DEV0180,5.9,84.0,16.32,79.7,0.41,False
T002073,2025-03-13,15,HH126,DEV0184,16.4,100.0,6.35,42.4,0.41,False
T002074,2025-03-13,19,HH127,DEV0186,37.4,100.0,31.61,228.1,0.42,False
T002075,2025-03-13,12,HH132,DEV0192,7.8,80.5,3.63,17.3,0.8,False
T002076,2025-03-13,15,HH133,DEV0194,21.7,99.8,44.76,242.0,0.2,False
T002077,2025-03-13,12,HH134,DEV0196,17.1,96.2,5.85,27.2,0.6,False
T002078,2025-03-13,15,HH138,DEV0203,34.2,100.0,22.44,135.6,0.3,False
T002079,2025-03-13,13,HH140,DEV0206,27.6,100.0,18.68,82.5,0.79,False
T002080,2025-03-14,17,HH004,DEV0005,12.0,91.6,5.73,40.9,0.21,False
T002081,2025-03-14,17,HH007,DEV0008,26.0,100.0,2.81,14.5,0.76,False
T002082,2025-03-14,16,HH009,DEV0013,35.6,100.0,3.61,23.0,0.27,False
T002083,2025-03-14,19,HH012,DEV0016,12.2,94.1,2.78,12.1,0.16,False
T002084,2025-03-14,19,HH014,DEV0019,32.9,100.0,3.02,16.7,0.53,False
T002085,2025-03-14,18,HH020,DEV0027,15.9,91.4,2.64,17.6,0.28,False
T002086,2025-03-14,19,HH025,DEV0036,24.3,100.0,4.39,32.8,0.61,False
T002087,2025-03-14,19,HH026,DEV0038,5.7,78.9,36.6,254.0,0.41,False
T002088,2025-03-14,14,HH029,DEV0041,15.4,99.1,5.86,30.8,0.53,False
T002089,2025-03-14,17,HH032,DEV0047,18.4,92.4,4.51,20.3,1.15,False
T002090,2025-03-14,13,HH044,DEV0066,18.6,100.0,25.48,137.8,0.65,False
T002091,2025-03-14,19,HH045,DEV0067,13.7,86.0,37.19,190.4,1.82,False
T002092,2025-03-14,16,HH046,DEV0068,36.1,100.0,30.03,164.5,0.22,False
T002093,2025-03-14,17,HH047,DEV0069,38.8,100.0,31.52,172.5,0.26,False
T002094,2025-03-14,17,HH049,DEV0073,9.0,87.8,3.31,18.8,0.11,False
T002095,2025-03-14,15,HH054,DEV0079,19.8,96.5,3.61,20.5,0.91,False
T002096,2025-03-14,19,HH060,DEV0089,11.8,88.3,20.29,87.8,1.13,False
T002097,2025-03-14,13,HH061,DEV0090,12.1,89.6,5.89,25.6,0.93,False
T002098,2025-03-14,15,HH062,DEV0092,13.3,91.6,25.61,133.0,0.8,False
T002099,2025-03-14,15,HH070,DEV0102,22.6,94.4,2.37,13.9,0.35,False
T002100,2025-03-14,19,HH071,DEV0103,23.7,100.0,4.81,22.6,0.7,False
T002101,2025-03-14,13,HH072,DEV0104,23.1,100.0,22.53,124.6,0.17,False
T002102,2025-03-14,16,HH081,DEV0117,20.8,100.0,19.01,87.8,1.49,False
T002103,2025-03-14,16,HH086,DEV0126,33.6,100.0,20.65,139.5,0.41,False
T002104,2025-03-14,19,HH088,DEV0129,11.7,87.7,35.03,239.8,0.42,False
T002105,2025-03-14,19,HH089,DEV0130,30.0,100.0,3.15,20.0,0.18,False
T002106,2025-03-14,12,HH090,DEV0132,6.4,84.7,45.5,303.7,1.08,False
T002107,2025-03-14,14,HH097,DEV0141,5.3,90.3,4.42,20.9,0.43,False
T002108,2025-03-14,15,HH098,DEV0143,39.4,100.0,3.45,24.5,0.77,False
T002109,2025-03-14,19,HH103,DEV0149,30.0,100.0,3.01,13.7,2.88,False
T002110,2025-03-14,17,HH115,DEV0169,27.0,100.0,29.49,193.6,0.85,False
T002111,2025-03-14,15,HH116,DEV0170,8.5,80.7,24.34,110.4,1.08,False
T002112,2025-03-14,19,HH121,DEV0177,33.8,100.0,3.77,22.8,1.12,False
T002113,2025-03-14,19,HH124,DEV0181,22.4,93.4,31.52,168.1,0.99,False
T002114,2025-03-14,18,HH125,DEV0183,31.4,100.0,3.7,18.7,0.48,False
T002115,2025-03-14,19,HH129,DEV0188,37.3,100.0,3.7,18.0,0.74,False
T002116,2025-03-15,18,HH019,DEV0026,36.1,100.0,21.47,95.6,0.43,False
T002117,2025-03-15,12,HH021,DEV0029,6.6,91.7,3.4,18.4,0.68,False
T002118,2025-03-15,14,HH022,DEV0030,27.4,100.0,3.27,17.3,0.57,False
T002119,2025-03-15,18,HH028,DEV0040,26.2,100.0,28.49,186.1,0.48,False
T002120,2025-03-15,11,HH031,DEV0045,13.4,100.0,44.08,243.7,0.52,False
T002121,2025-03-15,16,HH035,DEV0050,20.0,100.0,27.12,145.3,0.44,False
T002122,2025-03-15,16,HH036,DEV0052,22.6,100.0,5.73,28.7,0.87,False
T002123,2025-03-15,18,HH040,DEV0059,8.5,88.9,2.49,14.7,0.57,False
T002124,2025-03-15,10,HH050,DEV0074,5.3,91.9,3.98,24.7,0.68,False
T002125,2025-03-15,18,HH051,DEV0075,22.1,100.0,3.82,16.7,0.51,False
T002126,2025-03-15,16,HH061,DEV0091,36.4,100.0,3.82,19.6,0.98,False
T002127,2025-03-15,11,HH069,DEV0101,11.8,96.1,46.56,225.3,0.21,False
T002128,2025-03-15,13,HH073,DEV0105,29.5,100.0,4.3,20.2,0.88,False
T002129,2025-03-15,11,HH074,DEV0107,19.0,93.2,37.31,166.6,0.42,False
T002130,2025-03-15,19,HH078,DEV0113,22.6,99.6,4.08,23.3,1.02,False
T002131,2025-03-15,19,HH080,DEV0116,17.0,100.0,6.22,31.7,0.95,False
T002132,2025-03-15,15,HH083,DEV0122,22.4,100.0,30.03,146.8,0.57,False
T002133,2025-03-15,12,HH085,DEV0124,15.2,92.8,26.08,183.5,0.11,False
T002134,2025-03-15,19,HH087,DEV0128,17.6,87.5,2.24,13.6,0.85,False
T002135,2025-03-15,14,HH088,DEV0129,20.2,100.0,36.79,173.3,0.36,False
T002136,2025-03-15,16,HH091,DEV0133,11.5,96.9,3.84,26.1,0.45,False
T002137,2025-03-15,16,HH092,DEV0134,23.2,100.0,34.33,167.1,1.31,False
T002138,2025-03-15,17,HH096,DEV0140,29.1,100.0,5.1,37.6,0.2,False
T002139,2025-03-15,15,HH098,DEV0143,22.6,97.2,4.25,20.2,0.7,False
T002140,2025-03-15,15,HH099,DEV0144,20.5,100.0,6.12,26.3,0.38,False
T002141,2025-03-15,12,HH108,DEV0155,11.2,82.7,32.1,144.5,0.77,False
T002142,2025-03-15,17,HH109,DEV0156,38.5,100.0,4.67,21.9,0.57,False
T002143,2025-03-15,19,HH116,DEV0170,35.0,100.0,21.9,104.9,1.13,False
T002144,2025-03-15,15,HH119,DEV0174,16.0,95.4,23.75,109.8,0.58,False
T002145,2025-03-15,17,HH126,DEV0184,27.9,100.0,5.48,38.8,0.36,False
T002146,2025-03-15,18,HH128,DEV0187,25.7,100.0,3.12,15.7,0.17,False
T002147,2025-03-15,16,HH131,DEV0190,31.0,100.0,3.24,14.2,0.67,False
T002148,2025-03-15,15,HH132,DEV0191,15.5,98.5,21.17,91.2,0.78,False
T002149,2025-03-15,18,HH133,DEV0195,16.7,97.8,18.48,88.2,0.21,False
T002150,2025-03-15,16,HH136,DEV0199,15.2,90.9,34.89,231.2,0.53,False
T002151,2025-03-16,19,HH010,DEV0014,23.1,100.0,45.83,293.7,0.56,False
T002152,2025-03-16,17,HH012,DEV0016,33.7,100.0,2.25,12.7,0.18,False
T002153,2025-03-16,17,HH013,DEV0017,20.3,100.0,4.22,24.1,2.3,False
T002154,2025-03-16,11,HH015,DEV0020,29.8,100.0,2.39,11.1,1.08,False
T002155,2025-03-16,14,HH017,DEV0022,33.5,100.0,14.83,74.4,0.82,False
T002156,2025-03-16,15,HH018,DEV0024,7.3,90.5,5.66,26.4,0.57,False
T002157,2025-03-16,18,HH021,DEV0028,13.5,100.0,23.44,165.7,0.68,False
T002158,2025-03-16,14,HH026,DEV0038,28.3,100.0,35.85,160.5,0.35,False
T002159,2025-03-16,17,HH028,DEV0040,14.8,90.6,29.27,158.1,0.45,False
T002160,2025-03-16,19,HH029,DEV0043,17.5,95.9,41.49,201.6,0.66,False
T002161,2025-03-16,14,HH032,DEV0047,8.1,90.8,5.05,23.7,1.09,False
T002162,2025-03-16,12,HH035,DEV0050,11.9,82.4,23.9,102.5,0.47,False
T002163,2025-03-16,16,HH037,DEV0053,31.9,100.0,3.2,17.9,0.7,False
T002164,2025-03-16,16,HH043,DEV0064,35.9,100.0,29.55,205.7,0.74,False
T002165,2025-03-16,19,HH044,DEV0066,13.2,93.2,25.04,118.0,0.86,False
T002166,2025-03-16,19,HH046,DEV0068,37.6,100.0,29.33,149.3,0.25,False
T002167,2025-03-16,14,HH048,DEV0072,7.8,94.2,6.74,39.9,0.08,False
T002168,2025-03-16,15,HH050,DEV0074,32.9,100.0,3.09,17.8,0.56,False
T002169,2025-03-16,19,HH051,DEV0075,15.9,94.2,3.84,27.2,0.73,False
T002170,2025-03-16,15,HH052,DEV0076,7.6,81.3,3.32,21.2,0.52,False
T002171,2025-03-16,19,HH067,DEV0099,23.2,100.0,6.14,29.5,1.26,False
T002172,2025-03-16,14,HH069,DEV0101,5.6,79.0,40.53,193.1,0.35,False
T002173,2025-03-16,15,HH071,DEV0103,18.1,100.0,5.16,25.2,0.75,False
T002174,2025-03-16,15,HH073,DEV0106,37.1,100.0,4.03,29.9,0.87,False
T002175,2025-03-16,18,HH079,DEV0115,7.0,95.6,43.6,302.4,0.74,False
T002176,2025-03-16,19,HH085,DEV0124,20.5,93.2,24.43,121.1,0.11,False
T002177,2025-03-16,19,HH089,DEV0130,9.0,92.3,3.75,28.1,0.19,False
T002178,2025-03-16,19,HH095,DEV0138,29.1,100.0,20.06,105.3,0.9,False
T002179,2025-03-16,15,HH097,DEV0141,13.3,98.2,4.41,20.4,0.43,False
T002180,2025-03-16,19,HH101,DEV0147,37.9,100.0,2.24,16.3,0.12,False
T002181,2025-03-16,15,HH103,DEV0149,32.2,100.0,2.92,13.5,2.59,False
T002182,2025-03-16,19,HH105,DEV0151,26.5,100.0,3.68,21.2,0.6,False
T002183,2025-03-16,17,HH106,DEV0152,21.2,100.0,41.53,178.4,0.33,False
T002184,2025-03-16,19,HH108,DEV0155,34.0,100.0,29.63,151.8,0.56,False
T002185,2025-03-16,16,HH109,DEV0156,19.5,98.2,5.98,42.6,0.73,False
T002186,2025-03-16,18,HH119,DEV0174,28.0,100.0,21.53,95.6,0.5,False
T002187,2025-03-16,14,HH123,DEV0180,6.2,85.0,16.47,82.4,0.44,False
T002188,2025-03-16,18,HH126,DEV0184,28.4,100.0,5.44,24.1,0.49,False
T002189,2025-03-16,19,HH139,DEV0204,32.1,100.0,24.92,107.0,0.79,False
T002190,2025-03-17,13,HH004,DEV0005,17.7,98.7,5.83,25.5,0.2,False
T002191,2025-03-17,15,HH005,DEV0006,29.1,100.0,2.77,13.6,0.58,False
T002192,2025-03-17,14,HH007,DEV0009,32.8,100.0,16.67,98.7,0.6,False
T002193,2025-03-17,16,HH009,DEV0013,6.2,93.1,4.87,22.9,0.21,False
T002194,2025-03-17,15,HH014,DEV0019,33.7,100.0,2.98,17.9,0.43,False
T002195,2025-03-17,15,HH019,DEV0026,23.1,100.0,25.84,155.4,0.45,False
T002196,2025-03-17,14,HH021,DEV0029,27.7,100.0,2.89,21.4,0.75,False
T002197,2025-03-17,14,HH026,DEV0038,37.1,100.0,31.45,138.8,0.26,False
T002198,2025-03-17,15,HH027,DEV0039,9.5,100.0,2.9,18.5,0.34,False
T002199,2025-03-17,18,HH030,DEV0044,19.7,100.0,2.81,17.3,0.15,False
T002200,2025-03-17,16,HH033,DEV0048,33.8,100.0,4.24,25.7,0.39,False
T002201,2025-03-17,17,HH036,DEV0051,20.1,97.6,4.65,21.1,0.78,False
T002202,2025-03-17,19,HH037,DEV0053,10.5,94.8,3.96,19.9,0.87,False
T002203,2025-03-17,15,HH039,DEV0056,23.2,98.6,33.04,156.4,1.43,False
T002204,2025-03-17,15,HH047,DEV0069,22.0,100.0,40.17,182.2,0.21,False
T002205,2025-03-17,19,HH049,DEV0073,20.1,91.3,2.99,21.4,0.11,False
T002206,2025-03-17,19,HH051,DEV0075,17.8,100.0,4.03,22.1,0.47,False
T002207,2025-03-17,17,HH053,DEV0078,11.2,85.5,14.87,106.8,0.25,False
T002208,2025-03-17,18,HH054,DEV0079,19.2,98.2,3.71,18.2,0.76,False
T002209,2025-03-17,19,HH057,DEV0085,24.7,100.0,5.72,37.4,1.03,False
T002210,2025-03-17,17,HH060,DEV0089,36.5,100.0,16.83,73.4,0.91,False
T002211,2025-03-17,16,HH061,DEV0090,16.2,100.0,6.37,44.5,0.87,False
T002212,2025-03-17,17,HH062,DEV0092,32.9,100.0,21.94,125.1,0.95,False
T002213,2025-03-17,12,HH067,DEV0099,29.5,100.0,5.64,41.8,1.19,False
T002214,2025-03-17,19,HH071,DEV0103,11.6,84.4,4.58,29.0,0.64,False
T002215,2025-03-17,16,HH072,DEV0104,39.9,100.0,17.61,85.7,0.18,False
T002216,2025-03-17,14,HH074,DEV0108,15.6,91.3,4.24,23.3,0.31,False
T002217,2025-03-17,18,HH075,DEV0109,29.1,100.0,28.93,205.7,0.52,False
T002218,2025-03-17,19,HH082,DEV0120,18.2,100.0,3.76,18.0,0.91,False
T002219,2025-03-17,17,HH083,DEV0122,12.6,92.9,31.08,199.0,0.59,False
T002220,2025-03-17,18,HH084,DEV0123,7.8,81.8,3.7,20.2,0.89,False
T002221,2025-03-17,12,HH085,DEV0124,12.9,86.2,24.61,150.9,0.12,False
T002222,2025-03-17,18,HH087,DEV0128,20.1,93.9,2.36,12.7,0.77,False
T002223,2025-03-17,16,HH091,DEV0133,19.5,97.2,3.5,18.4,0.54,False
T002224,2025-03-17,19,HH094,DEV0137,31.5,100.0,3.36,17.4,0.34,False
T002225,2025-03-17,16,HH096,DEV0140,23.7,95.3,5.15,36.9,0.26,False
T002226,2025-03-17,18,HH098,DEV0142,39.1,100.0,33.49,150.6,0.87,False
T002227,2025-03-17,19,HH101,DEV0147,25.1,100.0,2.7,11.6,0.14,False
T002228,2025-03-17,19,HH104,DEV0150,27.5,100.0,23.85,124.6,0.42,False
T002229,2025-03-17,13,HH112,DEV0163,30.6,100.0,23.39,100.9,0.43,False
T002230,2025-03-17,17,HH119,DEV0175,21.5,100.0,19.78,92.7,0.47,False
T002231,2025-03-17,19,HH121,DEV0177,16.2,100.0,4.78,26.8,1.17,False
T002232,2025-03-17,19,HH128,DEV0187,32.2,100.0,2.85,16.1,0.17,False
T002233,2025-03-17,18,HH133,DEV0193,28.2,100.0,2.73,18.7,0.19,False
T002234,2025-03-17,16,HH138,DEV0203,15.7,100.0,28.75,175.6,0.27,False
T002235,2025-03-17,19,HH139,DEV0204,25.2,100.0,27.45,196.0,0.67,False
T002236,2025-03-18,18,HH005,DEV0006,17.9,91.6,2.88,12.8,0.5,False
T002237,2025-03-18,19,HH006,DEV0007,37.9,100.0,12.79,57.8,1.33,False
T002238,2025-03-18,15,HH010,DEV0014,13.1,91.5,46.75,219.1,0.69,False
T002239,2025-03-18,17,HH011,DEV0015,9.3,93.2,50.01,245.1,0.65,False
T002240,2025-03-18,18,HH018,DEV0025,23.5,100.0,30.75,161.2,0.53,False
T002241,2025-03-18,19,HH019,DEV0026,8.2,92.6,28.36,182.2,0.5,False
T002242,2025-03-18,18,HH020,DEV0027,31.4,100.0,2.4,15.9,0.21,False
T002243,2025-03-18,16,HH028,DEV0040,30.4,100.0,26.87,193.6,0.55,False
T002244,2025-03-18,15,HH029,DEV0043,10.4,91.1,42.7,288.6,0.45,False
T002245,2025-03-18,18,HH032,DEV0047,8.9,95.8,5.3,26.3,1.1,False
T002246,2025-03-18,17,HH033,DEV0048,15.3,100.0,5.42,27.8,0.34,False
T002247,2025-03-18,15,HH034,DEV0049,33.3,100.0,5.0,28.4,0.4,False
T002248,2025-03-18,16,HH037,DEV0053,28.7,100.0,3.35,24.2,0.91,False
T002249,2025-03-18,16,HH045,DEV0067,28.1,100.0,36.96,206.7,1.38,False
T002250,2025-03-18,17,HH046,DEV0068,25.9,100.0,34.83,188.6,0.19,False
T002251,2025-03-18,15,HH048,DEV0071,39.3,100.0,24.58,112.0,0.08,False
T002252,2025-03-18,19,HH049,DEV0073,29.5,100.0,2.96,20.9,0.12,False
T002253,2025-03-18,18,HH051,DEV0075,27.0,99.6,3.56,16.5,0.57,False
T002254,2025-03-18,19,HH052,DEV0076,7.0,91.5,3.8,24.7,0.44,False
T002255,2025-03-18,17,HH056,DEV0083,23.8,100.0,16.69,96.1,0.67,False
T002256,2025-03-18,16,HH057,DEV0084,16.8,92.3,2.42,12.4,0.78,False
T002257,2025-03-18,14,HH062,DEV0092,13.6,93.4,26.09,158.0,0.9,False
T002258,2025-03-18,11,HH068,DEV0100,30.5,100.0,30.16,165.4,1.04,False
T002259,2025-03-18,13,HH069,DEV0101,29.0,100.0,39.19,207.0,0.29,False
T002260,2025-03-18,19,HH070,DEV0102,27.8,100.0,2.38,10.4,0.41,False
T002261,2025-03-18,18,HH071,DEV0103,36.3,100.0,4.01,26.2,0.64,False
T002262,2025-03-18,19,HH074,DEV0107,5.8,80.2,37.43,258.0,0.35,False
T002263,2025-03-18,18,HH075,DEV0109,12.6,84.4,29.29,135.6,0.51,False
T002264,2025-03-18,18,HH076,DEV0110,6.9,82.8,27.16,158.4,1.12,False
T002265,2025-03-18,14,HH080,DEV0116,33.8,100.0,4.96,25.9,1.11,False
T002266,2025-03-18,19,HH081,DEV0117,25.7,100.0,17.83,78.4,1.49,False
T002267,2025-03-18,11,HH082,DEV0119,23.6,100.0,5.04,23.6,0.83,False
T002268,2025-03-18,17,HH091,DEV0133,28.1,100.0,3.24,19.2,0.46,False
T002269,2025-03-18,18,HH093,DEV0135,28.3,100.0,3.08,13.2,0.72,False
T002270,2025-03-18,16,HH101,DEV0147,35.1,100.0,2.34,15.6,0.13,False
T002271,2025-03-18,15,HH106,DEV0152,5.8,89.2,43.97,245.8,0.34,False
T002272,2025-03-18,18,HH107,DEV0153,17.7,100.0,3.13,19.6,0.55,False
T002273,2025-03-18,19,HH109,DEV0157,26.5,100.0,4.56,26.5,0.74,False
T002274,2025-03-18,17,HH113,DEV0164,16.2,100.0,18.1,97.7,0.43,False
T002275,2025-03-18,18,HH114,DEV0167,39.2,100.0,4.68,21.3,0.76,False
T002276,2025-03-18,15,HH115,DEV0169,37.8,100.0,25.13,129.7,0.82,False
T002277,2025-03-18,15,HH118,DEV0172,22.1,100.0,36.22,168.1,0.61,False
T002278,2025-03-18,14,HH119,DEV0174,35.1,100.0,19.41,86.5,0.42,False
T002279,2025-03-18,12,HH127,DEV0185,17.4,92.3,44.28,293.9,0.35,False
T002280,2025-03-18,17,HH132,DEV0192,29.8,100.0,3.51,15.3,0.85,False
T002281,2025-03-18,19,HH135,DEV0198,36.3,100.0,3.69,19.2,0.36,False
T002282,2025-03-18,11,HH136,DEV0199,6.8,85.4,36.25,271.5,0.51,False
T002283,2025-03-18,16,HH138,DEV0203,17.1,100.0,28.27,188.7,0.31,False
T002284,2025-03-18,14,HH139,DEV0205,30.9,100.0,4.63,29.0,0.58,False
T002285,2025-03-19,18,HH005,DEV0006,23.0,100.0,3.0,20.2,0.49,False
T002286,2025-03-19,17,HH007,DEV0009,34.2,100.0,16.32,80.4,0.62,False
T002287,2025-03-19,17,HH009,DEV0013,21.2,100.0,4.41,23.2,0.26,False
T002288,2025-03-19,18,HH015,DEV0020,21.4,92.9,2.43,13.2,1.15,False
T002289,2025-03-19,16,HH016,DEV0021,18.0,100.0,37.31,170.3,0.51,False
T002290,2025-03-19,17,HH019,DEV0026,15.4,98.5,27.92,125.3,0.41,False
T002291,2025-03-19,19,HH024,DEV0035,17.4,100.0,45.18,211.6,1.26,False
T002292,2025-03-19,12,HH033,DEV0048,23.9,100.0,4.87,26.6,0.36,False
T002293,2025-03-19,18,HH036,DEV0052,31.5,100.0,5.07,27.0,0.83,False
T002294,2025-03-19,19,HH037,DEV0053,18.4,100.0,3.84,22.3,0.95,False
T002295,2025-03-19,15,HH038,DEV0055,22.2,100.0,2.88,17.6,0.75,False
T002296,2025-03-19,18,HH041,DEV0060,17.5,88.8,3.64,17.8,0.29,False
T002297,2025-03-19,16,HH044,DEV0066,18.9,97.2,24.52,133.5,0.88,False
T002298,2025-03-19,14,HH049,DEV0073,10.5,92.5,3.45,18.0,0.12,False
T002299,2025-03-19,17,HH052,DEV0077,17.8,94.3,3.9,22.3,0.45,False
T002300,2025-03-19,17,HH060,DEV0088,15.8,100.0,6.15,27.7,0.99,False
T002301,2025-03-19,16,HH062,DEV0092,13.6,93.9,26.26,132.7,0.83,False
T002302,2025-03-19,14,HH063,DEV0094,11.1,90.7,2.71,18.0,1.0,False
T002303,2025-03-19,19,HH066,DEV0098,33.8,100.0,4.3,27.5,0.79,False
T002304,2025-03-19,16,HH067,DEV0099,29.4,100.0,5.65,35.6,0.99,False
T002305,2025-03-19,19,HH069,DEV0101,31.0,100.0,38.09,266.9,0.31,False
T002306,2025-03-19,11,HH070,DEV0102,13.3,98.8,2.82,17.0,0.35,False
T002307,2025-03-19,13,HH072,DEV0104,12.7,87.7,21.98,144.7,0.15,False
T002308,2025-03-19,19,HH073,DEV0106,5.4,91.2,5.49,28.6,0.78,False
T002309,2025-03-19,19,HH078,DEV0114,27.9,100.0,25.38,109.9,0.94,False
T002310,2025-03-19,19,HH085,DEV0124,33.8,100.0,22.24,136.6,0.11,False
T002311,2025-03-19,19,HH086,DEV0126,35.7,100.0,20.0,86.8,0.45,False
T002312,2025-03-19,19,HH092,DEV0134,29.4,100.0,31.56,144.3,1.32,False
T002313,2025-03-19,16,HH094,DEV0136,27.4,100.0,35.86,264.3,0.37,False
T002314,2025-03-19,17,HH095,DEV0138,22.0,99.4,21.92,99.5,0.71,False
T002315,2025-03-19,13,HH097,DEV0141,37.5,100.0,3.25,17.1,0.52,False
T002316,2025-03-19,17,HH098,DEV0142,29.9,100.0,38.56,195.2,0.94,False
T002317,2025-03-19,17,HH101,DEV0147,36.4,100.0,2.29,10.1,0.13,False
T002318,2025-03-19,18,HH104,DEV0150,29.2,100.0,23.29,150.0,0.36,False
T002319,2025-03-19,18,HH107,DEV0154,6.7,92.5,2.83,12.8,0.43,False
T002320,2025-03-19,15,HH108,DEV0155,27.1,100.0,32.73,167.8,0.73,False
T002321,2025-03-19,16,HH110,DEV0159,18.9,93.7,2.69,12.4,1.35,False
T002322,2025-03-19,16,HH112,DEV0163,33.1,100.0,22.55,122.2,0.38,False
T002323,2025-03-19,10,HH113,DEV0164,13.9,99.7,18.53,108.7,0.51,False
T002324,2025-03-19,19,HH118,DEV0172,37.5,100.0,29.06,128.4,0.65,False
T002325,2025-03-19,19,HH119,DEV0174,20.5,100.0,23.77,133.2,0.41,False
T002326,2025-03-19,16,HH120,DEV0176,6.0,83.2,4.94,34.2,0.51,False
T002327,2025-03-19,16,HH121,DEV0177,13.7,100.0,4.92,26.8,1.15,False
T002328,2025-03-19,19,HH122,DEV0179,7.5,96.2,29.1,167.7,0.6,False
T002329,2025-03-19,17,HH123,DEV0180,24.9,100.0,15.7,94.1,0.44,False
T002330,2025-03-19,17,HH126,DEV0184,18.9,95.8,5.84,35.4,0.41,False
T002331,2025-03-19,15,HH128,DEV0187,31.7,100.0,2.87,18.1,0.18,False
T002332,2025-03-19,14,HH134,DEV0196,12.2,95.7,6.18,41.5,0.5,False
T002333,2025-03-19,16,HH135,DEV0198,37.2,100.0,3.64,25.1,0.34,False
T002334,2025-03-19,17,HH139,DEV0204,18.4,100.0,29.95,173.3,0.55,False
T002335,2025-03-19,15,HH140,DEV0206,29.1,100.0,18.29,83.2,0.6,False
T002336,2025-03-20,15,HH005,DEV0006,39.1,100.0,2.38,12.8,0.62,False
T002337,2025-03-20,14,HH006,DEV0007,32.8,100.0,13.84,68.3,1.46,False
T002338,2025-03-20,17,HH007,DEV0008,13.9,100.0,3.27,17.8,0.69,False
T002339,2025-03-20,16,HH010,DEV0014,6.1,84.0,46.42,208.4,0.61,False
T002340,2025-03-20,18,HH014,DEV0019,19.9,100.0,3.6,21.1,0.39,False
T002341,2025-03-20,18,HH020,DEV0027,24.7,100.0,2.64,11.7,0.24,False
T002342,2025-03-20,15,HH021,DEV0029,14.7,100.0,3.41,20.8,0.61,False
T002343,2025-03-20,12,HH024,DEV0034,38.4,100.0,36.04,248.1,1.34,False
T002344,2025-03-20,15,HH025,DEV0037,18.5,100.0,47.92,316.6,0.66,False
T002345,2025-03-20,17,HH027,DEV0039,33.5,100.0,2.13,9.2,0.24,False
T002346,2025-03-20,16,HH030,DEV0044,13.2,99.6,3.02,20.2,0.11,False
T002347,2025-03-20,18,HH032,DEV0047,7.5,79.9,4.42,19.6,0.91,False
T002348,2025-03-20,19,HH035,DEV0050,28.9,100.0,24.1,109.5,0.43,False
T002349,2025-03-20,18,HH039,DEV0056,15.5,98.2,36.24,194.9,1.27,False
T002350,2025-03-20,17,HH042,DEV0061,28.3,100.0,29.83,136.4,0.65,False
T002351,2025-03-20,17,HH043,DEV0065,20.6,94.5,3.1,18.4,0.73,False
T002352,2025-03-20,14,HH044,DEV0066,25.7,100.0,23.26,174.0,0.68,False
T002353,2025-03-20,14,HH046,DEV0068,14.2,100.0,40.33,285.5,0.18,False
T002354,2025-03-20,14,HH049,DEV0073,28.7,99.6,2.98,14.2,0.09,False
T002355,2025-03-20,14,HH051,DEV0075,36.4,100.0,3.12,19.9,0.59,False
T002356,2025-03-20,15,HH052,DEV0077,36.2,100.0,3.25,18.9,0.47,False
T002357,2025-03-20,16,HH054,DEV0079,28.8,100.0,3.35,16.1,0.69,False
T002358,2025-03-20,16,HH056,DEV0083,16.9,94.3,16.94,94.2,0.74,False
T002359,2025-03-20,19,HH060,DEV0088,5.0,83.6,5.74,26.0,1.06,False
T002360,2025-03-20,18,HH061,DEV0091,10.0,95.8,5.15,25.3,0.88,False
T002361,2025-03-20,15,HH065,DEV0096,31.2,100.0,34.06,187.3,2.41,False
T002362,2025-03-20,15,HH066,DEV0098,13.7,91.5,5.06,26.0,0.9,False
T002363,2025-03-20,19,HH070,DEV0102,8.6,92.7,2.77,18.3,0.37,False
T002364,2025-03-20,16,HH078,DEV0113,21.5,99.7,4.14,19.7,0.9,False
T002365,2025-03-20,16,HH081,DEV0118,36.7,100.0,13.23,64.9,1.48,False
T002366,2025-03-20,16,HH083,DEV0122,24.7,100.0,29.14,196.6,0.37,False
T002367,2025-03-20,14,HH087,DEV0128,24.3,98.9,2.39,12.3,0.78,False
T002368,2025-03-20,17,HH090,DEV0131,28.7,100.0,40.0,212.8,0.98,False
T002369,2025-03-20,13,HH092,DEV0134,21.2,100.0,35.22,162.0,1.07,False
T002370,2025-03-20,19,HH094,DEV0136,5.7,85.6,39.48,203.8,0.35,False
T002371,2025-03-20,19,HH096,DEV0140,13.4,86.9,5.3,24.6,0.25,False
T002372,2025-03-20,18,HH097,DEV0141,13.6,88.5,3.9,28.9,0.54,False
T002373,2025-03-20,15,HH099,DEV0144,19.3,100.0,6.21,43.8,0.29,False
T002374,2025-03-20,12,HH100,DEV0145,10.0,89.2,32.22,141.4,0.77,False
T002375,2025-03-20,18,HH101,DEV0147,30.3,100.0,2.51,13.1,0.13,False
T002376,2025-03-20,18,HH103,DEV0149,16.5,100.0,3.59,18.0,2.4,False
T002377,2025-03-20,16,HH107,DEV0154,7.6,89.8,2.71,12.9,0.48,False
T002378,2025-03-20,19,HH108,DEV0155,9.8,97.4,39.32,188.9,0.62,False
T002379,2025-03-20,11,HH109,DEV0157,22.4,100.0,4.81,25.0,0.49,False
T002380,2025-03-20,17,HH110,DEV0159,23.2,100.0,2.76,12.0,1.25,False
T002381,2025-03-20,15,HH113,DEV0164,6.2,82.1,16.39,78.2,0.53,False
T002382,2025-03-20,16,HH114,DEV0168,15.1,100.0,30.65,165.8,0.79,False
T002383,2025-03-20,14,HH115,DEV0169,34.9,100.0,26.3,113.0,0.64,False
T002384,2025-03-20,19,HH117,DEV0171,9.3,100.0,3.27,17.7,1.47,False
T002385,2025-03-20,16,HH123,DEV0180,31.4,100.0,14.34,87.7,0.47,False
T002386,2025-03-20,15,HH132,DEV0191,36.4,100.0,16.22,74.4,0.72,False
T002387,2025-03-20,17,HH134,DEV0196,36.1,100.0,4.73,24.9,0.47,False
T002388,2025-03-21,17,HH004,DEV0005,30.7,100.0,4.99,31.7,0.28,False
T002389,2025-03-21,19,HH018,DEV0025,9.8,90.6,32.48,175.4,0.78,False
T002390,2025-03-21,19,HH022,DEV0031,18.0,100.0,16.65,75.8,0.56,False
T002391,2025-03-21,11,HH023,DEV0032,10.9,91.6,47.83,274.1,0.41,False
T002392,2025-03-21,15,HH024,DEV0034,11.6,99.5,51.4,324.1,1.14,False
T002393,2025-03-21,19,HH026,DEV0038,15.1,100.0,42.45,191.7,0.3,False
T002394,2025-03-21,17,HH028,DEV0040,6.7,83.9,29.8,139.7,0.41,False
T002395,2025-03-21,15,HH030,DEV0044,23.3,100.0,2.68,17.3,0.11,False
T002396,2025-03-21,17,HH033,DEV0048,31.7,100.0,4.37,23.5,0.33,False
T002397,2025-03-21,14,HH039,DEV0058,20.9,97.6,3.68,21.2,1.19,False
T002398,2025-03-21,17,HH040,DEV0059,21.3,100.0,2.44,10.9,0.54,False
T002399,2025-03-21,13,HH042,DEV0063,15.5,99.6,6.3,44.7,0.62,False
T002400,2025-03-21,14,HH043,DEV0065,18.3,93.8,3.17,15.6,0.76,False
T002401,2025-03-21,13,HH045,DEV0067,8.6,97.2,45.53,266.3,1.26,False
T002402,2025-03-21,16,HH047,DEV0070,11.9,93.6,19.69,99.6,0.22,False
T002403,2025-03-21,15,HH048,DEV0071,19.5,100.0,32.6,205.1,0.1,False
T002404,2025-03-21,19,HH049,DEV0073,23.0,100.0,3.23,20.7,0.1,False
T002405,2025-03-21,19,HH054,DEV0079,38.6,100.0,2.89,21.3,0.78,False
T002406,2025-03-21,16,HH056,DEV0083,24.9,100.0,16.45,116.4,0.8,False
T002407,2025-03-21,18,HH059,DEV0087,22.5,99.6,4.47,23.7,0.33,False
T002408,2025-03-21,19,HH060,DEV0089,30.2,100.0,18.5,105.0,0.78,False
T002409,2025-03-21,13,HH062,DEV0092,30.4,100.0,22.76,106.2,0.81,False
T002410,2025-03-21,14,HH066,DEV0098,26.0,100.0,4.81,23.4,0.9,False
T002411,2025-03-21,19,HH068,DEV0100,7.6,88.2,34.99,200.0,0.84,False
T002412,2025-03-21,15,HH069,DEV0101,36.5,100.0,35.05,218.6,0.19,False
T002413,2025-03-21,16,HH072,DEV0104,20.4,100.0,23.32,131.0,0.14,False
T002414,2025-03-21,13,HH073,DEV0105,7.1,85.9,4.81,35.0,0.64,False
T002415,2025-03-21,17,HH080,DEV0116,15.9,100.0,6.31,37.3,1.05,False
T002416,2025-03-21,16,HH081,DEV0117,5.5,81.9,18.34,87.9,1.26,False
T002417,2025-03-21,17,HH082,DEV0119,7.3,86.7,5.24,27.5,1.0,False
T002418,2025-03-21,15,HH083,DEV0122,31.9,100.0,26.35,154.3,0.44,False
T002419,2025-03-21,19,HH091,DEV0133,34.5,100.0,2.95,13.3,0.68,False
T002420,2025-03-21,19,HH092,DEV0134,9.1,91.4,36.8,159.1,1.04,False
T002421,2025-03-21,12,HH094,DEV0136,37.7,100.0,30.78,140.3,0.24,False
T002422,2025-03-21,15,HH096,DEV0140,5.4,88.0,5.95,36.4,0.19,False
T002423,2025-03-21,16,HH101,DEV0147,19.2,100.0,2.91,14.9,0.1,False
T002424,2025-03-21,18,HH105,DEV0151,34.2,100.0,3.29,18.4,0.58,False
T002425,2025-03-21,17,HH106,DEV0152,25.8,100.0,39.1,197.8,0.31,False
T002426,2025-03-21,14,HH109,DEV0156,14.8,95.7,6.15,42.9,0.56,False
T002427,2025-03-21,19,HH114,DEV0167,21.4,93.2,5.53,33.8,0.9,False
T002428,2025-03-21,15,HH122,DEV0179,13.5,83.0,22.81,165.3,0.64,False
T002429,2025-03-21,16,HH123,DEV0180,8.0,77.8,14.6,87.0,0.47,False
T002430,2025-03-21,16,HH126,DEV0184,18.1,97.5,6.04,29.7,0.44,False
T002431,2025-03-21,17,HH128,DEV0187,36.1,100.0,2.68,11.9,0.15,False
T002432,2025-03-21,15,HH131,DEV0190,10.7,91.4,3.79,27.8,0.62,False
T002433,2025-03-21,17,HH132,DEV0191,25.8,97.0,18.16,106.2,0.87,False
T002434,2025-03-21,17,HH139,DEV0204,35.1,100.0,23.82,127.9,0.56,False
T002435,2025-03-21,17,HH140,DEV0206,28.5,100.0,18.45,82.7,0.61,False
T002436,2025-03-22,16,HH004,DEV0005,36.1,100.0,4.6,20.2,0.28,False
T002437,2025-03-22,17,HH006,DEV0007,28.8,100.0,14.67,88.4,1.3,False
T002438,2025-03-22,14,HH007,DEV0008,31.9,100.0,2.59,13.3,0.53,False
T002439,2025-03-22,18,HH011,DEV0015,33.9,100.0,39.4,220.4,0.84,False
T002440,2025-03-22,19,HH013,DEV0017,35.1,100.0,3.44,16.7,2.07,False
T002441,2025-03-22,17,HH015,DEV0020,36.2,100.0,2.17,9.3,0.75,False
T002442,2025-03-22,18,HH019,DEV0026,33.4,100.0,22.38,112.5,0.42,False
T002443,2025-03-22,18,HH021,DEV0029,28.5,100.0,2.86,14.9,0.68,False
T002444,2025-03-22,17,HH022,DEV0031,17.7,95.1,15.71,92.6,0.46,False
T002445,2025-03-22,14,HH029,DEV0042,19.3,100.0,42.04,215.7,0.5,False
T002446,2025-03-22,18,HH031,DEV0045,29.9,100.0,35.68,227.9,0.55,False
T002447,2025-03-22,17,HH032,DEV0047,38.9,100.0,3.73,16.7,1.02,False
T002448,2025-03-22,18,HH033,DEV0048,9.7,87.8,5.0,35.7,0.37,False
T002449,2025-03-22,16,HH034,DEV0049,22.4,100.0,5.82,25.4,0.35,False
T002450,2025-03-22,18,HH035,DEV0050,33.6,100.0,22.51,103.9,0.46,False
T002451,2025-03-22,16,HH037,DEV0053,13.5,99.5,4.04,22.1,0.75,False
T002452,2025-03-22,17,HH038,DEV0055,10.2,97.7,3.24,23.1,0.65,False
T002453,2025-03-22,18,HH042,DEV0061,31.5,100.0,28.5,165.3,0.54,False
T002454,2025-03-22,11,HH044,DEV0066,10.0,93.6,26.16,116.9,0.85,False
T002455,2025-03-22,17,HH046,DEV0068,5.0,91.9,40.85,228.3,0.18,False
T002456,2025-03-22,16,HH048,DEV0071,36.1,100.0,25.88,117.1,0.08,False
T002457,2025-03-22,19,HH050,DEV0074,35.8,100.0,2.95,17.7,0.53,False
T002458,2025-03-22,19,HH054,DEV0079,23.7,100.0,3.59,18.1,0.69,False
T002459,2025-03-22,16,HH056,DEV0083,16.4,100.0,18.31,83.6,0.61,False
T002460,2025-03-22,16,HH058,DEV0086,27.5,99.4,2.59,15.2,0.44,False
T002461,2025-03-22,18,HH062,DEV0092,23.3,95.0,23.45,103.4,0.77,False
T002462,2025-03-22,15,HH070,DEV0102,13.3,100.0,2.86,12.4,0.28,False
T002463,2025-03-22,19,HH072,DEV0104,8.9,89.3,23.57,154.0,0.17,False
T002464,2025-03-22,11,HH076,DEV0110,6.2,90.3,30.1,195.2,1.02,False
T002465,2025-03-22,16,HH079,DEV0115,26.7,97.8,34.99,174.3,0.67,False
T002466,2025-03-22,18,HH090,DEV0131,10.3,92.2,45.95,227.7,1.03,False
T002467,2025-03-22,19,HH092,DEV0134,15.9,88.7,32.53,151.7,1.08,False
T002468,2025-03-22,15,HH094,DEV0137,8.4,84.5,3.73,17.1,0.26,False
T002469,2025-03-22,19,HH097,DEV0141,34.4,100.0,3.41,17.2,0.49,False
T002470,2025-03-22,19,HH099,DEV0144,11.3,95.3,6.47,37.5,0.27,False
T002471,2025-03-22,19,HH101,DEV0147,5.4,88.0,2.97,20.3,0.12,False
T002472,2025-03-22,18,HH106,DEV0152,21.8,100.0,41.21,261.2,0.26,False
T002473,2025-03-22,18,HH108,DEV0155,37.7,100.0,27.97,131.9,0.69,False
T002474,2025-03-22,19,HH113,DEV0165,34.7,100.0,4.9,21.6,0.44,False
T002475,2025-03-22,19,HH114,DEV0168,17.6,92.7,27.11,153.0,0.73,False
T002476,2025-03-22,19,HH116,DEV0170,17.2,100.0,27.9,136.2,0.9,False
T002477,2025-03-22,16,HH119,DEV0175,21.3,100.0,19.83,139.2,0.45,False
T002478,2025-03-22,16,HH121,DEV0177,36.7,100.0,3.61,26.6,1.03,False
T002479,2025-03-22,16,HH123,DEV0180,38.9,100.0,12.77,70.0,0.49,False
T002480,2025-03-22,15,HH124,DEV0181,6.0,81.2,33.38,144.3,1.03,False
T002481,2025-03-22,19,HH125,DEV0183,21.7,100.0,4.23,19.3,0.38,False
T002482,2025-03-22,15,HH127,DEV0185,20.2,100.0,47.16,286.8,0.4,False
T002483,2025-03-22,19,HH128,DEV0187,25.7,100.0,3.12,16.6,0.21,False
T002484,2025-03-22,13,HH131,DEV0190,5.6,80.3,3.51,15.7,0.69,False
T002485,2025-03-22,18,HH133,DEV0193,29.6,100.0,2.68,16.4,0.21,False
T002486,2025-03-22,15,HH134,DEV0197,27.5,100.0,17.76,112.7,0.48,False
T002487,2025-03-23,19,HH007,DEV0008,8.3,82.1,2.8,14.3,0.61,False
T002488,2025-03-23,17,HH012,DEV0016,21.9,100.0,2.66,15.8,0.18,False
T002489,2025-03-23,14,HH016,DEV0021,35.8,100.0,29.21,157.4,0.4,False
T002490,2025-03-23,13,HH017,DEV0022,38.9,100.0,13.63,63.4,0.9,False
T002491,2025-03-23,18,HH021,DEV0029,6.5,96.9,3.61,15.5,0.55,False
T002492,2025-03-23,18,HH027,DEV0039,28.0,100.0,2.3,11.9,0.22,False
T002493,2025-03-23,14,HH030,DEV0044,11.4,91.3,2.8,13.1,0.12,False
T002494,2025-03-23,14,HH032,DEV0047,35.7,100.0,3.92,26.0,0.94,False
T002495,2025-03-23,16,HH035,DEV0050,39.8,100.0,20.41,87.6,0.46,False
T002496,2025-03-23,17,HH037,DEV0053,26.6,98.8,3.39,21.3,0.91,False
T002497,2025-03-23,19,HH045,DEV0067,14.4,100.0,44.0,266.0,1.46,False
T002498,2025-03-23,13,HH046,DEV0068,39.7,100.0,28.34,150.4,0.21,False
T002499,2025-03-23,12,HH051,DEV0075,12.5,95.8,4.08,22.7,0.62,False
T002500,2025-03-23,19,HH053,DEV0078,11.8,90.0,15.65,67.3,0.26,False
T002501,2025-03-23,19,HH062,DEV0092,8.7,100.0,29.86,148.6,0.84,False
T002502,2025-03-23,12,HH063,DEV0094,10.1,96.9,2.95,14.8,0.85,False
T002503,2025-03-23,17,HH067,DEV0099,19.7,100.0,6.42,37.5,1.0,False
T002504,2025-03-23,18,HH068,DEV0100,15.1,89.8,32.44,148.4,0.79,False
T002505,2025-03-23,17,HH070,DEV0102,38.1,100.0,2.04,9.2,0.34,False
T002506,2025-03-23,15,HH071,DEV0103,27.8,100.0,4.55,19.9,0.54,False
T002507,2025-03-23,19,HH074,DEV0107,11.3,91.0,40.1,196.0,0.31,False
T002508,2025-03-23,19,HH075,DEV0109,16.2,95.1,32.2,149.7,0.47,False
T002509,2025-03-23,19,HH082,DEV0120,5.7,85.1,3.65,16.7,0.66,False
T002510,2025-03-23,19,HH083,DEV0122,16.8,100.0,32.2,183.9,0.37,False
T002511,2025-03-23,13,HH086,DEV0126,38.5,100.0,19.13,86.9,0.42,False
T002512,2025-03-23,14,HH090,DEV0131,39.6,100.0,33.88,250.6,0.91,False
T002513,2025-03-23,18,HH092,DEV0134,38.1,100.0,27.67,162.9,1.04,False
T002514,2025-03-23,13,HH094,DEV0136,15.6,98.7,41.06,201.9,0.34,False
T002515,2025-03-23,19,HH096,DEV0140,34.6,100.0,4.71,23.4,0.22,False
T002516,2025-03-23,18,HH098,DEV0142,16.7,95.2,43.17,323.7,0.64,False
T002517,2025-03-23,16,HH100,DEV0145,13.2,92.5,32.28,150.5,0.72,False
T002518,2025-03-23,19,HH103,DEV0149,34.6,100.0,2.81,21.0,2.29,False
T002519,2025-03-23,17,HH106,DEV0152,32.5,100.0,35.57,163.7,0.31,False
T002520,2025-03-23,19,HH107,DEV0154,28.6,100.0,2.36,13.4,0.41,False
T002521,2025-03-23,17,HH109,DEV0156,16.1,94.8,5.98,31.2,0.58,False
T002522,2025-03-23,17,HH114,DEV0168,35.3,100.0,23.36,103.3,0.62,False
T002523,2025-03-23,18,HH120,DEV0176,7.6,90.3,5.3,25.4,0.5,False
T002524,2025-03-23,13,HH136,DEV0199,22.3,99.3,35.5,239.8,0.44,False
T002525,2025-03-23,18,HH138,DEV0203,24.0,98.5,25.39,156.8,0.39,False
T002526,2025-03-23,17,HH139,DEV0205,6.1,79.9,4.95,23.2,0.51,False
T002527,2025-03-24,16,HH002,DEV0002,17.3,100.0,46.97,248.3,2.35,False
T002528,2025-03-24,17,HH015,DEV0020,14.9,100.0,2.89,12.7,0.89,False
T002529,2025-03-24,16,HH016,DEV0021,19.0,93.4,33.84,185.5,0.41,False
T002530,2025-03-24,17,HH018,DEV0025,14.3,100.0,34.45,253.6,0.74,False
T002531,2025-03-24,16,HH019,DEV0026,18.9,100.0,27.25,140.1,0.47,False
T002532,2025-03-24,19,HH025,DEV0037,38.4,100.0,36.22,166.8,0.62,False
T002533,2025-03-24,19,HH026,DEV0038,14.0,97.7,41.87,180.9,0.34,False
T002534,2025-03-24,19,HH027,DEV0039,25.6,100.0,2.38,11.6,0.23,False
T002535,2025-03-24,17,HH030,DEV0044,33.3,100.0,2.33,11.9,0.12,False
T002536,2025-03-24,19,HH031,DEV0046,34.3,100.0,34.16,252.8,0.42,False
T002537,2025-03-24,15,HH035,DEV0050,33.5,100.0,22.54,143.5,0.51,False
T002538,2025-03-24,15,HH038,DEV0055,21.8,100.0,2.89,16.3,0.95,False
T002539,2025-03-24,15,HH042,DEV0062,28.5,100.0,21.02,135.6,0.54,False
T002540,2025-03-24,17,HH044,DEV0066,27.4,100.0,22.72,114.8,0.65,False
T002541,2025-03-24,17,HH045,DEV0067,31.4,100.0,35.26,164.4,1.05,False
T002542,2025-03-24,16,HH046,DEV0068,33.6,100.0,31.21,232.7,0.17,False
T002543,2025-03-24,19,HH047,DEV0070,33.4,100.0,16.05,102.7,0.2,False
T002544,2025-03-24,18,HH048,DEV0072,19.2,100.0,6.3,28.7,0.09,False
T002545,2025-03-24,16,HH049,DEV0073,27.1,100.0,3.06,17.7,0.09,False
T002546,2025-03-24,17,HH052,DEV0076,11.0,86.2,3.38,15.4,0.39,False
T002547,2025-03-24,19,HH053,DEV0078,35.1,100.0,12.98,78.6,0.26,False
T002548,2025-03-24,13,HH054,DEV0079,26.2,100.0,3.47,16.8,0.69,False
T002549,2025-03-24,17,HH057,DEV0084,39.5,100.0,1.94,10.5,0.77,False
T002550,2025-03-24,18,HH058,DEV0086,29.1,100.0,2.55,13.8,0.43,False
T002551,2025-03-24,18,HH059,DEV0087,5.2,77.7,4.2,25.1,0.31,False
T002552,2025-03-24,16,HH061,DEV0090,35.2,100.0,4.92,24.3,0.66,False
T002553,2025-03-24,18,HH065,DEV0096,31.9,100.0,33.71,171.9,2.23,False
T002554,2025-03-24,12,HH067,DEV0099,24.6,100.0,6.03,38.4,1.14,False
T002555,2025-03-24,15,HH068,DEV0100,11.8,88.8,33.42,222.9,0.74,False
T002556,2025-03-24,19,HH072,DEV0104,19.7,100.0,23.53,124.8,0.14,False
T002557,2025-03-24,16,HH076,DEV0110,24.2,100.0,27.14,203.2,0.98,False
T002558,2025-03-24,14,HH080,DEV0116,23.4,100.0,5.74,36.3,0.89,False
T002559,2025-03-24,16,HH081,DEV0118,12.4,100.0,18.31,85.3,1.26,False
T002560,2025-03-24,17,HH082,DEV0119,39.6,100.0,3.99,29.3,0.94,False
T002561,2025-03-24,16,HH088,DEV0129,14.0,88.9,34.54,247.3,0.27,False
T002562,2025-03-24,17,HH093,DEV0135,23.2,99.2,3.27,15.3,0.65,False
T002563,2025-03-24,15,HH094,DEV0137,5.3,83.3,3.82,25.6,0.3,False
T002564,2025-03-24,14,HH097,DEV0141,17.8,100.0,4.27,25.6,0.63,False
T002565,2025-03-24,12,HH107,DEV0153,19.7,97.2,2.94,20.4,0.46,False
T002566,2025-03-24,15,HH109,DEV0156,34.6,100.0,4.97,22.8,0.52,False
T002567,2025-03-24,19,HH110,DEV0160,26.2,97.0,25.29,135.3,1.26,False
T002568,2025-03-24,13,HH113,DEV0165,9.0,98.7,6.73,34.3,0.4,False
T002569,2025-03-24,10,HH114,DEV0166,36.9,100.0,3.98,21.8,0.71,False
T002570,2025-03-24,11,HH115,DEV0169,5.5,84.1,31.74,150.5,0.76,False
T002571,2025-03-24,19,HH118,DEV0172,39.3,100.0,28.23,195.2,0.57,False
T002572,2025-03-24,15,HH125,DEV0182,27.5,100.0,23.85,127.8,0.35,False
T002573,2025-03-24,15,HH128,DEV0187,5.1,90.6,3.59,24.2,0.16,False
T002574,2025-03-24,17,HH131,DEV0190,10.1,87.3,3.63,16.3,0.55,False
T002575,2025-03-24,14,HH132,DEV0191,10.9,84.6,18.8,88.6,0.71,False
T002576,2025-03-24,18,HH134,DEV0197,10.9,85.6,18.3,97.9,0.46,False
T002577,2025-03-24,19,HH138,DEV0203,21.2,100.0,26.87,154.4,0.39,False
T002578,2025-03-24,19,HH139,DEV0204,30.1,100.0,25.65,116.0,0.51,False
T002579,2025-03-24,19,HH140,DEV0206,37.4,100.0,16.15,88.2,0.55,False
T002580,2025-03-25,19,HH003,DEV0004,22.4,93.7,28.38,190.9,2.25,False
T002581,2025-03-25,19,HH004,DEV0005,38.8,100.0,4.41,20.4,0.22,False
T002582,2025-03-25,17,HH006,DEV0007,35.2,100.0,13.35,70.4,1.31,False
T002583,2025-03-25,18,HH007,DEV0009,31.2,100.0,17.06,87.5,0.54,False
T002584,2025-03-25,17,HH022,DEV0030,31.1,100.0,3.1,21.1,0.47,False
T002585,2025-03-25,17,HH023,DEV0032,35.6,100.0,38.19,284.2,0.35,False
T002586,2025-03-25,17,HH025,DEV0037,6.2,92.0,50.43,327.1,0.69,False
T002587,2025-03-25,16,HH028,DEV0040,15.2,99.1,32.37,220.4,0.56,False
T002588,2025-03-25,15,HH029,DEV0041,19.1,100.0,5.66,35.5,0.69,False
T002589,2025-03-25,16,HH030,DEV0044,18.0,100.0,2.87,13.8,0.14,False
T002590,2025-03-25,13,HH031,DEV0046,11.6,100.0,45.97,217.2,0.63,False
T002591,2025-03-25,18,HH033,DEV0048,21.7,100.0,5.01,29.7,0.33,False
T002592,2025-03-25,19,HH040,DEV0059,24.1,100.0,2.35,12.9,0.62,False
T002593,2025-03-25,17,HH041,DEV0060,16.8,100.0,4.24,18.5,0.27,False
T002594,2025-03-25,17,HH051,DEV0075,38.4,100.0,3.02,13.0,0.7,False
T002595,2025-03-25,16,HH053,DEV0078,5.5,90.5,17.0,74.7,0.2,False
T002596,2025-03-25,19,HH054,DEV0079,22.6,100.0,3.64,16.1,0.61,False
T002597,2025-03-25,18,HH057,DEV0085,6.1,99.4,7.09,49.7,0.79,False
T002598,2025-03-25,19,HH063,DEV0094,15.6,100.0,2.87,14.8,0.85,False
T002599,2025-03-25,18,HH065,DEV0097,15.4,91.9,5.74,30.9,2.21,False
T002600,2025-03-25,16,HH067,DEV0099,19.2,100.0,6.46,29.2,1.02,False
T002601,2025-03-25,17,HH068,DEV0100,11.6,89.6,33.86,220.8,1.12,False
T002602,2025-03-25,15,HH069,DEV0101,22.8,100.0,42.61,185.6,0.26,False
T002603,2025-03-25,17,HH070,DEV0102,13.9,91.8,2.57,11.2,0.32,False
T002604,2025-03-25,18,HH075,DEV0109,32.8,100.0,27.42,167.0,0.37,False
T002605,2025-03-25,16,HH080,DEV0116,10.8,98.1,6.54,31.7,0.92,False
T002606,2025-03-25,18,HH083,DEV0122,10.4,92.9,31.95,171.2,0.37,False
T002607,2025-03-25,16,HH086,DEV0125,31.8,100.0,2.39,10.9,0.3,False
T002608,2025-03-25,18,HH093,DEV0135,18.0,100.0,3.53,20.4,0.62,False
T002609,2025-03-25,19,HH094,DEV0136,21.6,100.0,38.73,212.9,0.19,False
T002610,2025-03-25,16,HH096,DEV0140,12.5,92.1,5.73,42.5,0.24,False
T002611,2025-03-25,17,HH107,DEV0153,10.6,93.0,3.13,14.0,0.52,False
T002612,2025-03-25,14,HH108,DEV0155,12.7,100.0,39.2,185.9,0.64,False
T002613,2025-03-25,19,HH114,DEV0167,27.8,100.0,5.56,35.6,0.8,False
T002614,2025-03-25,19,HH115,DEV0169,6.7,86.2,32.12,198.0,0.74,False
T002615,2025-03-25,15,HH120,DEV0176,34.5,100.0,4.19,20.8,0.62,False
T002616,2025-03-25,13,HH121,DEV0178,31.5,100.0,30.41,206.9,0.93,False
T002617,2025-03-25,11,HH122,DEV0179,21.5,100.0,25.75,172.4,0.65,False
T002618,2025-03-25,14,HH123,DEV0180,34.8,100.0,13.63,80.0,0.33,False
T002619,2025-03-25,19,HH128,DEV0187,39.1,100.0,2.56,11.2,0.15,False
T002620,2025-03-25,16,HH132,DEV0191,36.9,100.0,16.09,71.4,0.79,False
T002621,2025-03-25,13,HH135,DEV0198,38.8,100.0,3.55,19.8,0.25,False
T002622,2025-03-25,13,HH136,DEV0199,31.4,100.0,31.62,181.4,0.5,False
T002623,2025-03-26,13,HH002,DEV0003,37.8,100.0,3.48,16.4,1.84,False
T002624,2025-03-26,16,HH005,DEV0006,30.1,100.0,2.73,17.0,0.39,False
T002625,2025-03-26,15,HH007,DEV0008,18.2,100.0,3.11,18.2,0.5,False
T002626,2025-03-26,16,HH015,DEV0020,27.9,100.0,2.45,15.9,0.9,False
T002627,2025-03-26,14,HH017,DEV0023,12.7,95.0,4.69,23.1,0.73,False
T002628,2025-03-26,16,HH026,DEV0038,33.3,100.0,33.35,226.9,0.3,False
T002629,2025-03-26,12,HH031,DEV0045,39.3,100.0,30.9,142.7,0.53,False
T002630,2025-03-26,16,HH032,DEV0047,8.2,97.6,5.45,27.5,0.78,False
T002631,2025-03-26,18,HH048,DEV0071,10.3,92.6,33.34,170.0,0.1,False
T002632,2025-03-26,17,HH056,DEV0082,33.7,100.0,3.12,18.8,0.61,False
T002633,2025-03-26,14,HH059,DEV0087,21.0,100.0,4.58,28.7,0.27,False
T002634,2025-03-26,16,HH062,DEV0092,18.1,100.0,26.78,116.9,0.66,False
T002635,2025-03-26,19,HH065,DEV0097,5.9,80.6,5.6,27.9,2.15,False
T002636,2025-03-26,17,HH067,DEV0099,34.1,100.0,5.27,27.0,0.82,False
T002637,2025-03-26,17,HH070,DEV0102,20.5,100.0,2.62,14.9,0.4,False
T002638,2025-03-26,17,HH071,DEV0103,37.7,100.0,3.92,25.9,0.65,False
T002639,2025-03-26,19,HH072,DEV0104,22.2,100.0,22.8,121.4,0.13,False
T002640,2025-03-26,16,HH073,DEV0105,18.6,100.0,4.97,21.4,0.56,False
T002641,2025-03-26,14,HH080,DEV0116,39.6,100.0,4.53,19.6,1.16,False
T002642,2025-03-26,19,HH082,DEV0121,27.0,100.0,31.54,165.5,0.79,False
T002643,2025-03-26,18,HH085,DEV0124,34.3,100.0,22.08,124.1,0.1,False
T002644,2025-03-26,16,HH086,DEV0127,13.5,100.0,3.37,19.5,0.48,False
T002645,2025-03-26,19,HH088,DEV0129,8.1,96.9,40.94,263.1,0.27,False
T002646,2025-03-26,17,HH090,DEV0132,33.9,100.0,38.4,213.8,1.0,False
T002647,2025-03-26,16,HH091,DEV0133,37.3,100.0,2.82,17.8,0.53,False
T002648,2025-03-26,16,HH092,DEV0134,19.4,100.0,36.03,167.4,0.97,False
T002649,2025-03-26,17,HH093,DEV0135,14.6,100.0,3.67,17.1,0.64,False
T002650,2025-03-26,17,HH094,DEV0136,23.7,98.4,36.92,219.5,0.26,False
T002651,2025-03-26,16,HH095,DEV0138,30.4,100.0,19.7,138.6,0.98,False
T002652,2025-03-26,18,HH096,DEV0140,22.5,92.3,5.03,24.7,0.19,False
T002653,2025-03-26,16,HH098,DEV0143,17.1,91.4,4.23,20.5,0.99,False
T002654,2025-03-26,19,HH101,DEV0147,18.4,98.2,2.87,16.1,0.09,False
T002655,2025-03-26,15,HH103,DEV0149,9.5,90.0,3.46,17.3,2.16,False
T002656,2025-03-26,11,HH104,DEV0150,11.3,93.3,26.99,184.3,0.37,False
T002657,2025-03-26,19,HH105,DEV0151,15.2,100.0,4.24,24.1,0.5,False
T002658,2025-03-26,19,HH106,DEV0152,5.7,77.2,37.66,223.5,0.23,False
T002659,2025-03-26,19,HH109,DEV0157,6.1,83.2,4.78,21.2,0.77,False
T002660,2025-03-26,19,HH111,DEV0162,12.4,89.2,33.77,162.0,0.54,False
T002661,2025-03-26,14,HH112,DEV0163,11.2,98.1,29.3,216.3,0.48,False
T002662,2025-03-26,16,HH113,DEV0164,34.0,100.0,14.26,93.3,0.44,False
T002663,2025-03-26,16,HH120,DEV0176,24.8,100.0,4.81,25.2,0.49,False
T002664,2025-03-26,19,HH124,DEV0181,22.0,100.0,34.63,160.8,0.58,False
T002665,2025-03-26,11,HH135,DEV0198,35.2,100.0,3.76,18.2,0.25,False
T002666,2025-03-26,17,HH138,DEV0203,17.1,92.2,25.62,113.0,0.34,False
T002667,2025-03-26,19,HH140,DEV0206,29.2,100.0,18.27,96.8,0.72,False
T002668,2025-03-27,19,HH001,DEV0001,39.4,100.0,20.85,99.8,1.21,False
T002669,2025-03-27,15,HH002,DEV0002,7.2,79.1,40.81,195.6,2.14,False
T002670,2025-03-27,16,HH009,DEV0013,23.5,100.0,4.28,21.0,0.26,False
T002671,2025-03-27,14,HH010,DEV0014,20.0,98.9,47.02,300.0,0.49,False
T002672,2025-03-27,13,HH011,DEV0015,12.3,91.9,47.42,270.2,0.69,False
T002673,2025-03-27,19,HH019,DEV0026,35.6,100.0,21.64,108.3,0.45,False
T002674,2025-03-27,18,HH022,DEV0030,32.1,100.0,3.06,22.7,0.47,False
T002675,2025-03-27,19,HH024,DEV0035,14.7,95.1,43.95,249.9,0.93,False
T002676,2025-03-27,16,HH029,DEV0041,19.5,99.5,5.6,32.1,0.54,False
T002677,2025-03-27,19,HH031,DEV0045,34.5,100.0,33.34,145.1,0.61,False
T002678,2025-03-27,13,HH034,DEV0049,27.9,100.0,5.41,25.1,0.26,False
T002679,2025-03-27,16,HH044,DEV0066,23.7,100.0,23.88,138.6,0.82,False
T002680,2025-03-27,19,HH046,DEV0068,6.3,84.4,36.69,163.9,0.16,False
T002681,2025-03-27,19,HH052,DEV0077,23.8,100.0,3.89,26.8,0.37,False
T002682,2025-03-27,16,HH053,DEV0078,26.9,100.0,14.62,94.9,0.24,False
T002683,2025-03-27,16,HH054,DEV0079,18.0,100.0,3.85,17.5,0.71,False
T002684,2025-03-27,17,HH057,DEV0084,12.5,89.5,2.47,14.1,0.92,False
T002685,2025-03-27,19,HH058,DEV0086,27.6,100.0,2.61,18.4,0.46,False
T002686,2025-03-27,13,HH065,DEV0096,10.3,85.7,37.31,206.9,1.97,False
T002687,2025-03-27,18,HH081,DEV0117,24.5,95.3,16.99,99.5,1.44,False
T002688,2025-03-27,19,HH083,DEV0122,28.2,100.0,27.79,175.5,0.43,False
T002689,2025-03-27,15,HH087,DEV0128,35.3,100.0,2.07,9.0,0.68,False
T002690,2025-03-27,15,HH089,DEV0130,10.3,81.0,3.18,17.8,0.12,False
T002691,2025-03-27,16,HH091,DEV0133,37.4,100.0,2.82,15.5,0.56,False
T002692,2025-03-27,13,HH094,DEV0136,14.5,96.8,40.64,264.1,0.26,False
T002693,2025-03-27,18,HH096,DEV0140,29.6,100.0,5.07,37.3,0.22,False
T002694,2025-03-27,15,HH097,DEV0141,36.1,100.0,3.32,18.4,0.39,False
T002695,2025-03-27,17,HH100,DEV0146,19.8,99.4,4.54,21.9,0.71,False
T002696,2025-03-27,16,HH107,DEV0153,17.3,100.0,3.14,18.3,0.45,False
T002697,2025-03-27,19,HH114,DEV0167,16.6,100.0,6.42,39.4,0.65,False
T002698,2025-03-27,17,HH115,DEV0169,39.4,100.0,24.48,177.1,0.86,False
T002699,2025-03-27,17,HH116,DEV0170,33.5,100.0,22.41,112.2,1.14,False
T002700,2025-03-27,19,HH120,DEV0176,25.7,100.0,4.76,35.5,0.51,False
T002701,2025-03-27,10,HH121,DEV0178,13.4,92.9,35.29,185.6,1.11,False
T002702,2025-03-27,12,HH122,DEV0179,22.1,100.0,25.55,157.0,0.93,False
T002703,2025-03-27,18,HH123,DEV0180,12.4,85.3,15.23,106.5,0.39,False
T002704,2025-03-27,10,HH124,DEV0181,23.6,100.0,33.92,234.0,0.97,False
T002705,2025-03-27,14,HH127,DEV0186,5.4,80.3,37.85,272.7,0.24,False
T002706,2025-03-27,17,HH132,DEV0191,39.6,100.0,15.4,71.4,0.74,False
T002707,2025-03-27,18,HH133,DEV0194,35.6,100.0,36.9,275.1,0.14,False
T002708,2025-03-27,17,HH134,DEV0196,18.5,100.0,6.03,26.0,0.39,False
T002709,2025-03-27,15,HH135,DEV0198,29.5,100.0,4.09,19.8,0.3,False
T002710,2025-03-27,15,HH138,DEV0203,26.0,100.0,25.23,144.8,0.33,False
T002711,2025-03-28,18,HH001,DEV0001,26.3,100.0,25.35,135.5,1.11,False
T002712,2025-03-28,15,HH003,DEV0004,32.1,100.0,27.02,187.9,1.96,False
T002713,2025-03-28,19,HH004,DEV0005,8.6,96.7,6.35,29.5,0.21,False
T002714,2025-03-28,19,HH009,DEV0013,36.5,100.0,3.56,16.2,0.28,False
T002715,2025-03-28,16,HH011,DEV0015,20.8,91.4,42.07,292.4,0.48,False
T002716,2025-03-28,19,HH020,DEV0027,20.7,99.8,2.77,19.6,0.17,False
T002717,2025-03-28,12,HH022,DEV0030,24.6,100.0,3.39,19.0,0.56,False
T002718,2025-03-28,18,HH023,DEV0032,27.3,100.0,43.11,220.6,0.36,False
T002719,2025-03-28,19,HH030,DEV0044,31.3,100.0,2.4,15.5,0.1,False
T002720,2025-03-28,17,HH035,DEV0050,25.8,100.0,25.15,118.2,0.49,False
T002721,2025-03-28,16,HH036,DEV0051,30.1,100.0,4.19,18.7,0.87,False
T002722,2025-03-28,13,HH038,DEV0055,37.1,100.0,2.33,13.6,0.82,False
T002723,2025-03-28,17,HH041,DEV0060,30.5,100.0,3.54,24.9,0.24,False
T002724,2025-03-28,16,HH042,DEV0061,16.9,100.0,34.57,170.6,0.52,False
T002725,2025-03-28,17,HH043,DEV0065,27.2,100.0,3.06,16.0,0.85,False
T002726,2025-03-28,18,HH045,DEV0067,16.7,90.8,38.1,193.2,1.02,False
T002727,2025-03-28,19,HH049,DEV0073,30.2,100.0,2.93,16.0,0.12,False
T002728,2025-03-28,19,HH057,DEV0084,27.9,100.0,2.31,12.2,0.82,False
T002729,2025-03-28,18,HH058,DEV0086,7.3,87.4,2.88,13.7,0.51,False
T002730,2025-03-28,14,HH060,DEV0089,15.5,100.0,22.39,130.7,0.82,False
T002731,2025-03-28,14,HH062,DEV0092,10.2,90.8,26.36,178.2,0.69,False
T002732,2025-03-28,18,HH067,DEV0099,18.1,100.0,6.55,42.2,0.91,False
T002733,2025-03-28,11,HH068,DEV0100,38.1,100.0,26.86,134.9,0.97,False
T002734,2025-03-28,15,HH069,DEV0101,12.3,89.7,42.74,209.6,0.24,False
T002735,2025-03-28,18,HH080,DEV0116,10.2,91.2,6.07,27.9,0.88,False
T002736,2025-03-28,15,HH081,DEV0118,10.9,88.2,16.16,88.8,1.19,False
T002737,2025-03-28,18,HH082,DEV0119,25.8,100.0,4.9,33.8,0.94,False
T002738,2025-03-28,19,HH084,DEV0123,19.6,97.9,3.91,24.7,0.89,False
T002739,2025-03-28,14,HH089,DEV0130,20.9,100.0,3.56,22.0,0.16,False
T002740,2025-03-28,15,HH092,DEV0134,26.7,100.0,32.77,157.4,0.9,False
T002741,2025-03-28,18,HH096,DEV0140,8.1,90.8,5.95,38.8,0.18,False
T002742,2025-03-28,16,HH108,DEV0155,18.4,96.9,35.24,227.9,0.63,False
T002743,2025-03-28,15,HH115,DEV0169,6.2,81.5,30.42,203.4,0.99,False
T002744,2025-03-28,19,HH116,DEV0170,36.5,100.0,21.4,131.8,1.0,False
T002745,2025-03-28,15,HH122,DEV0179,37.9,100.0,20.37,88.6,0.63,False
T002746,2025-03-28,18,HH123,DEV0180,26.3,100.0,15.4,96.6,0.37,False
T002747,2025-03-28,16,HH129,DEV0188,19.1,100.0,4.77,26.3,0.78,False
T002748,2025-03-28,16,HH131,DEV0190,24.8,100.0,3.53,22.5,0.71,False
T002749,2025-03-29,19,HH005,DEV0006,25.0,100.0,2.92,14.3,0.37,False
T002750,2025-03-29,16,HH006,DEV0007,37.4,100.0,12.9,90.1,1.12,False
T002751,2025-03-29,19,HH012,DEV0016,13.2,86.8,2.5,14.4,0.14,False
T002752,2025-03-29,17,HH014,DEV0019,36.9,100.0,2.84,13.9,0.39,False
T002753,2025-03-29,19,HH017,DEV0023,34.0,100.0,3.76,18.8,0.63,False
T002754,2025-03-29,19,HH019,DEV0026,10.5,96.5,28.89,197.5,0.41,False
T002755,2025-03-29,15,HH022,DEV0030,5.2,83.9,3.54,26.6,0.59,False
T002756,2025-03-29,19,HH024,DEV0035,15.9,100.0,46.0,276.1,0.97,False
T002757,2025-03-29,19,HH026,DEV0038,11.9,96.1,42.12,277.7,0.35,False
T002758,2025-03-29,19,HH030,DEV0044,15.5,97.1,2.85,18.9,0.12,False
T002759,2025-03-29,19,HH033,DEV0048,22.1,100.0,4.99,24.2,0.38,False
T002760,2025-03-29,18,HH036,DEV0052,25.3,100.0,5.53,40.2,0.81,False
T002761,2025-03-29,15,HH037,DEV0053,20.3,100.0,3.75,16.2,0.77,False
T002762,2025-03-29,14,HH039,DEV0057,30.6,100.0,5.27,29.1,1.19,False
T002763,2025-03-29,12,HH040,DEV0059,12.7,98.1,2.65,12.7,0.58,False
T002764,2025-03-29,11,HH041,DEV0060,35.3,100.0,3.3,20.9,0.24,False
T002765,2025-03-29,19,HH046,DEV0068,26.5,100.0,34.54,248.7,0.16,False
T002766,2025-03-29,16,HH047,DEV0070,8.1,91.2,20.03,145.4,0.22,False
T002767,2025-03-29,12,HH049,DEV0073,15.2,100.0,3.56,16.1,0.12,False
T002768,2025-03-29,15,HH051,DEV0075,23.5,100.0,3.75,27.3,0.68,False
T002769,2025-03-29,13,HH053,DEV0078,39.3,100.0,12.14,78.7,0.19,False
T002770,2025-03-29,18,HH061,DEV0091,23.9,100.0,4.57,24.8,0.63,False
T002771,2025-03-29,19,HH062,DEV0092,13.2,87.4,24.25,126.8,0.6,False
T002772,2025-03-29,16,HH063,DEV0093,13.2,93.6,23.07,163.4,0.88,False
T002773,2025-03-29,17,HH065,DEV0096,22.0,100.0,38.61,258.9,2.25,False
T002774,2025-03-29,19,HH066,DEV0098,16.4,100.0,5.43,39.4,0.71,False
T002775,2025-03-29,16,HH069,DEV0101,23.8,100.0,42.06,314.6,0.24,False
T002776,2025-03-29,14,HH070,DEV0102,37.1,100.0,2.08,15.5,0.34,False
T002777,2025-03-29,13,HH076,DEV0110,14.0,100.0,30.78,141.0,1.02,False
T002778,2025-03-29,16,HH083,DEV0122,27.1,100.0,28.21,168.6,0.42,False
T002779,2025-03-29,13,HH088,DEV0129,31.3,100.0,31.67,164.1,0.34,False
T002780,2025-03-29,16,HH092,DEV0134,26.6,100.0,32.81,147.4,1.05,False
T002781,2025-03-29,18,HH093,DEV0135,32.6,100.0,2.9,13.6,0.52,False
T002782,2025-03-29,15,HH099,DEV0144,9.9,90.1,6.17,39.5,0.29,False
T002783,2025-03-29,15,HH104,DEV0150,29.7,100.0,23.13,116.5,0.36,False
T002784,2025-03-29,14,HH106,DEV0152,5.7,96.4,47.81,260.0,0.25,False
T002785,2025-03-29,19,HH108,DEV0155,31.9,100.0,30.58,200.6,0.76,False
T002786,2025-03-29,19,HH109,DEV0156,19.1,91.9,5.53,30.3,0.5,False
T002787,2025-03-29,15,HH113,DEV0164,38.2,100.0,13.35,59.4,0.34,False
T002788,2025-03-29,18,HH117,DEV0171,36.0,100.0,2.3,10.7,1.17,False
T002789,2025-03-29,18,HH118,DEV0172,15.6,92.7,35.85,171.7,0.47,False
T002790,2025-03-29,14,HH121,DEV0178,26.6,100.0,32.59,220.8,0.91,False
T002791,2025-03-29,19,HH122,DEV0179,28.8,100.0,23.35,127.0,0.84,False
T002792,2025-03-29,17,HH125,DEV0182,30.1,100.0,23.0,124.1,0.27,False
T002793,2025-03-29,19,HH126,DEV0184,5.4,78.4,5.55,24.0,0.37,False
T002794,2025-03-29,11,HH134,DEV0196,31.5,100.0,5.07,23.9,0.42,False
T002795,2025-03-29,16,HH139,DEV0204,6.0,85.7,29.26,138.5,0.56,False
T002796,2025-03-30,15,HH001,DEV0001,32.9,100.0,23.08,153.2,0.98,False
T002797,2025-03-30,14,HH002,DEV0002,14.4,87.2,41.36,224.0,1.68,False
T002798,2025-03-30,13,HH006,DEV0007,38.8,100.0,12.61,64.8,1.03,False
T002799,2025-03-30,14,HH007,DEV0008,27.5,100.0,2.76,14.7,0.54,False
T002800,2025-03-30,19,HH009,DEV0013,9.9,82.0,4.04,20.0,0.28,False
T002801,2025-03-30,19,HH016,DEV0021,7.7,84.7,35.05,195.5,0.34,False
T002802,2025-03-30,14,HH021,DEV0029,7.6,94.4,3.47,25.3,0.57,False
T002803,2025-03-30,17,HH022,DEV0031,24.1,100.0,15.41,88.6,0.57,False
T002804,2025-03-30,15,HH025,DEV0036,26.5,100.0,4.26,20.6,0.74,False
T002805,2025-03-30,15,HH028,DEV0040,30.8,100.0,26.71,149.4,0.51,False
T002806,2025-03-30,19,HH029,DEV0042,23.3,100.0,39.96,258.0,0.43,False
T002807,2025-03-30,16,HH030,DEV0044,27.9,100.0,2.52,15.9,0.11,False
T002808,2025-03-30,15,HH033,DEV0048,38.4,100.0,3.94,21.1,0.27,False
T002809,2025-03-30,19,HH034,DEV0049,16.3,100.0,6.28,41.3,0.36,False
T002810,2025-03-30,15,HH037,DEV0053,24.5,99.2,3.51,21.8,0.77,False
T002811,2025-03-30,19,HH038,DEV0055,14.6,100.0,3.16,13.6,0.72,False
T002812,2025-03-30,19,HH044,DEV0066,20.6,96.5,23.75,170.6,0.77,False
T002813,2025-03-30,16,HH047,DEV0070,21.7,100.0,18.87,86.3,0.2,False
T002814,2025-03-30,19,HH048,DEV0072,34.8,100.0,5.09,27.0,0.08,False
T002815,2025-03-30,15,HH049,DEV0073,11.9,100.0,3.7,24.5,0.14,False
T002816,2025-03-30,17,HH052,DEV0076,12.9,92.5,3.58,18.7,0.3,False
T002817,2025-03-30,16,HH053,DEV0078,12.5,84.7,14.44,67.8,0.2,False
T002818,2025-03-30,14,HH056,DEV0082,20.3,100.0,3.75,25.7,0.76,False
T002819,2025-03-30,10,HH058,DEV0086,24.1,100.0,2.73,12.6,0.5,False
T002820,2025-03-30,16,HH059,DEV0087,32.7,100.0,3.9,21.1,0.37,False
T002821,2025-03-30,17,HH061,DEV0090,38.3,100.0,4.69,29.8,0.78,False
T002822,2025-03-30,17,HH062,DEV0092,9.4,85.6,24.93,170.0,0.59,False
T002823,2025-03-30,18,HH068,DEV0100,26.9,99.5,31.51,139.5,0.95,False
T002824,2025-03-30,17,HH069,DEV0101,13.1,97.7,46.68,203.8,0.18,False
T002825,2025-03-30,19,HH072,DEV0104,33.7,100.0,19.43,85.1,0.13,False
T002826,2025-03-30,14,HH078,DEV0114,8.2,82.3,26.07,130.4,0.75,False
T002827,2025-03-30,19,HH085,DEV0124,31.3,100.0,23.08,144.3,0.09,False
T002828,2025-03-30,19,HH091,DEV0133,26.4,97.2,3.19,13.8,0.4,False
T002829,2025-03-30,15,HH092,DEV0134,14.7,95.8,36.23,184.9,0.81,False
T002830,2025-03-30,19,HH094,DEV0137,18.9,98.1,3.88,23.3,0.24,False
T002831,2025-03-30,19,HH095,DEV0138,31.6,100.0,19.36,126.6,0.73,False
T002832,2025-03-30,16,HH097,DEV0141,28.2,100.0,3.73,16.7,0.51,False
T002833,2025-03-30,17,HH100,DEV0146,37.1,100.0,3.59,16.7,0.61,False
T002834,2025-03-30,19,HH101,DEV0147,28.6,100.0,2.57,12.4,0.1,False
T002835,2025-03-30,17,HH104,DEV0150,27.0,100.0,24.02,156.3,0.37,False
T002836,2025-03-30,19,HH105,DEV0151,38.8,100.0,3.06,21.6,0.47,False
T002837,2025-03-30,19,HH111,DEV0161,32.3,100.0,4.47,29.9,0.62,False
T002838,2025-03-30,17,HH112,DEV0163,26.0,97.6,24.14,164.9,0.47,False
T002839,2025-03-30,15,HH113,DEV0165,23.2,100.0,5.76,25.3,0.34,False
T002840,2025-03-30,15,HH114,DEV0167,9.9,89.9,6.16,46.0,0.64,False
T002841,2025-03-30,17,HH117,DEV0171,31.4,100.0,2.47,12.7,0.99,False
T002842,2025-03-30,13,HH118,DEV0172,12.8,93.6,37.57,196.1,0.51,False
T002843,2025-03-30,15,HH124,DEV0181,24.8,94.1,30.77,222.5,0.75,False
T002844,2025-03-31,19,HH001,DEV0001,12.0,89.0,26.49,118.6,1.09,False
T002845,2025-03-31,16,HH002,DEV0003,21.8,93.4,4.01,28.8,1.85,False
T002846,2025-03-31,15,HH004,DEV0005,10.2,78.9,4.94,34.2,0.16,False
T002847,2025-03-31,13,HH010,DEV0014,31.1,100.0,41.06,281.4,0.56,False
T002848,2025-03-31,16,HH014,DEV0019,39.1,100.0,2.74,18.7,0.36,False
T002849,2025-03-31,16,HH016,DEV0021,38.3,100.0,28.07,140.0,0.46,False
T002850,2025-03-31,14,HH017,DEV0023,29.4,100.0,4.02,18.7,0.61,False
T002851,2025-03-31,16,HH021,DEV0028,9.5,95.8,23.39,175.0,0.65,False
T002852,2025-03-31,17,HH022,DEV0030,34.5,100.0,2.95,16.6,0.61,False
T002853,2025-03-31,17,HH025,DEV0036,11.7,87.1,4.38,25.4,0.55,False
T002854,2025-03-31,17,HH031,DEV0046,33.2,100.0,34.74,205.7,0.42,False
T002855,2025-03-31,19,HH032,DEV0047,8.8,90.0,4.95,27.7,0.89,False
T002856,2025-03-31,18,HH033,DEV0048,14.7,93.7,5.06,35.3,0.35,False
T002857,2025-03-31,19,HH035,DEV0050,29.8,100.0,23.8,139.2,0.5,False
T002858,2025-03-31,16,HH042,DEV0063,12.5,92.4,5.99,26.1,0.51,False
T002859,2025-03-31,13,HH043,DEV0065,33.3,100.0,2.8,16.0,0.75,False
T002860,2025-03-31,17,HH045,DEV0067,26.0,100.0,38.04,235.7,1.37,False
T002861,2025-03-31,14,HH049,DEV0073,31.4,100.0,2.88,19.5,0.08,False
T002862,2025-03-31,14,HH050,DEV0074,15.7,100.0,3.88,27.9,0.52,False
T002863,2025-03-31,19,HH056,DEV0082,7.0,97.5,4.26,20.4,0.57,False
T002864,2025-03-31,18,HH057,DEV0085,9.6,79.0,5.27,27.8,1.02,False
T002865,2025-03-31,16,HH058,DEV0086,29.8,100.0,2.53,12.1,0.41,False
T002866,2025-03-31,13,HH072,DEV0104,23.6,100.0,22.39,97.6,0.13,False
T002867,2025-03-31,16,HH076,DEV0110,9.1,80.8,25.66,123.1,0.75,False
T002868,2025-03-31,19,HH078,DEV0113,28.5,100.0,3.79,24.7,0.76,False
T002869,2025-03-31,12,HH079,DEV0115,8.4,85.2,37.77,210.1,0.51,False
T002870,2025-03-31,12,HH082,DEV0120,32.8,100.0,3.09,14.7,0.81,False
T002871,2025-03-31,19,HH087,DEV0128,32.9,100.0,2.15,9.3,0.6,False
T002872,2025-03-31,16,HH088,DEV0129,36.8,100.0,29.14,127.6,0.33,False
T002873,2025-03-31,18,HH093,DEV0135,7.6,78.5,3.05,18.9,0.53,False
T002874,2025-03-31,19,HH095,DEV0139,12.8,93.2,19.94,89.5,0.75,False
T002875,2025-03-31,17,HH100,DEV0146,27.4,100.0,4.14,17.9,0.64,False
T002876,2025-03-31,17,HH105,DEV0151,12.7,98.4,4.29,25.1,0.41,False
T002877,2025-03-31,13,HH106,DEV0152,26.6,97.1,37.15,168.4,0.24,False
T002878,2025-03-31,18,HH107,DEV0153,6.7,92.1,3.24,21.8,0.47,False
T002879,2025-03-31,17,HH113,DEV0164,6.2,86.4,17.32,84.1,0.44,False
T002880,2025-03-31,19,HH117,DEV0171,25.9,96.6,2.54,18.7,1.03,False
T002881,2025-03-31,18,HH126,DEV0184,23.7,100.0,5.8,31.8,0.32,False
T002882,2025-03-31,18,HH128,DEV0187,38.0,100.0,2.6,13.4,0.12,False
T002883,2025-03-31,17,HH131,DEV0190,15.8,92.5,3.6,21.6,0.46,False
T002884,2025-03-31,15,HH135,DEV0198,11.3,90.2,4.58,20.9,0.25,False
T002885,2025-04-01,15,HH002,DEV0003,5.2,91.5,4.83,25.2,1.79,False
T002886,2025-04-01,17,HH003,DEV0004,5.5,94.8,35.55,240.2,1.91,False
T002887,2025-04-01,17,HH004,DEV0005,7.3,91.1,6.03,35.8,0.21,False
T002888,2025-04-01,13,HH011,DEV0015,23.0,100.0,45.89,235.6,0.9,False
T002889,2025-04-01,17,HH012,DEV0016,20.7,72.8,1.77,9.9,0.16,True
T002890,2025-04-01,15,HH013,DEV0018,16.6,94.3,5.83,39.2,1.76,False
T002891,2025-04-01,17,HH014,DEV0019,9.1,81.6,3.26,17.0,0.52,False
T002892,2025-04-01,19,HH016,DEV0021,11.6,87.2,34.4,157.9,0.4,False
T002893,2025-04-01,13,HH019,DEV0026,10.3,96.6,29.0,147.6,0.42,False
T002894,2025-04-01,16,HH023,DEV0032,22.6,100.0,45.9,243.0,0.31,False
T002895,2025-04-01,15,HH025,DEV0037,12.6,94.6,48.23,315.7,0.59,False
T002896,2025-04-01,13,HH033,DEV0048,28.5,100.0,4.58,26.8,0.35,False
T002897,2025-04-01,12,HH034,DEV0049,17.9,100.0,6.16,33.4,0.21,False
T002898,2025-04-01,14,HH036,DEV0051,26.8,100.0,4.39,19.5,0.56,False
T002899,2025-04-01,18,HH038,DEV0055,37.3,100.0,2.32,13.1,0.65,False
T002900,2025-04-01,15,HH046,DEV0068,26.7,100.0,34.45,157.0,0.18,False
T002901,2025-04-01,16,HH047,DEV0070,18.3,92.6,17.92,85.5,0.17,False
T002902,2025-04-01,13,HH048,DEV0071,12.8,86.4,29.82,147.2,0.06,False
T002903,2025-04-01,16,HH058,DEV0086,36.2,100.0,2.3,13.6,0.59,False
T002904,2025-04-01,17,HH062,DEV0092,18.1,100.0,26.78,199.6,0.71,False
T002905,2025-04-01,17,HH070,DEV0102,20.6,100.0,2.62,12.7,0.3,False
T002906,2025-04-01,10,HH071,DEV0103,13.8,89.1,4.75,32.8,0.75,False
T002907,2025-04-01,19,HH074,DEV0108,13.7,94.0,4.5,27.8,0.32,False
T002908,2025-04-01,15,HH077,DEV0112,28.8,100.0,5.2,27.0,1.43,False
T002909,2025-04-01,15,HH083,DEV0122,22.3,100.0,30.07,145.1,0.4,False
T002910,2025-04-01,14,HH086,DEV0127,16.4,87.5,2.77,15.2,0.27,False
T002911,2025-04-01,17,HH090,DEV0131,31.8,100.0,38.26,170.4,0.88,False
T002912,2025-04-01,15,HH094,DEV0136,33.0,100.0,33.1,189.2,0.27,False
T002913,2025-04-01,18,HH099,DEV0144,14.0,100.0,6.62,31.4,0.33,False
T002914,2025-04-01,19,HH103,DEV0149,19.3,94.0,3.21,18.6,1.84,False
T002915,2025-04-01,11,HH105,DEV0151,6.3,83.2,3.84,17.5,0.48,False
T002916,2025-04-01,14,HH107,DEV0154,32.8,100.0,2.22,10.9,0.36,False
T002917,2025-04-01,17,HH110,DEV0158,13.0,90.9,2.57,11.1,0.91,False
T002918,2025-04-01,14,HH118,DEV0172,24.7,100.0,35.01,170.8,0.52,False
T002919,2025-04-01,14,HH121,DEV0178,23.0,100.0,34.19,157.1,0.78,False
T002920,2025-04-01,16,HH122,DEV0179,31.1,100.0,22.6,125.9,0.73,False
T002921,2025-04-01,19,HH127,DEV0185,9.6,99.4,53.08,245.5,0.26,False
T002922,2025-04-01,19,HH129,DEV0188,27.8,100.0,4.26,29.3,0.78,False
T002923,2025-04-01,15,HH132,DEV0191,39.8,100.0,15.35,88.1,0.61,False
T002924,2025-04-01,15,HH134,DEV0196,27.1,100.0,5.39,24.8,0.34,False
T002925,2025-04-01,16,HH136,DEV0199,12.5,97.7,39.26,282.9,0.59,False
T002926,2025-04-01,16,HH138,DEV0203,6.6,83.8,26.31,124.5,0.34,False
T002927,2025-04-01,17,HH139,DEV0204,37.5,100.0,22.94,126.2,0.43,False
T002928,2025-04-01,16,HH140,DEV0206,31.5,100.0,17.67,96.8,0.5,False
T002929,2025-04-02,19,HH002,DEV0003,6.5,89.5,4.65,26.4,1.7,False
T002930,2025-04-02,10,HH004,DEV0005,12.2,100.0,6.32,36.2,0.27,False
T002931,2025-04-02,16,HH005,DEV0006,8.3,100.0,3.58,17.8,0.44,False
T002932,2025-04-02,17,HH010,DEV0014,28.0,100.0,42.91,199.3,0.48,False
T002933,2025-04-02,14,HH014,DEV0019,32.1,100.0,3.06,15.8,0.39,False
T002934,2025-04-02,15,HH016,DEV0021,18.8,99.9,36.92,264.8,0.4,False
T002935,2025-04-02,15,HH018,DEV0024,5.6,86.5,5.5,27.7,0.58,False
T002936,2025-04-02,15,HH019,DEV0026,15.5,95.9,27.0,184.4,0.36,False
T002937,2025-04-02,16,HH022,DEV0031,34.2,100.0,13.36,61.6,0.61,False
T002938,2025-04-02,14,HH023,DEV0033,10.2,86.9,29.99,221.3,0.32,False
T002939,2025-04-02,14,HH024,DEV0034,39.0,100.0,35.68,161.7,1.17,False
T002940,2025-04-02,17,HH026,DEV0038,10.0,92.4,41.18,257.4,0.33,False
T002941,2025-04-02,13,HH028,DEV0040,38.3,100.0,23.82,173.8,0.42,False
T002942,2025-04-02,16,HH031,DEV0046,17.4,100.0,42.95,307.1,0.48,False
T002943,2025-04-02,15,HH032,DEV0047,11.7,84.8,4.46,21.4,0.66,False
T002944,2025-04-02,19,HH033,DEV0048,23.6,100.0,4.89,22.2,0.33,False
T002945,2025-04-02,13,HH036,DEV0051,27.3,100.0,4.36,26.3,0.77,False
T002946,2025-04-02,17,HH038,DEV0055,20.8,100.0,2.93,17.6,0.56,False
T002947,2025-04-02,14,HH039,DEV0058,35.7,100.0,3.09,15.5,0.96,False
T002948,2025-04-02,16,HH040,DEV0059,22.2,100.0,2.41,12.6,0.7,False
T002949,2025-04-02,16,HH047,DEV0070,15.2,100.0,20.44,131.8,0.21,False
T002950,2025-04-02,17,HH049,DEV0073,16.4,91.4,3.15,21.8,0.1,False
T002951,2025-04-02,19,HH053,DEV0078,11.4,91.1,15.94,85.9,0.17,False
T002952,2025-04-02,16,HH057,DEV0085,16.0,99.9,6.38,34.0,0.89,False
T002953,2025-04-02,17,HH058,DEV0086,8.5,80.4,2.59,13.2,0.44,False
T002954,2025-04-02,14,HH060,DEV0088,38.3,100.0,4.5,23.6,0.61,False
T002955,2025-04-02,14,HH061,DEV0091,39.3,100.0,3.64,16.4,0.87,False
T002956,2025-04-02,19,HH063,DEV0093,21.7,100.0,22.47,155.7,0.7,False
T002957,2025-04-02,18,HH065,DEV0096,39.6,100.0,29.9,154.0,1.7,False
T002958,2025-04-02,19,HH070,DEV0102,27.1,100.0,2.41,10.6,0.28,False
T002959,2025-04-02,17,HH071,DEV0103,28.6,100.0,4.5,20.5,0.75,False
T002960,2025-04-02,19,HH073,DEV0105,37.1,100.0,3.84,23.8,0.56,False
T002961,2025-04-02,15,HH075,DEV0109,38.9,100.0,24.93,134.2,0.49,False
T002962,2025-04-02,15,HH076,DEV0110,24.3,100.0,27.1,120.0,0.76,False
T002963,2025-04-02,14,HH077,DEV0111,18.7,92.4,5.75,32.5,1.18,False
T002964,2025-04-02,19,HH080,DEV0116,22.2,100.0,5.84,37.7,0.71,False
T002965,2025-04-02,17,HH081,DEV0118,22.6,95.6,15.26,70.8,1.23,False
T002966,2025-04-02,17,HH085,DEV0124,23.5,100.0,25.7,114.8,0.08,False
T002967,2025-04-02,13,HH088,DEV0129,22.3,100.0,35.82,203.8,0.38,False
T002968,2025-04-02,16,HH089,DEV0130,26.3,100.0,3.32,16.4,0.2,False
T002969,2025-04-02,16,HH091,DEV0133,29.1,100.0,3.19,16.1,0.48,False
T002970,2025-04-02,19,HH092,DEV0134,10.7,100.0,39.92,237.6,0.77,False
T002971,2025-04-02,12,HH094,DEV0137,39.1,100.0,2.98,13.8,0.22,False
T002972,2025-04-02,14,HH095,DEV0139,10.7,100.0,22.15,120.1,0.54,False
T002973,2025-04-02,10,HH098,DEV0143,18.3,91.5,4.17,18.0,0.72,False
T002974,2025-04-02,16,HH107,DEV0153,37.0,100.0,2.39,10.8,0.43,False
T002975,2025-04-02,15,HH108,DEV0155,29.8,100.0,31.52,172.0,0.55,False
T002976,2025-04-02,15,HH111,DEV0162,7.6,92.1,37.2,162.5,0.72,False
T002977,2025-04-02,17,HH115,DEV0169,21.6,90.5,27.85,168.1,0.59,False
T002978,2025-04-02,19,HH120,DEV0176,17.5,100.0,5.28,31.9,0.53,False
T002979,2025-04-02,16,HH124,DEV0181,6.6,85.2,34.89,240.0,0.94,False
T002980,2025-04-02,17,HH127,DEV0185,27.2,100.0,43.02,228.2,0.33,False
T002981,2025-04-02,19,HH131,DEV0190,35.4,100.0,3.04,22.5,0.63,False
T002982,2025-04-02,18,HH132,DEV0191,31.7,100.0,17.42,78.5,0.65,False
T002983,2025-04-02,15,HH133,DEV0194,37.1,100.0,36.04,190.1,0.18,False
T002984,2025-04-02,17,HH134,DEV0196,33.0,100.0,4.96,27.0,0.33,False
T002985,2025-04-02,14,HH138,DEV0203,16.7,94.9,26.67,125.5,0.28,False
T002986,2025-04-02,19,HH140,DEV0206,15.4,95.3,20.6,128.4,0.65,False
T002987,2025-04-03,16,HH003,DEV0004,36.9,100.0,25.11,130.0,1.78,False
T002988,2025-04-03,18,HH006,DEV0007,26.5,100.0,15.14,72.0,1.25,False
T002989,2025-04-03,15,HH007,DEV0009,10.1,88.4,19.42,142.5,0.41,False
T002990,2025-04-03,15,HH010,DEV0014,35.9,100.0,38.2,241.2,0.42,False
T002991,2025-04-03,15,HH011,DEV0015,25.1,100.0,44.64,208.3,0.59,False
T002992,2025-04-03,18,HH016,DEV0021,13.8,90.3,34.81,169.0,0.52,False
T002993,2025-04-03,19,HH019,DEV0026,11.8,85.3,24.68,157.1,0.36,False
T002994,2025-04-03,19,HH020,DEV0027,14.3,95.6,2.85,19.1,0.16,False
T002995,2025-04-03,19,HH021,DEV0028,21.2,97.8,20.75,114.1,0.48,False
T002996,2025-04-03,17,HH024,DEV0035,22.0,100.0,42.67,204.8,0.92,False
T002997,2025-04-03,16,HH025,DEV0036,20.6,100.0,4.61,24.2,0.47,False
T002998,2025-04-03,19,HH028,DEV0040,12.5,88.5,29.35,178.0,0.57,False
T002999,2025-04-03,14,HH029,DEV0041,37.3,100.0,4.39,23.4,0.45,False
T003000,2025-04-03,18,HH030,DEV0044,18.1,96.3,2.74,15.5,0.1,False
T003001,2025-04-03,18,HH032,DEV0047,13.2,95.2,5.0,26.9,0.77,False
T003002,2025-04-03,18,HH036,DEV0051,26.1,100.0,4.43,20.2,0.59,False
T003003,2025-04-03,19,HH043,DEV0065,22.8,100.0,3.24,21.6,0.52,False
T003004,2025-04-03,15,HH044,DEV0066,30.9,100.0,21.63,100.4,0.59,False
T003005,2025-04-03,15,HH048,DEV0071,9.3,86.9,31.44,175.0,0.08,False
T003006,2025-04-03,16,HH049,DEV0073,12.0,97.0,3.57,16.7,0.12,False
T003007,2025-04-03,19,HH051,DEV0075,6.7,87.6,3.96,18.8,0.64,False
T003008,2025-04-03,18,HH053,DEV0078,21.5,100.0,15.7,84.1,0.27,False
T003009,2025-04-03,18,HH054,DEV0079,23.4,100.0,3.6,15.9,0.46,False
T003010,2025-04-03,19,HH056,DEV0082,17.1,100.0,3.9,19.6,0.65,False
T003011,2025-04-03,18,HH058,DEV0086,25.1,98.5,2.64,12.8,0.54,False
T003012,2025-04-03,17,HH060,DEV0089,27.2,100.0,19.29,136.1,0.65,False
T003013,2025-04-03,17,HH062,DEV0092,19.5,100.0,26.32,197.4,0.6,False
T003014,2025-04-03,16,HH065,DEV0096,19.0,100.0,40.1,282.4,1.83,False
T003015,2025-04-03,19,HH074,DEV0108,10.5,82.8,4.05,20.0,0.36,False
T003016,2025-04-03,19,HH077,DEV0111,12.5,92.3,6.23,42.1,1.27,False
T003017,2025-04-03,19,HH083,DEV0122,7.3,95.9,34.28,213.9,0.42,False
T003018,2025-04-03,18,HH087,DEV0128,11.6,91.5,2.56,12.3,0.55,False
T003019,2025-04-03,16,HH092,DEV0134,28.3,100.0,32.05,211.5,0.85,False
T003020,2025-04-03,13,HH094,DEV0136,39.7,100.0,29.79,149.1,0.25,False
T003021,2025-04-03,17,HH095,DEV0139,18.8,95.3,18.97,130.8,0.56,False
T003022,2025-04-03,13,HH098,DEV0142,37.7,100.0,34.26,203.8,0.9,False
T003023,2025-04-03,15,HH103,DEV0149,13.6,94.7,3.49,15.9,1.8,False
T003024,2025-04-03,17,HH105,DEV0151,17.2,93.3,3.81,19.5,0.47,False
T003025,2025-04-03,19,HH106,DEV0152,32.2,100.0,35.73,255.3,0.29,False
T003026,2025-04-03,13,HH107,DEV0154,18.8,100.0,2.68,16.0,0.41,False
T003027,2025-04-03,17,HH111,DEV0161,31.9,100.0,4.49,23.1,0.51,False
T003028,2025-04-03,18,HH112,DEV0163,9.5,90.8,27.41,136.5,0.32,False
T003029,2025-04-03,11,HH115,DEV0169,12.5,90.2,31.41,135.3,0.72,False
T003030,2025-04-03,19,HH119,DEV0175,29.7,100.0,17.72,123.2,0.35,False
T003031,2025-04-03,14,HH121,DEV0178,20.0,92.6,32.25,191.1,0.96,False
T003032,2025-04-03,15,HH123,DEV0180,39.2,100.0,12.71,63.0,0.33,False
T003033,2025-04-03,17,HH126,DEV0184,22.1,100.0,5.92,33.9,0.34,False
T003034,2025-04-03,19,HH127,DEV0186,15.1,89.0,37.33,262.5,0.27,False
T003035,2025-04-03,19,HH128,DEV0187,39.2,100.0,2.55,12.6,0.15,False
T003036,2025-04-04,14,HH004,DEV0005,16.7,90.4,5.3,37.8,0.22,False
T003037,2025-04-04,18,HH006,DEV0007,5.2,91.9,17.85,95.2,1.0,False
T003038,2025-04-04,19,HH007,DEV0009,24.2,100.0,18.8,127.4,0.45,False
T003039,2025-04-04,19,HH009,DEV0013,19.5,92.4,4.08,19.9,0.26,False
T003040,2025-04-04,14,HH010,DEV0014,16.5,94.6,46.58,322.7,0.42,False
T003041,2025-04-04,16,HH012,DEV0016,26.2,63.9,1.28,6.2,0.14,True
T003042,2025-04-04,15,HH014,DEV0019,14.7,89.4,3.36,16.1,0.4,False
T003043,2025-04-04,19,HH016,DEV0021,25.9,100.0,33.72,177.0,0.41,False
T003044,2025-04-04,17,HH023,DEV0033,16.2,100.0,32.77,162.5,0.31,False
T003045,2025-04-04,19,HH025,DEV0036,38.1,100.0,3.59,18.9,0.63,False
T003046,2025-04-04,16,HH026,DEV0038,28.4,100.0,35.8,191.8,0.36,False
T003047,2025-04-04,16,HH028,DEV0040,27.3,100.0,28.06,138.1,0.44,False
T003048,2025-04-04,16,HH033,DEV0048,26.0,100.0,4.74,31.4,0.22,False
T003049,2025-04-04,16,HH037,DEV0053,21.0,95.5,3.5,19.0,0.64,False
T003050,2025-04-04,19,HH038,DEV0055,25.3,100.0,2.76,16.7,0.75,False
T003051,2025-04-04,19,HH045,DEV0067,35.4,100.0,33.2,148.3,1.15,False
T003052,2025-04-04,16,HH047,DEV0070,36.5,100.0,15.3,114.0,0.15,False
T003053,2025-04-04,17,HH048,DEV0072,30.3,100.0,5.44,39.8,0.07,False
T003054,2025-04-04,19,HH049,DEV0073,28.1,100.0,3.02,21.5,0.11,False
T003055,2025-04-04,19,HH058,DEV0086,35.4,100.0,2.33,14.2,0.52,False
T003056,2025-04-04,18,HH060,DEV0089,25.0,100.0,19.88,97.3,0.79,False
T003057,2025-04-04,17,HH061,DEV0090,29.5,100.0,5.36,36.6,0.82,False
T003058,2025-04-04,14,HH065,DEV0096,28.2,100.0,35.54,216.6,1.85,False
T003059,2025-04-04,19,HH067,DEV0099,24.0,97.3,5.87,38.8,1.0,False
T003060,2025-04-04,16,HH069,DEV0101,19.1,100.0,44.66,223.6,0.22,False
T003061,2025-04-04,17,HH071,DEV0103,14.7,100.0,5.37,30.9,0.66,False
T003062,2025-04-04,15,HH072,DEV0104,18.5,93.2,21.88,95.1,0.12,False
T003063,2025-04-04,14,HH074,DEV0108,25.0,100.0,4.2,22.0,0.3,False
T003064,2025-04-04,18,HH077,DEV0112,10.6,94.5,6.13,28.9,1.11,False
T003065,2025-04-04,17,HH078,DEV0113,7.4,89.5,4.35,23.5,0.8,False
T003066,2025-04-04,18,HH080,DEV0116,10.0,87.3,5.79,38.5,0.95,False
T003067,2025-04-04,18,HH081,DEV0118,26.9,100.0,15.28,82.9,1.3,False
T003068,2025-04-04,16,HH082,DEV0120,36.8,100.0,2.91,17.3,0.61,False
T003069,2025-04-04,13,HH083,DEV0122,8.7,86.0,29.9,198.3,0.36,False
T003070,2025-04-04,17,HH084,DEV0123,31.5,100.0,3.42,21.8,0.92,False
T003071,2025-04-04,15,HH090,DEV0131,6.5,80.9,41.74,285.2,0.91,False
T003072,2025-04-04,10,HH092,DEV0134,34.4,100.0,29.32,175.0,0.75,False
T003073,2025-04-04,18,HH093,DEV0135,25.7,100.0,3.19,14.2,0.62,False
T003074,2025-04-04,19,HH094,DEV0136,5.4,80.3,36.99,203.0,0.2,False
T003075,2025-04-04,17,HH095,DEV0139,28.8,100.0,17.66,93.7,0.82,False
T003076,2025-04-04,19,HH098,DEV0142,18.0,99.5,44.85,237.1,0.78,False
T003077,2025-04-04,12,HH100,DEV0145,13.2,93.1,32.53,167.7,0.59,False
T003078,2025-04-04,19,HH106,DEV0152,16.5,100.0,44.0,285.8,0.27,False
T003079,2025-04-04,16,HH120,DEV0176,25.8,100.0,4.75,35.5,0.39,False
T003080,2025-04-04,18,HH121,DEV0177,21.8,97.9,4.34,19.2,0.85,False
T003081,2025-04-04,19,HH124,DEV0181,36.2,100.0,28.33,159.8,0.87,False
T003082,2025-04-04,16,HH125,DEV0183,24.2,100.0,4.09,18.7,0.37,False
T003083,2025-04-04,13,HH126,DEV0184,12.2,91.9,6.06,42.5,0.39,False
T003084,2025-04-04,19,HH127,DEV0186,15.8,93.1,39.03,227.1,0.35,False
T003085,2025-04-04,18,HH133,DEV0193,21.6,96.3,2.84,12.8,0.22,False
T003086,2025-04-04,15,HH134,DEV0196,12.6,96.3,6.2,33.2,0.35,False
T003087,2025-04-04,14,HH135,DEV0198,14.9,89.1,4.3,22.8,0.26,False
T003088,2025-04-05,10,HH002,DEV0003,14.5,90.3,4.24,18.7,1.46,False
T003089,2025-04-05,14,HH007,DEV0008,21.1,97.4,2.9,17.2,0.38,False
T003090,2025-04-05,19,HH009,DEV0013,14.1,91.4,4.33,29.1,0.21,False
T003091,2025-04-05,19,HH010,DEV0014,25.6,100.0,44.34,230.1,0.48,False
T003092,2025-04-05,13,HH012,DEV0016,24.2,61.3,1.26,7.2,0.15,True
T003093,2025-04-05,15,HH016,DEV0021,27.7,100.0,32.9,165.6,0.35,False
T003094,2025-04-05,18,HH018,DEV0024,25.6,100.0,5.06,29.2,0.71,False
T003095,2025-04-05,16,HH021,DEV0028,26.9,100.0,19.81,131.9,0.64,False
T003096,2025-04-05,15,HH024,DEV0035,39.5,100.0,33.09,159.4,1.09,False
T003097,2025-04-05,19,HH026,DEV0038,36.1,100.0,31.95,202.5,0.22,False
T003098,2025-04-05,19,HH028,DEV0040,6.6,84.7,30.13,172.3,0.48,False
T003099,2025-04-05,17,HH030,DEV0044,16.8,99.7,2.9,13.2,0.14,False
T003100,2025-04-05,16,HH032,DEV0047,32.7,100.0,4.11,19.8,0.69,False
T003101,2025-04-05,14,HH034,DEV0049,37.0,100.0,4.72,32.3,0.31,False
T003102,2025-04-05,17,HH035,DEV0050,15.9,91.1,25.49,130.9,0.4,False
T003103,2025-04-05,19,HH038,DEV0054,29.4,100.0,22.52,125.5,0.58,False
T003104,2025-04-05,17,HH040,DEV0059,38.3,100.0,1.91,8.7,0.84,False
T003105,2025-04-05,12,HH041,DEV0060,27.0,100.0,3.72,17.4,0.21,False
T003106,2025-04-05,18,HH042,DEV0063,23.9,98.2,5.57,24.2,0.47,False
T003107,2025-04-05,15,HH046,DEV0068,11.9,95.8,39.44,266.2,0.15,False
T003108,2025-04-05,15,HH047,DEV0070,36.4,100.0,15.33,74.7,0.18,False
T003109,2025-04-05,19,HH050,DEV0074,25.3,100.0,3.44,16.6,0.47,False
T003110,2025-04-05,19,HH051,DEV0075,24.7,98.2,3.6,24.0,0.58,False
T003111,2025-04-05,17,HH059,DEV0087,25.7,100.0,4.31,18.7,0.32,False
T003112,2025-04-05,19,HH061,DEV0091,27.8,100.0,4.33,23.9,0.71,False
T003113,2025-04-05,17,HH063,DEV0093,14.4,99.5,24.44,158.6,0.77,False
T003114,2025-04-05,18,HH067,DEV0099,32.3,100.0,5.42,30.5,0.99,False
T003115,2025-04-05,17,HH068,DEV0100,27.5,100.0,31.46,151.6,0.64,False
T003116,2025-04-05,16,HH074,DEV0107,5.3,77.9,36.54,251.4,0.33,False
T003117,2025-04-05,16,HH076,DEV0110,28.4,100.0,25.63,113.7,0.85,False
T003118,2025-04-05,18,HH079,DEV0115,38.2,100.0,30.41,161.6,0.48,False
T003119,2025-04-05,18,HH080,DEV0116,24.1,100.0,5.69,26.7,0.68,False
T003120,2025-04-05,15,HH083,DEV0122,26.9,100.0,28.29,175.8,0.53,False
T003121,2025-04-05,16,HH084,DEV0123,23.1,99.9,3.84,24.1,0.82,False
T003122,2025-04-05,12,HH087,DEV0128,27.4,96.7,2.22,16.0,0.5,False
T003123,2025-04-05,17,HH088,DEV0129,37.9,100.0,28.63,130.2,0.22,False
T003124,2025-04-05,12,HH092,DEV0134,38.7,100.0,27.4,120.2,0.87,False
T003125,2025-04-05,14,HH094,DEV0136,28.3,100.0,35.42,219.1,0.23,False
T003126,2025-04-05,19,HH096,DEV0140,32.0,100.0,4.9,21.7,0.22,False
T003127,2025-04-05,16,HH100,DEV0145,39.3,100.0,24.7,108.2,0.56,False
T003128,2025-04-05,17,HH103,DEV0149,22.6,100.0,3.33,19.8,1.8,False
T003129,2025-04-05,19,HH112,DEV0163,6.5,81.9,25.41,154.9,0.51,False
T003130,2025-04-05,18,HH117,DEV0171,32.9,100.0,2.42,15.2,1.02,False
T003131,2025-04-05,18,HH118,DEV0172,15.2,90.0,34.8,184.4,0.42,False
T003132,2025-04-05,15,HH120,DEV0176,14.9,93.1,5.0,22.2,0.34,False
T003133,2025-04-05,14,HH121,DEV0177,27.2,100.0,4.15,24.2,1.04,False
T003134,2025-04-05,16,HH122,DEV0179,36.8,100.0,20.73,128.2,0.64,False
T003135,2025-04-05,13,HH125,DEV0183,12.9,99.6,4.68,31.4,0.42,False
T003136,2025-04-05,16,HH126,DEV0184,12.1,86.5,5.66,39.8,0.29,False
T003137,2025-04-05,16,HH127,DEV0185,31.1,100.0,40.72,175.8,0.34,False
T003138,2025-04-05,14,HH128,DEV0187,15.4,92.9,3.25,17.3,0.17,False
T003139,2025-04-05,18,HH129,DEV0188,18.7,100.0,4.8,23.4,0.64,False
T003140,2025-04-05,19,HH131,DEV0190,30.4,100.0,3.27,15.1,0.5,False
T003141,2025-04-05,19,HH132,DEV0192,11.7,96.3,4.23,20.2,0.68,False
T003142,2025-04-05,19,HH135,DEV0198,38.5,100.0,3.57,21.2,0.24,False
T003143,2025-04-05,18,HH138,DEV0203,16.2,89.3,24.92,134.5,0.28,False
T003144,2025-04-05,15,HH139,DEV0204,8.3,88.6,29.46,148.7,0.42,False
T003145,2025-04-06,19,HH004,DEV0005,9.0,89.4,5.79,27.4,0.25,False
T003146,2025-04-06,18,HH007,DEV0008,38.5,100.0,2.34,12.1,0.37,False
T003147,2025-04-06,13,HH009,DEV0013,6.1,93.3,4.88,33.2,0.27,False
T003148,2025-04-06,16,HH011,DEV0015,27.5,100.0,43.21,268.1,0.59,False
T003149,2025-04-06,14,HH012,DEV0016,25.5,77.9,1.78,13.1,0.12,True
T003150,2025-04-06,13,HH015,DEV0020,31.8,100.0,2.32,13.7,0.59,False
T003151,2025-04-06,18,HH022,DEV0031,34.4,100.0,13.32,87.9,0.71,False
T003152,2025-04-06,14,HH024,DEV0035,34.7,100.0,35.72,227.3,0.75,False
T003153,2025-04-06,17,HH025,DEV0037,22.7,100.0,45.45,205.6,0.48,False
T003154,2025-04-06,18,HH030,DEV0044,20.3,100.0,2.79,12.9,0.13,False
T003155,2025-04-06,17,HH035,DEV0050,34.6,100.0,22.17,99.0,0.51,False
T003156,2025-04-06,18,HH036,DEV0051,12.6,89.2,4.6,22.0,0.6,False
T003157,2025-04-06,19,HH038,DEV0054,27.5,100.0,23.13,107.0,0.79,False
T003158,2025-04-06,14,HH049,DEV0073,37.7,100.0,2.62,15.1,0.08,False
T003159,2025-04-06,19,HH053,DEV0078,15.5,100.0,16.9,82.0,0.22,False
T003160,2025-04-06,14,HH054,DEV0079,24.8,100.0,3.53,19.0,0.68,False
T003161,2025-04-06,13,HH057,DEV0085,35.8,100.0,4.88,23.1,0.97,False
T003162,2025-04-06,17,HH060,DEV0088,14.6,99.3,6.18,42.8,1.04,False
T003163,2025-04-06,16,HH061,DEV0090,6.1,79.8,5.6,26.7,0.79,False
T003164,2025-04-06,15,HH065,DEV0096,25.0,95.4,34.84,228.1,1.68,False
T003165,2025-04-06,16,HH066,DEV0098,9.1,94.5,5.55,28.4,0.56,False
T003166,2025-04-06,17,HH067,DEV0099,38.9,100.0,4.89,24.5,0.85,False
T003167,2025-04-06,18,HH073,DEV0106,8.5,90.3,5.24,33.0,0.43,False
T003168,2025-04-06,13,HH076,DEV0110,21.6,91.5,25.02,112.0,0.61,False
T003169,2025-04-06,15,HH077,DEV0111,5.7,95.6,7.02,40.6,1.08,False
T003170,2025-04-06,17,HH078,DEV0113,28.7,100.0,3.78,20.2,0.77,False
T003171,2025-04-06,12,HH079,DEV0115,29.0,100.0,34.93,168.6,0.46,False
T003172,2025-04-06,14,HH082,DEV0119,8.3,100.0,6.05,30.2,0.9,False
T003173,2025-04-06,15,HH083,DEV0122,17.5,88.6,27.51,133.6,0.43,False
T003174,2025-04-06,16,HH090,DEV0132,7.2,91.1,48.74,228.5,0.88,False
T003175,2025-04-06,14,HH092,DEV0134,13.2,98.8,38.27,264.0,0.78,False
T003176,2025-04-06,16,HH094,DEV0136,7.4,88.4,40.04,230.0,0.26,False
T003177,2025-04-06,19,HH097,DEV0141,32.1,100.0,3.53,20.4,0.4,False
T003178,2025-04-06,15,HH099,DEV0144,15.6,100.0,6.5,40.3,0.32,False
T003179,2025-04-06,19,HH104,DEV0150,30.3,100.0,22.93,118.4,0.29,False
T003180,2025-04-06,14,HH105,DEV0151,27.2,100.0,3.64,20.5,0.35,False
T003181,2025-04-06,13,HH106,DEV0152,21.7,95.4,38.83,269.4,0.21,False
T003182,2025-04-06,13,HH108,DEV0155,35.0,100.0,29.18,160.9,0.49,False
T003183,2025-04-06,14,HH111,DEV0161,38.9,100.0,4.03,21.3,0.57,False
T003184,2025-04-06,19,HH115,DEV0169,24.9,100.0,30.34,133.0,0.58,False
T003185,2025-04-06,16,HH116,DEV0170,30.0,100.0,23.59,135.2,1.04,False
T003186,2025-04-06,19,HH120,DEV0176,22.1,100.0,4.99,27.8,0.42,False
T003187,2025-04-06,17,HH121,DEV0177,10.1,94.0,4.78,27.4,0.76,False
T003188,2025-04-06,13,HH124,DEV0181,8.0,81.3,32.55,226.8,0.74,False
T003189,2025-04-06,19,HH136,DEV0199,36.9,100.0,29.09,203.6,0.43,False
T003190,2025-04-06,17,HH138,DEV0203,27.1,100.0,24.86,159.4,0.21,False
T003191,2025-04-07,16,HH001,DEV0001,20.5,100.0,27.35,190.3,0.91,False
T003192,2025-04-07,12,HH004,DEV0005,37.5,100.0,4.5,31.9,0.15,False
T003193,2025-04-07,10,HH005,DEV0006,9.4,94.1,3.3,20.2,0.63,False
T003194,2025-04-07,14,HH007,DEV0008,16.1,100.0,3.19,15.2,0.36,False
T003195,2025-04-07,19,HH012,DEV0016,26.2,75.9,1.69,10.7,0.13,True
T003196,2025-04-07,18,HH014,DEV0019,31.7,100.0,3.07,18.5,0.51,False
T003197,2025-04-07,19,HH015,DEV0020,25.6,100.0,2.53,11.8,0.81,False
T003198,2025-04-07,19,HH016,DEV0021,17.9,100.0,37.36,269.2,0.35,False
T003199,2025-04-07,18,HH019,DEV0026,34.4,100.0,22.04,99.2,0.43,False
T003200,2025-04-07,17,HH020,DEV0027,26.9,100.0,2.56,13.0,0.21,False
T003201,2025-04-07,16,HH023,DEV0032,39.9,100.0,35.64,168.1,0.29,False
T003202,2025-04-07,15,HH024,DEV0035,37.5,100.0,34.19,215.8,1.01,False
T003203,2025-04-07,16,HH027,DEV0039,33.1,100.0,2.14,14.1,0.22,False
T003204,2025-04-07,19,HH030,DEV0044,9.4,98.2,3.11,19.2,0.14,False
T003205,2025-04-07,14,HH036,DEV0052,29.3,100.0,5.23,23.7,0.72,False
T003206,2025-04-07,17,HH038,DEV0055,22.4,100.0,2.87,12.5,0.69,False
T003207,2025-04-07,14,HH039,DEV0058,7.7,89.7,3.94,18.5,1.31,False
T003208,2025-04-07,16,HH041,DEV0060,17.3,100.0,4.22,19.6,0.21,False
T003209,2025-04-07,19,HH044,DEV0066,8.0,81.1,22.88,101.4,0.6,False
T003210,2025-04-07,18,HH046,DEV0068,32.4,100.0,31.77,192.2,0.16,False
T003211,2025-04-07,17,HH047,DEV0070,25.6,100.0,17.93,96.8,0.16,False
T003212,2025-04-07,19,HH049,DEV0073,39.8,100.0,2.53,12.2,0.1,False
T003213,2025-04-07,16,HH052,DEV0077,6.1,84.7,4.01,19.5,0.32,False
T003214,2025-04-07,14,HH056,DEV0082,5.9,87.0,3.81,26.7,0.53,False
T003215,2025-04-07,14,HH057,DEV0084,39.8,100.0,1.93,9.1,0.83,False
T003216,2025-04-07,19,HH058,DEV0086,36.8,100.0,2.28,10.0,0.46,False
T003217,2025-04-07,16,HH059,DEV0087,13.1,88.4,4.37,20.2,0.24,False
T003218,2025-04-07,17,HH065,DEV0097,22.5,95.0,5.44,24.0,1.59,False
T003219,2025-04-07,11,HH066,DEV0098,7.4,91.8,5.49,35.0,0.48,False
T003220,2025-04-07,12,HH067,DEV0099,26.1,100.0,5.91,42.9,0.8,False
T003221,2025-04-07,17,HH068,DEV0100,11.0,94.9,36.41,170.4,0.66,False
T003222,2025-04-07,19,HH069,DEV0101,27.0,97.1,38.7,177.7,0.28,False
T003223,2025-04-07,19,HH071,DEV0103,18.2,91.8,4.63,27.9,0.52,False
T003224,2025-04-07,13,HH074,DEV0108,22.8,93.1,3.94,17.3,0.3,False
T003225,2025-04-07,19,HH075,DEV0109,29.1,100.0,28.93,167.4,0.57,False
T003226,2025-04-07,19,HH077,DEV0112,14.5,100.0,6.24,29.8,1.13,False
T003227,2025-04-07,13,HH079,DEV0115,6.2,82.0,37.3,234.3,0.44,False
T003228,2025-04-07,15,HH080,DEV0116,19.0,95.0,5.7,34.2,0.61,False
T003229,2025-04-07,19,HH082,DEV0119,39.4,100.0,4.0,17.7,0.62,False
T003230,2025-04-07,16,HH085,DEV0124,25.6,99.0,24.66,132.2,0.11,False
T003231,2025-04-07,18,HH086,DEV0127,39.6,100.0,2.36,11.3,0.38,False
T003232,2025-04-07,14,HH087,DEV0128,8.7,85.6,2.46,12.0,0.43,False
T003233,2025-04-07,15,HH093,DEV0135,23.7,100.0,3.28,14.4,0.55,False
T003234,2025-04-07,16,HH095,DEV0139,13.0,92.1,19.62,109.3,0.89,False
T003235,2025-04-07,15,HH099,DEV0144,30.2,100.0,5.37,34.3,0.37,False
T003236,2025-04-07,16,HH104,DEV0150,38.8,100.0,20.13,148.6,0.37,False
T003237,2025-04-07,19,HH106,DEV0152,38.3,100.0,32.52,181.8,0.24,False
T003238,2025-04-07,16,HH107,DEV0153,24.6,95.1,2.68,12.3,0.41,False
T003239,2025-04-07,17,HH110,DEV0158,7.5,89.1,2.69,15.3,0.83,False
T003240,2025-04-07,19,HH114,DEV0168,37.5,100.0,22.56,111.4,0.62,False
T003241,2025-04-07,17,HH115,DEV0169,28.0,100.0,29.09,212.0,0.6,False
T003242,2025-04-07,15,HH116,DEV0170,37.9,100.0,20.93,121.0,1.03,False
T003243,2025-04-07,19,HH117,DEV0171,32.5,100.0,2.43,17.1,0.98,False
T003244,2025-04-07,18,HH119,DEV0175,16.5,100.0,21.04,108.9,0.38,False
T003245,2025-04-07,15,HH120,DEV0176,30.0,100.0,4.48,19.8,0.37,False
T003246,2025-04-07,17,HH123,DEV0180,34.4,100.0,13.71,66.4,0.33,False
T003247,2025-04-07,18,HH127,DEV0185,19.9,95.8,44.84,210.2,0.22,False
T003248,2025-04-07,13,HH129,DEV0188,29.1,100.0,4.18,20.1,0.52,False
T003249,2025-04-07,19,HH130,DEV0189,19.9,100.0,5.69,40.9,0.55,False
T003250,2025-04-07,17,HH134,DEV0196,9.4,100.0,6.7,39.6,0.36,False
T003251,2025-04-07,16,HH138,DEV0203,39.3,100.0,20.7,107.1,0.3,False
T003252,2025-04-07,15,HH139,DEV0204,37.1,100.0,23.08,145.3,0.39,False
T003253,2025-04-08,15,HH005,DEV0006,18.0,91.6,2.87,16.6,0.6,False
T003254,2025-04-08,16,HH010,DEV0014,37.8,100.0,37.07,241.7,0.42,False
T003255,2025-04-08,19,HH011,DEV0015,5.2,87.1,48.78,214.8,0.63,False
T003256,2025-04-08,16,HH012,DEV0016,16.6,53.0,1.24,6.1,0.15,True
T003257,2025-04-08,16,HH018,DEV0024,26.0,100.0,5.03,26.4,0.63,False
T003258,2025-04-08,19,HH026,DEV0038,34.4,100.0,32.8,144.2,0.32,False
T003259,2025-04-08,19,HH027,DEV0039,37.7,100.0,1.99,10.6,0.23,False
T003260,2025-04-08,10,HH030,DEV0044,12.5,98.4,3.01,13.9,0.11,False
T003261,2025-04-08,13,HH035,DEV0050,7.7,80.6,24.71,172.1,0.33,False
T003262,2025-04-08,15,HH041,DEV0060,6.2,97.3,4.64,21.9,0.17,False
T003263,2025-04-08,14,HH043,DEV0065,9.8,81.0,2.99,14.2,0.46,False
T003264,2025-04-08,19,HH048,DEV0071,21.1,100.0,31.95,196.9,0.06,False
T003265,2025-04-08,12,HH049,DEV0073,12.5,92.3,3.35,15.8,0.08,False
T003266,2025-04-08,15,HH051,DEV0075,10.3,86.8,3.75,22.6,0.48,False
T003267,2025-04-08,19,HH056,DEV0083,26.1,100.0,16.18,74.0,0.51,False
T003268,2025-04-08,17,HH059,DEV0087,38.1,100.0,3.59,20.7,0.26,False
T003269,2025-04-08,15,HH060,DEV0088,39.0,100.0,4.45,22.8,0.65,False
T003270,2025-04-08,18,HH068,DEV0100,25.9,100.0,32.16,214.3,1.09,False
T003271,2025-04-08,16,HH069,DEV0101,22.7,100.0,42.67,204.8,0.18,False
T003272,2025-04-08,15,HH071,DEV0103,20.8,100.0,4.99,36.7,0.65,False
T003273,2025-04-08,19,HH072,DEV0104,22.5,100.0,22.71,136.2,0.12,False
T003274,2025-04-08,19,HH077,DEV0111,10.8,91.3,6.28,33.6,1.01,False
T003275,2025-04-08,15,HH078,DEV0113,36.8,100.0,3.35,20.7,0.85,False
T003276,2025-04-08,18,HH082,DEV0121,32.7,100.0,29.07,129.5,0.91,False
T003277,2025-04-08,15,HH084,DEV0123,6.2,83.2,3.85,28.4,0.67,False
T003278,2025-04-08,17,HH087,DEV0128,14.8,85.1,2.25,10.0,0.47,False
T003279,2025-04-08,12,HH089,DEV0130,6.5,82.7,3.43,15.2,0.16,False
T003280,2025-04-08,19,HH090,DEV0132,16.2,100.0,48.69,355.7,0.75,False
T003281,2025-04-08,15,HH093,DEV0135,31.2,100.0,2.96,13.3,0.65,False
T003282,2025-04-08,15,HH099,DEV0144,23.4,100.0,5.9,30.4,0.38,False
T003283,2025-04-08,16,HH108,DEV0155,23.7,100.0,34.26,206.6,0.6,False
T003284,2025-04-08,17,HH109,DEV0156,10.0,83.3,5.57,39.2,0.45,False
T003285,2025-04-08,12,HH113,DEV0165,28.1,100.0,5.39,29.2,0.38,False
T003286,2025-04-08,14,HH114,DEV0168,26.4,100.0,26.57,118.3,0.63,False
T003287,2025-04-08,15,HH119,DEV0175,22.2,100.0,19.61,129.5,0.41,False
T003288,2025-04-08,19,HH122,DEV0179,11.9,100.0,28.9,204.1,0.59,False
T003289,2025-04-08,14,HH123,DEV0180,10.6,89.5,16.48,123.0,0.38,False
T003290,2025-04-08,19,HH124,DEV0181,23.2,100.0,34.1,205.7,0.92,False
T003291,2025-04-08,18,HH132,DEV0192,11.4,99.4,4.4,25.4,0.48,False
T003292,2025-04-09,17,HH002,DEV0002,25.0,100.0,42.6,274.9,1.39,False
T003293,2025-04-09,19,HH003,DEV0004,17.3,89.8,28.84,128.0,1.7,False
T003294,2025-04-09,14,HH010,DEV0014,27.8,100.0,43.03,257.9,0.44,False
T003295,2025-04-09,12,HH014,DEV0019,22.5,100.0,3.49,20.1,0.45,False
T003296,2025-04-09,18,HH017,DEV0023,27.6,99.5,4.1,23.0,0.94,False
T003297,2025-04-09,12,HH021,DEV0029,28.1,100.0,2.88,20.2,0.4,False
T003298,2025-04-09,16,HH023,DEV0032,30.7,100.0,41.09,187.5,0.3,False
T003299,2025-04-09,13,HH024,DEV0035,35.0,100.0,35.56,173.0,0.94,False
T003300,2025-04-09,13,HH025,DEV0036,29.5,100.0,4.09,19.0,0.65,False
T003301,2025-04-09,14,HH031,DEV0046,11.0,85.5,38.73,222.7,0.57,False
T003302,2025-04-09,14,HH033,DEV0048,37.7,100.0,3.99,29.1,0.23,False
T003303,2025-04-09,17,HH040,DEV0059,30.5,100.0,2.15,14.8,0.51,False
T003304,2025-04-09,17,HH047,DEV0069,16.5,58.3,21.53,106.5,0.17,True
T003305,2025-04-09,19,HH054,DEV0079,7.5,77.7,3.3,16.2,0.6,False
T003306,2025-04-09,15,HH056,DEV0082,15.7,100.0,3.96,17.7,0.49,False
T003307,2025-04-09,19,HH059,DEV0087,22.1,100.0,4.52,29.3,0.37,False
T003308,2025-04-09,19,HH069,DEV0101,11.3,83.9,40.09,219.8,0.18,False
T003309,2025-04-09,14,HH070,DEV0102,20.8,91.5,2.33,10.2,0.24,False
T003310,2025-04-09,15,HH073,DEV0105,8.1,94.1,5.25,23.6,0.46,False
T003311,2025-04-09,13,HH075,DEV0109,27.4,100.0,29.62,162.2,0.51,False
T003312,2025-04-09,16,HH076,DEV0110,7.0,88.6,29.2,166.5,0.62,False
T003313,2025-04-09,13,HH077,DEV0111,8.5,80.9,5.64,33.0,0.96,False
T003314,2025-04-09,17,HH080,DEV0116,18.4,100.0,6.12,32.4,0.8,False
T003315,2025-04-09,18,HH082,DEV0120,25.0,100.0,3.45,21.1,0.67,False
T003316,2025-04-09,14,HH084,DEV0123,38.8,100.0,3.06,21.8,0.87,False
T003317,2025-04-09,16,HH091,DEV0133,13.7,88.6,3.37,19.2,0.52,False
T003318,2025-04-09,13,HH095,DEV0138,6.5,88.6,23.24,134.1,0.78,False
T003319,2025-04-09,19,HH099,DEV0144,35.6,100.0,4.96,26.5,0.3,False
T003320,2025-04-09,18,HH101,DEV0147,28.4,100.0,2.58,16.0,0.08,False
T003321,2025-04-09,19,HH104,DEV0150,19.5,96.3,25.27,108.5,0.27,False
T003322,2025-04-09,16,HH106,DEV0152,23.0,100.0,40.58,205.7,0.25,False
T003323,2025-04-09,16,HH110,DEV0159,15.0,97.0,2.95,13.5,0.78,False
T003324,2025-04-09,14,HH111,DEV0162,30.4,100.0,30.62,153.4,0.72,False
T003325,2025-04-09,17,HH112,DEV0163,37.8,100.0,20.96,95.2,0.41,False
T003326,2025-04-09,14,HH113,DEV0165,18.2,98.2,6.0,27.9,0.39,False
T003327,2025-04-09,12,HH115,DEV0169,30.8,100.0,27.96,164.3,0.87,False
T003328,2025-04-09,15,HH117,DEV0171,8.6,95.9,3.14,16.9,0.77,False
T003329,2025-04-09,15,HH119,DEV0175,36.1,100.0,16.1,108.8,0.28,False
T003330,2025-04-09,18,HH122,DEV0179,9.4,94.1,27.77,147.9,0.57,False
T003331,2025-04-09,17,HH123,DEV0180,40.0,100.0,12.54,54.6,0.39,False
T003332,2025-04-09,17,HH124,DEV0181,17.6,86.4,30.55,200.8,0.87,False
T003333,2025-04-09,14,HH127,DEV0185,31.4,100.0,40.54,295.6,0.3,False
T003334,2025-04-09,17,HH128,DEV0187,36.8,100.0,2.65,13.9,0.15,False
T003335,2025-04-09,18,HH134,DEV0196,29.6,100.0,5.21,22.9,0.29,False
T003336,2025-04-09,12,HH140,DEV0206,13.9,90.2,19.68,92.7,0.42,False
T003337,2025-04-10,18,HH001,DEV0001,33.5,100.0,22.88,147.5,0.74,False
T003338,2025-04-10,14,HH004,DEV0005,23.0,100.0,5.54,31.6,0.25,False
T003339,2025-04-10,18,HH005,DEV0006,37.9,100.0,2.42,17.5,0.37,False
T003340,2025-04-10,17,HH009,DEV0013,37.7,100.0,3.49,20.4,0.23,False
T003341,2025-04-10,17,HH010,DEV0014,26.4,100.0,43.87,230.1,0.48,False
T003342,2025-04-10,19,HH012,DEV0016,21.0,69.8,1.66,7.5,0.12,True
T003343,2025-04-10,17,HH016,DEV0021,32.7,100.0,30.62,132.0,0.33,False
T003344,2025-04-10,16,HH018,DEV0025,14.5,89.6,30.19,168.2,0.55,False
T003345,2025-04-10,18,HH019,DEV0026,17.8,100.0,27.62,127.7,0.41,False
T003346,2025-04-10,19,HH022,DEV0030,24.9,100.0,3.38,23.0,0.49,False
T003347,2025-04-10,11,HH023,DEV0033,7.4,82.3,29.28,169.1,0.31,False
T003348,2025-04-10,14,HH028,DEV0040,38.8,100.0,23.62,101.6,0.52,False
T003349,2025-04-10,13,HH031,DEV0046,26.3,100.0,38.32,269.2,0.43,False
T003350,2025-04-10,19,HH032,DEV0047,36.7,100.0,3.86,19.4,0.76,False
T003351,2025-04-10,17,HH036,DEV0052,35.1,100.0,4.8,32.0,0.75,False
T003352,2025-04-10,19,HH037,DEV0053,8.1,84.0,3.57,21.9,0.84,False
T003353,2025-04-10,19,HH039,DEV0057,31.2,100.0,5.23,38.4,0.93,False
T003354,2025-04-10,15,HH041,DEV0060,35.8,100.0,3.27,20.6,0.24,False
T003355,2025-04-10,16,HH046,DEV0068,33.0,100.0,31.49,154.3,0.17,False
T003356,2025-04-10,15,HH050,DEV0074,12.9,97.1,3.87,22.8,0.53,False
T003357,2025-04-10,19,HH066,DEV0098,25.7,100.0,4.83,25.0,0.51,False
T003358,2025-04-10,17,HH069,DEV0101,23.6,100.0,42.17,237.5,0.28,False
T003359,2025-04-10,15,HH072,DEV0104,26.9,100.0,21.42,156.9,0.1,False
T003360,2025-04-10,19,HH074,DEV0108,17.1,93.8,4.29,20.5,0.22,False
T003361,2025-04-10,16,HH075,DEV0109,30.8,100.0,28.23,143.1,0.52,False
T003362,2025-04-10,18,HH076,DEV0110,19.0,95.8,27.5,141.4,0.67,False
T003363,2025-04-10,18,HH081,DEV0117,38.5,100.0,14.76,84.1,1.12,False
T003364,2025-04-10,19,HH082,DEV0121,9.4,97.1,37.9,192.5,0.62,False
T003365,2025-04-10,15,HH085,DEV0124,9.4,82.6,24.6,125.5,0.1,False
T003366,2025-04-10,11,HH086,DEV0125,19.1,93.8,2.61,12.5,0.43,False
T003367,2025-04-10,16,HH097,DEV0141,37.4,100.0,3.26,17.1,0.35,False
T003368,2025-04-10,19,HH098,DEV0143,22.8,99.3,4.36,19.2,0.86,False
T003369,2025-04-10,16,HH099,DEV0144,10.7,100.0,6.88,50.3,0.3,False
T003370,2025-04-10,19,HH101,DEV0147,7.7,90.3,2.97,15.7,0.11,False
T003371,2025-04-10,16,HH103,DEV0149,39.4,100.0,2.61,13.0,1.66,False
T003372,2025-04-10,13,HH106,DEV0152,27.4,100.0,38.26,178.7,0.29,False
T003373,2025-04-10,18,HH112,DEV0163,20.7,97.6,25.92,157.5,0.27,False
T003374,2025-04-10,16,HH116,DEV0170,15.4,100.0,28.51,152.9,0.97,False
T003375,2025-04-10,19,HH118,DEV0173,22.2,100.0,3.58,17.6,0.49,False
T003376,2025-04-10,13,HH119,DEV0175,12.5,82.6,17.66,94.2,0.33,False
T003377,2025-04-10,17,HH122,DEV0179,10.8,89.9,25.96,147.9,0.62,False
T003378,2025-04-10,19,HH129,DEV0188,32.0,100.0,4.01,17.5,0.6,False
T003379,2025-04-10,17,HH130,DEV0189,19.4,90.0,5.01,25.3,0.55,False
T003380,2025-04-10,17,HH131,DEV0190,15.9,98.3,3.87,24.9,0.56,False
T003381,2025-04-10,15,HH132,DEV0191,20.6,100.0,20.25,92.9,0.56,False
T003382,2025-04-10,19,HH135,DEV0198,18.2,91.6,4.26,28.9,0.18,False
T003383,2025-04-10,16,HH136,DEV0199,18.5,94.1,34.86,178.5,0.52,False
T003384,2025-04-10,19,HH139,DEV0204,24.6,100.0,27.67,175.3,0.42,False
T003385,2025-04-11,19,HH004,DEV0005,17.4,98.4,5.83,32.4,0.2,False
T003386,2025-04-11,19,HH006,DEV0007,8.7,83.0,15.31,66.8,1.11,False
T003387,2025-04-11,15,HH011,DEV0015,39.5,100.0,36.06,223.7,0.66,False
T003388,2025-04-11,12,HH016,DEV0021,23.9,93.6,31.71,166.0,0.39,False
T003389,2025-04-11,16,HH022,DEV0031,32.1,100.0,13.78,60.6,0.57,False
T003390,2025-04-11,16,HH025,DEV0036,31.4,100.0,3.98,24.9,0.62,False
T003391,2025-04-11,14,HH031,DEV0045,20.6,100.0,40.41,244.1,0.6,False
T003392,2025-04-11,13,HH032,DEV0047,23.4,100.0,4.67,30.5,0.91,False
T003393,2025-04-11,16,HH039,DEV0058,20.9,98.2,3.71,23.7,1.25,False
T003394,2025-04-11,18,HH048,DEV0071,8.5,95.7,35.31,194.2,0.07,False
T003395,2025-04-11,14,HH058,DEV0086,29.8,100.0,2.53,16.0,0.39,False
T003396,2025-04-11,18,HH059,DEV0087,38.6,100.0,3.56,22.1,0.28,False
T003397,2025-04-11,18,HH066,DEV0098,38.9,100.0,3.97,17.8,0.53,False
T003398,2025-04-11,19,HH067,DEV0099,35.2,100.0,5.18,32.3,0.62,False
T003399,2025-04-11,9,HH069,DEV0101,24.5,97.3,40.21,181.2,0.27,False
T003400,2025-04-11,18,HH072,DEV0104,13.0,83.8,20.74,105.1,0.09,False
T003401,2025-04-11,17,HH073,DEV0106,23.4,100.0,4.9,26.5,0.45,False
T003402,2025-04-11,14,HH074,DEV0108,19.8,98.7,4.42,30.6,0.35,False
T003403,2025-04-11,18,HH075,DEV0109,23.0,98.2,30.7,142.9,0.34,False
T003404,2025-04-11,19,HH081,DEV0117,8.5,100.0,21.96,108.0,0.93,False
T003405,2025-04-11,14,HH083,DEV0122,11.6,96.5,32.87,206.6,0.39,False
T003406,2025-04-11,18,HH096,DEV0140,36.9,100.0,4.54,24.7,0.14,False
T003407,2025-04-11,17,HH098,DEV0142,18.8,100.0,44.66,255.7,0.64,False
T003408,2025-04-11,15,HH100,DEV0146,14.8,100.0,4.86,25.0,0.52,False
T003409,2025-04-11,13,HH101,DEV0147,25.0,100.0,2.7,18.4,0.07,False
T003410,2025-04-11,19,HH105,DEV0151,19.4,96.5,3.86,17.0,0.31,False
T003411,2025-04-11,14,HH106,DEV0152,30.4,100.0,36.68,169.0,0.19,False
T003412,2025-04-11,18,HH107,DEV0153,7.7,90.4,3.14,23.3,0.35,False
T003413,2025-04-11,14,HH109,DEV0156,12.5,98.4,6.53,31.0,0.66,False
T003414,2025-04-11,15,HH110,DEV0160,29.3,100.0,25.24,121.0,0.82,False
T003415,2025-04-11,18,HH111,DEV0161,24.4,100.0,4.99,25.3,0.48,False
T003416,2025-04-11,19,HH112,DEV0163,32.1,100.0,22.88,143.8,0.49,False
T003417,2025-04-11,16,HH115,DEV0169,22.7,98.9,30.79,219.4,0.67,False
T003418,2025-04-11,19,HH116,DEV0170,6.9,90.5,28.16,121.9,1.08,False
T003419,2025-04-11,16,HH118,DEV0173,32.0,100.0,3.13,19.4,0.34,False
T003420,2025-04-11,17,HH120,DEV0176,26.9,100.0,4.68,23.1,0.54,False
T003421,2025-04-11,17,HH121,DEV0178,12.2,88.1,33.7,167.0,0.88,False
T003422,2025-04-11,16,HH122,DEV0179,7.8,93.7,28.16,152.0,0.83,False
T003423,2025-04-11,19,HH130,DEV0189,20.8,100.0,5.62,31.1,0.47,False
T003424,2025-04-11,14,HH131,DEV0190,22.3,100.0,3.65,20.1,0.41,False
T003425,2025-04-11,19,HH136,DEV0199,25.5,100.0,34.34,242.2,0.35,False
T003426,2025-04-11,16,HH138,DEV0203,24.3,100.0,25.81,183.1,0.28,False
T003427,2025-04-11,19,HH139,DEV0205,36.2,100.0,4.27,22.8,0.44,False
T003428,2025-04-12,10,HH001,DEV0001,9.8,87.2,26.64,140.0,0.79,False
T003429,2025-04-12,19,HH005,DEV0006,21.8,100.0,3.05,17.4,0.49,False
T003430,2025-04-12,17,HH012,DEV0016,12.2,47.6,1.2,7.3,0.1,True
T003431,2025-04-12,18,HH013,DEV0017,32.5,100.0,3.58,16.4,1.18,False
T003432,2025-04-12,14,HH019,DEV0026,38.0,100.0,20.83,136.1,0.27,False
T003433,2025-04-12,19,HH023,DEV0033,28.5,100.0,27.96,145.1,0.25,False
T003434,2025-04-12,17,HH024,DEV0034,16.6,100.0,48.79,214.0,0.92,False
T003435,2025-04-12,16,HH025,DEV0037,6.2,80.1,43.44,280.2,0.55,False
T003436,2025-04-12,12,HH032,DEV0047,19.3,100.0,4.92,36.7,0.78,False
T003437,2025-04-12,19,HH033,DEV0048,31.9,100.0,4.36,27.3,0.34,False
T003438,2025-04-12,17,HH036,DEV0052,29.6,100.0,5.21,39.0,0.57,False
T003439,2025-04-12,17,HH038,DEV0055,15.3,84.8,2.57,11.1,0.6,False
T003440,2025-04-12,19,HH044,DEV0066,38.7,100.0,19.19,85.7,0.79,False
T003441,2025-04-12,19,HH048,DEV0072,27.2,100.0,5.68,36.8,0.1,False
T003442,2025-04-12,18,HH050,DEV0074,37.6,100.0,2.87,14.6,0.36,False
T003443,2025-04-12,15,HH053,DEV0078,34.2,100.0,13.16,74.3,0.24,False
T003444,2025-04-12,16,HH054,DEV0079,8.5,89.3,3.8,19.9,0.52,False
T003445,2025-04-12,16,HH062,DEV0092,15.4,97.3,26.79,116.8,0.54,False
T003446,2025-04-12,18,HH063,DEV0093,33.6,100.0,19.06,98.7,0.79,False
T003447,2025-04-12,18,HH065,DEV0096,33.8,100.0,32.77,159.3,1.56,False
T003448,2025-04-12,18,HH068,DEV0100,36.0,100.0,27.78,173.9,0.89,False
T003449,2025-04-12,17,HH069,DEV0101,6.8,86.9,44.23,193.5,0.21,False
T003450,2025-04-12,17,HH070,DEV0102,7.6,91.4,2.77,15.3,0.28,False
T003451,2025-04-12,16,HH080,DEV0116,26.6,100.0,5.51,36.6,0.69,False
T003452,2025-04-12,19,HH083,DEV0122,30.5,100.0,26.9,140.3,0.5,False
T003453,2025-04-12,18,HH085,DEV0124,30.8,100.0,23.25,109.5,0.09,False
T003454,2025-04-12,11,HH088,DEV0129,11.6,88.8,35.57,198.0,0.26,False
T003455,2025-04-12,18,HH089,DEV0130,13.6,92.7,3.56,17.6,0.14,False
T003456,2025-04-12,15,HH094,DEV0137,32.4,100.0,3.31,15.1,0.31,False
T003457,2025-04-12,16,HH096,DEV0140,20.4,95.3,5.39,36.6,0.21,False
T003458,2025-04-12,19,HH100,DEV0145,37.8,100.0,25.32,161.6,0.41,False
T003459,2025-04-12,16,HH105,DEV0151,18.7,100.0,4.06,21.6,0.4,False
T003460,2025-04-12,18,HH107,DEV0153,33.6,100.0,2.52,13.6,0.42,False
T003461,2025-04-12,19,HH108,DEV0155,38.4,100.0,27.66,204.0,0.45,False
T003462,2025-04-12,19,HH111,DEV0161,28.2,100.0,4.74,24.4,0.72,False
T003463,2025-04-12,16,HH112,DEV0163,14.1,86.3,24.31,167.9,0.44,False
T003464,2025-04-12,18,HH113,DEV0165,11.4,88.9,5.81,26.3,0.37,False
T003465,2025-04-12,16,HH114,DEV0168,20.4,93.1,26.23,156.9,0.64,False
T003466,2025-04-12,17,HH116,DEV0170,35.0,100.0,21.9,117.3,0.9,False
T003467,2025-04-12,15,HH117,DEV0171,12.8,95.8,2.99,13.7,0.84,False
T003468,2025-04-12,14,HH119,DEV0174,21.7,100.0,23.41,107.5,0.46,False
T003469,2025-04-12,19,HH120,DEV0176,34.9,100.0,4.17,19.6,0.55,False
T003470,2025-04-12,15,HH128,DEV0187,24.8,100.0,3.16,17.0,0.14,False
T003471,2025-04-12,18,HH129,DEV0188,31.7,100.0,4.03,24.0,0.75,False
T003472,2025-04-12,17,HH133,DEV0194,30.8,100.0,39.65,176.6,0.16,False
T003473,2025-04-12,17,HH135,DEV0198,26.8,100.0,4.25,28.8,0.18,False
T003474,2025-04-12,19,HH139,DEV0204,6.9,78.8,26.39,182.0,0.49,False
T003475,2025-04-13,15,HH001,DEV0001,19.3,100.0,27.76,119.4,0.73,False
T003476,2025-04-13,16,HH009,DEV0013,35.2,100.0,3.63,17.8,0.21,False
T003477,2025-04-13,19,HH011,DEV0015,9.0,83.6,44.49,199.1,0.5,False
T003478,2025-04-13,15,HH013,DEV0018,30.4,100.0,5.22,28.1,1.24,False
T003479,2025-04-13,12,HH017,DEV0023,16.4,91.0,4.25,19.3,0.69,False
T003480,2025-04-13,18,HH018,DEV0025,34.1,100.0,26.49,148.3,0.56,False
T003481,2025-04-13,16,HH019,DEV0026,20.9,100.0,26.58,133.5,0.36,False
T003482,2025-04-13,19,HH023,DEV0032,26.5,100.0,43.59,320.4,0.27,False
T003483,2025-04-13,19,HH025,DEV0036,24.8,98.9,4.3,20.5,0.5,False
T003484,2025-04-13,14,HH026,DEV0038,31.8,100.0,34.1,171.0,0.23,False
T003485,2025-04-13,14,HH035,DEV0050,15.9,87.6,24.31,107.5,0.3,False
T003486,2025-04-13,16,HH039,DEV0056,20.5,95.2,32.73,226.1,1.41,False
T003487,2025-04-13,13,HH041,DEV0060,23.4,92.9,3.55,17.9,0.2,False
T003488,2025-04-13,13,HH047,DEV0069,24.2,70.5,23.86,107.8,0.15,True
T003489,2025-04-13,19,HH048,DEV0072,29.7,100.0,5.48,24.7,0.1,False
T003490,2025-04-13,16,HH049,DEV0073,25.2,97.7,3.04,18.7,0.11,False
T003491,2025-04-13,17,HH050,DEV0074,32.6,100.0,3.1,19.4,0.38,False
T003492,2025-04-13,14,HH056,DEV0082,20.1,99.0,3.71,21.4,0.69,False
T003493,2025-04-13,16,HH066,DEV0098,14.9,55.2,2.62,16.3,0.62,True
T003494,2025-04-13,17,HH068,DEV0100,25.7,100.0,32.25,191.6,1.06,False
T003495,2025-04-13,15,HH069,DEV0101,34.3,100.0,36.27,269.3,0.22,False
T003496,2025-04-13,17,HH075,DEV0109,32.0,100.0,27.74,169.0,0.42,False
T003497,2025-04-13,15,HH078,DEV0113,8.3,78.6,3.72,20.1,0.91,False
T003498,2025-04-13,18,HH082,DEV0120,16.4,100.0,3.85,24.8,0.71,False
T003499,2025-04-13,12,HH089,DEV0130,13.0,100.0,3.92,20.2,0.18,False
T003500,2025-04-13,17,HH091,DEV0133,12.4,82.8,3.17,14.5,0.53,False
T003501,2025-04-13,17,HH098,DEV0143,20.6,100.0,4.53,26.7,0.5,False
T003502,2025-04-13,13,HH104,DEV0150,20.1,97.2,25.36,144.6,0.3,False
T003503,2025-04-13,15,HH106,DEV0152,37.7,100.0,32.83,222.0,0.23,False
T003504,2025-04-13,14,HH109,DEV0156,39.8,100.0,4.58,28.9,0.52,False
T003505,2025-04-13,19,HH111,DEV0162,28.2,100.0,31.59,157.2,0.66,False
T003506,2025-04-13,18,HH112,DEV0163,6.1,78.9,24.53,168.1,0.44,False
T003507,2025-04-13,15,HH114,DEV0166,30.3,100.0,4.39,19.4,0.54,False
T003508,2025-04-13,18,HH118,DEV0172,39.7,100.0,28.04,121.2,0.36,False
T003509,2025-04-13,18,HH122,DEV0179,35.5,100.0,21.16,98.7,0.51,False
T003510,2025-04-13,15,HH124,DEV0181,8.0,91.9,37.26,190.3,0.92,False
T003511,2025-04-13,13,HH132,DEV0191,20.1,100.0,20.37,109.8,0.45,False
T003512,2025-04-13,19,HH133,DEV0195,30.4,99.9,15.84,111.5,0.14,False
T003513,2025-04-13,19,HH138,DEV0203,21.9,100.0,26.63,129.8,0.25,False
T003514,2025-04-14,18,HH002,DEV0003,34.5,100.0,3.67,19.7,1.29,False
T003515,2025-04-14,18,HH003,DEV0004,26.7,100.0,29.17,207.5,1.57,False
T003516,2025-04-14,14,HH005,DEV0006,33.9,100.0,2.58,11.2,0.46,False
T003517,2025-04-14,11,HH007,DEV0008,14.7,100.0,3.24,23.2,0.37,False
T003518,2025-04-14,16,HH010,DEV0014,35.4,100.0,38.5,278.3,0.42,False
T003519,2025-04-14,19,HH012,DEV0016,14.1,63.7,1.69,12.1,0.13,True
T003520,2025-04-14,14,HH015,DEV0020,33.0,100.0,2.28,12.0,0.51,False
T003521,2025-04-14,16,HH020,DEV0027,34.3,100.0,2.3,10.8,0.18,False
T003522,2025-04-14,15,HH023,DEV0033,24.5,100.0,29.52,128.0,0.3,False
T003523,2025-04-14,15,HH029,DEV0043,30.4,100.0,36.82,222.9,0.63,False
T003524,2025-04-14,12,HH032,DEV0047,37.4,100.0,3.82,17.8,0.76,False
T003525,2025-04-14,12,HH034,DEV0049,38.7,100.0,4.6,28.6,0.24,False
T003526,2025-04-14,15,HH036,DEV0052,10.9,97.3,6.4,40.5,0.5,False
T003527,2025-04-14,11,HH037,DEV0053,27.5,100.0,3.41,16.9,0.79,False
T003528,2025-04-14,12,HH039,DEV0056,19.2,100.0,35.39,156.7,1.35,False
T003529,2025-04-14,18,HH041,DEV0060,29.9,100.0,3.58,18.3,0.2,False
T003530,2025-04-14,19,HH043,DEV0064,14.8,96.4,37.6,264.8,0.48,False
T003531,2025-04-14,19,HH044,DEV0066,26.8,100.0,22.91,132.1,0.51,False
T003532,2025-04-14,17,HH045,DEV0067,22.9,100.0,39.63,214.9,1.12,False
T003533,2025-04-14,14,HH051,DEV0075,9.1,96.8,4.3,23.2,0.45,False
T003534,2025-04-14,15,HH052,DEV0076,12.8,99.0,3.88,24.5,0.33,False
T003535,2025-04-14,19,HH054,DEV0079,7.2,81.9,3.51,15.8,0.59,False
T003536,2025-04-14,18,HH063,DEV0093,36.8,100.0,18.14,119.7,0.58,False
T003537,2025-04-14,18,HH067,DEV0099,31.5,100.0,5.48,26.2,0.63,False
T003538,2025-04-14,19,HH068,DEV0100,38.5,100.0,26.69,160.2,0.72,False
T003539,2025-04-14,16,HH070,DEV0102,16.1,94.4,2.58,15.7,0.24,False
T003540,2025-04-14,17,HH073,DEV0105,17.1,100.0,5.06,25.0,0.44,False
T003541,2025-04-14,19,HH074,DEV0108,7.8,92.8,4.76,34.2,0.28,False
T003542,2025-04-14,17,HH077,DEV0112,34.7,100.0,4.77,30.5,0.96,False
T003543,2025-04-14,15,HH078,DEV0113,20.9,90.5,3.69,15.8,0.91,False
T003544,2025-04-14,16,HH080,DEV0116,17.6,100.0,6.18,45.4,0.89,False
T003545,2025-04-14,16,HH082,DEV0119,30.1,100.0,4.61,28.5,0.56,False
T003546,2025-04-14,17,HH083,DEV0122,11.0,100.0,34.44,148.9,0.39,False
T003547,2025-04-14,18,HH084,DEV0123,23.8,100.0,3.81,26.7,0.72,False
T003548,2025-04-14,12,HH089,DEV0130,39.9,100.0,2.7,16.6,0.12,False
T003549,2025-04-14,18,HH090,DEV0131,33.2,100.0,37.47,219.6,0.9,False
T003550,2025-04-14,18,HH096,DEV0140,15.1,91.7,5.51,30.0,0.2,False
T003551,2025-04-14,16,HH097,DEV0141,5.1,74.4,3.6,15.5,0.37,False
T003552,2025-04-14,14,HH099,DEV0144,18.0,100.0,6.31,37.4,0.28,False
T003553,2025-04-14,16,HH101,DEV0147,19.8,97.2,2.79,18.9,0.08,False
T003554,2025-04-14,16,HH114,DEV0167,39.6,100.0,4.65,30.9,0.73,False
T003555,2025-04-14,17,HH120,DEV0176,35.6,100.0,4.12,22.2,0.48,False
T003556,2025-04-14,14,HH123,DEV0180,24.2,100.0,15.84,98.6,0.35,False
T003557,2025-04-14,12,HH125,DEV0183,10.7,100.0,4.82,24.6,0.32,False
T003558,2025-04-14,16,HH135,DEV0198,35.7,100.0,3.73,16.0,0.21,False
T003559,2025-04-14,11,HH136,DEV0199,21.8,95.9,34.17,232.3,0.34,False
T003560,2025-04-15,14,HH005,DEV0006,20.7,100.0,3.09,20.6,0.56,False
T003561,2025-04-15,18,HH012,DEV0016,25.1,69.5,1.51,7.3,0.17,True
T003562,2025-04-15,17,HH013,DEV0017,34.2,100.0,3.49,21.3,1.44,False
T003563,2025-04-15,14,HH018,DEV0025,38.0,100.0,24.92,139.2,0.55,False
T003564,2025-04-15,12,HH020,DEV0027,9.8,95.3,2.99,20.4,0.18,False
T003565,2025-04-15,19,HH023,DEV0032,38.3,100.0,36.59,192.3,0.24,False
T003566,2025-04-15,16,HH025,DEV0036,25.9,100.0,4.3,28.7,0.5,False
T003567,2025-04-15,17,HH026,DEV0038,36.4,100.0,31.8,145.9,0.36,False
T003568,2025-04-15,16,HH027,DEV0039,30.8,100.0,2.21,9.6,0.19,False
T003569,2025-04-15,15,HH029,DEV0043,9.9,96.4,45.78,310.8,0.53,False
T003570,2025-04-15,14,HH030,DEV0044,38.9,100.0,2.14,12.7,0.09,False
T003571,2025-04-15,19,HH032,DEV0047,5.3,95.6,5.51,26.0,0.82,False
T003572,2025-04-15,16,HH033,DEV0048,17.8,100.0,5.26,24.2,0.25,False
T003573,2025-04-15,16,HH035,DEV0050,14.3,94.0,27.03,127.3,0.43,False
T003574,2025-04-15,14,HH037,DEV0053,30.9,100.0,3.25,19.7,0.82,False
T003575,2025-04-15,14,HH038,DEV0055,29.9,100.0,2.59,11.7,0.77,False
T003576,2025-04-15,13,HH040,DEV0059,12.5,88.2,2.35,15.9,0.44,False
T003577,2025-04-15,14,HH042,DEV0062,17.6,95.1,22.8,169.0,0.47,False
T003578,2025-04-15,19,HH044,DEV0066,6.0,91.0,26.61,136.9,0.83,False
T003579,2025-04-15,14,HH051,DEV0075,26.1,98.5,3.55,24.1,0.53,False
T003580,2025-04-15,19,HH052,DEV0076,6.0,80.1,3.33,17.3,0.44,False
T003581,2025-04-15,16,HH053,DEV0078,21.3,97.8,15.29,77.8,0.16,False
T003582,2025-04-15,16,HH066,DEV0098,32.9,71.3,2.5,10.7,0.46,True
T003583,2025-04-15,17,HH067,DEV0099,15.7,96.1,6.43,31.1,0.65,False
T003584,2025-04-15,18,HH068,DEV0100,8.6,93.6,36.88,248.5,0.74,False
T003585,2025-04-15,19,HH069,DEV0101,18.1,92.3,40.98,182.9,0.16,False
T003586,2025-04-15,16,HH071,DEV0103,17.8,95.9,4.92,26.7,0.47,False
T003587,2025-04-15,15,HH073,DEV0106,29.5,100.0,4.51,23.8,0.4,False
T003588,2025-04-15,16,HH080,DEV0116,30.1,100.0,5.24,39.2,0.65,False
T003589,2025-04-15,17,HH082,DEV0121,27.8,100.0,31.19,169.6,0.81,False
T003590,2025-04-15,14,HH086,DEV0125,38.9,100.0,2.14,10.1,0.48,False
T003591,2025-04-15,18,HH087,DEV0128,14.7,84.8,2.24,10.4,0.43,False
T003592,2025-04-15,13,HH091,DEV0133,15.3,100.0,3.81,25.5,0.7,False
T003593,2025-04-15,13,HH094,DEV0137,10.2,100.0,4.4,22.7,0.28,False
T003594,2025-04-15,17,HH095,DEV0138,15.0,88.8,20.88,154.3,0.73,False
T003595,2025-04-15,18,HH097,DEV0141,32.2,100.0,3.53,17.8,0.52,False
T003596,2025-04-15,18,HH104,DEV0150,18.1,100.0,26.95,161.4,0.28,False
T003597,2025-04-15,19,HH109,DEV0156,36.8,100.0,4.8,35.3,0.43,False
T003598,2025-04-15,16,HH111,DEV0161,21.2,100.0,5.2,38.9,0.75,False
T003599,2025-04-15,19,HH115,DEV0169,9.2,94.8,34.59,190.3,0.67,False
T003600,2025-04-15,18,HH116,DEV0170,32.7,100.0,22.68,126.1,0.75,False
T003601,2025-04-15,13,HH120,DEV0176,9.1,82.8,4.72,25.2,0.39,False
T003602,2025-04-15,13,HH124,DEV0181,13.8,98.9,37.78,193.4,0.62,False
T003603,2025-04-15,19,HH126,DEV0184,10.9,87.1,5.79,28.4,0.35,False
T003604,2025-04-15,16,HH128,DEV0187,36.1,100.0,2.68,15.4,0.14,False
T003605,2025-04-15,19,HH129,DEV0188,8.3,81.7,4.33,22.1,0.57,False
T003606,2025-04-15,19,HH131,DEV0190,11.7,100.0,4.15,25.2,0.49,False
T003607,2025-04-15,17,HH132,DEV0191,34.6,100.0,16.68,118.0,0.44,False
T003608,2025-04-15,19,HH139,DEV0205,11.6,89.1,5.19,27.0,0.4,False
T003609,2025-04-15,18,HH140,DEV0206,20.1,100.0,20.61,126.5,0.41,False
T003610,2025-04-16,19,HH002,DEV0003,10.3,86.3,4.25,27.4,1.28,False
T003611,2025-04-16,17,HH003,DEV0004,18.2,95.2,30.64,138.1,1.48,False
T003612,2025-04-16,10,HH006,DEV0007,7.4,96.4,18.32,93.4,0.97,False
T003613,2025-04-16,19,HH013,DEV0017,39.0,100.0,3.23,14.9,1.04,False
T003614,2025-04-16,15,HH014,DEV0019,7.2,82.2,3.38,14.8,0.34,False
T003615,2025-04-16,14,HH016,DEV0021,33.8,100.0,30.12,173.7,0.43,False
T003616,2025-04-16,14,HH019,DEV0026,13.8,92.0,26.27,121.2,0.32,False
T003617,2025-04-16,17,HH020,DEV0027,35.2,100.0,2.27,9.7,0.23,False
T003618,2025-04-16,15,HH024,DEV0034,30.2,99.7,40.66,181.7,0.96,False
T003619,2025-04-16,19,HH029,DEV0043,5.7,82.7,40.76,282.1,0.35,False
T003620,2025-04-16,17,HH030,DEV0044,29.4,100.0,2.47,12.9,0.09,False
T003621,2025-04-16,13,HH044,DEV0066,19.5,100.0,25.2,110.4,0.55,False
T003622,2025-04-16,19,HH045,DEV0067,32.3,100.0,34.8,155.2,0.84,False
T003623,2025-04-16,18,HH047,DEV0070,14.7,90.9,18.37,109.0,0.16,False
T003624,2025-04-16,14,HH050,DEV0074,33.3,100.0,3.07,14.4,0.54,False
T003625,2025-04-16,19,HH051,DEV0075,28.1,100.0,3.52,26.4,0.42,False
T003626,2025-04-16,16,HH052,DEV0076,21.3,100.0,3.54,19.7,0.5,False
T003627,2025-04-16,17,HH056,DEV0083,37.9,69.8,6.98,35.8,0.66,True
T003628,2025-04-16,19,HH057,DEV0085,9.2,88.5,6.03,27.5,0.75,False
T003629,2025-04-16,19,HH060,DEV0089,20.2,100.0,21.15,99.8,0.83,False
T003630,2025-04-16,17,HH061,DEV0090,37.0,100.0,4.79,24.6,0.8,False
T003631,2025-04-16,19,HH065,DEV0097,12.0,87.0,5.62,25.0,1.47,False
T003632,2025-04-16,15,HH066,DEV0098,5.2,43.6,2.49,13.3,0.43,True
T003633,2025-04-16,19,HH067,DEV0099,35.4,100.0,5.17,28.2,0.77,False
T003634,2025-04-16,15,HH068,DEV0100,34.4,100.0,28.47,131.8,0.97,False
T003635,2025-04-16,19,HH070,DEV0102,10.5,88.1,2.56,11.2,0.24,False
T003636,2025-04-16,13,HH072,DEV0104,9.0,97.0,25.78,171.0,0.09,False
T003637,2025-04-16,14,HH074,DEV0108,19.3,100.0,4.52,24.2,0.24,False
T003638,2025-04-16,13,HH076,DEV0110,32.2,100.0,24.27,131.6,0.79,False
T003639,2025-04-16,17,HH077,DEV0112,17.9,100.0,5.99,37.9,0.89,False
T003640,2025-04-16,19,HH079,DEV0115,19.6,94.5,36.85,231.3,0.37,False
T003641,2025-04-16,19,HH080,DEV0116,21.3,99.3,5.85,35.2,0.63,False
T003642,2025-04-16,19,HH081,DEV0118,22.5,100.0,16.2,72.1,0.89,False
T003643,2025-04-16,14,HH083,DEV0122,22.4,100.0,30.03,165.0,0.41,False
T003644,2025-04-16,12,HH089,DEV0130,17.5,100.0,3.71,24.7,0.14,False
T003645,2025-04-16,13,HH090,DEV0131,24.6,100.0,42.3,283.5,0.63,False
T003646,2025-04-16,19,HH091,DEV0133,18.5,95.3,3.45,16.2,0.43,False
T003647,2025-04-16,16,HH092,DEV0134,9.3,87.0,34.71,159.4,0.67,False
T003648,2025-04-16,17,HH093,DEV0135,38.7,100.0,2.64,12.8,0.53,False
T003649,2025-04-16,19,HH094,DEV0137,36.7,100.0,3.1,14.3,0.2,False
T003650,2025-04-16,17,HH097,DEV0141,14.4,91.3,4.0,25.7,0.44,False
T003651,2025-04-16,18,HH098,DEV0142,22.5,100.0,42.62,191.4,0.55,False
T003652,2025-04-16,19,HH100,DEV0145,24.2,100.0,30.85,186.0,0.42,False
T003653,2025-04-16,19,HH108,DEV0155,9.0,87.0,35.03,150.4,0.51,False
T003654,2025-04-16,16,HH109,DEV0157,27.2,100.0,4.51,23.9,0.55,False
T003655,2025-04-16,15,HH113,DEV0164,22.1,100.0,16.83,125.2,0.37,False
T003656,2025-04-16,13,HH115,DEV0169,20.1,98.7,31.74,170.8,0.54,False
T003657,2025-04-16,12,HH116,DEV0170,28.8,100.0,23.99,143.1,0.87,False
T003658,2025-04-16,15,HH118,DEV0172,18.2,89.4,33.11,173.5,0.4,False
T003659,2025-04-16,15,HH119,DEV0174,38.3,100.0,18.45,103.3,0.33,False
T003660,2025-04-16,19,HH121,DEV0178,17.8,100.0,36.5,236.9,0.61,False
T003661,2025-04-16,19,HH123,DEV0180,38.4,100.0,12.87,74.3,0.35,False
T003662,2025-04-16,15,HH127,DEV0186,31.2,100.0,34.74,227.8,0.28,False
T003663,2025-04-16,16,HH129,DEV0188,18.5,95.4,4.54,27.6,0.55,False
T003664,2025-04-16,18,HH132,DEV0191,7.6,90.9,21.25,119.9,0.55,False
T003665,2025-04-16,19,HH135,DEV0198,36.9,100.0,3.66,23.2,0.18,False
T003666,2025-04-16,16,HH138,DEV0203,37.8,100.0,21.21,158.4,0.24,False
T003667,2025-04-17,15,HH001,DEV0001,36.7,100.0,21.78,97.3,0.7,False
T003668,2025-04-17,15,HH004,DEV0005,28.8,100.0,5.13,25.3,0.16,False
T003669,2025-04-17,19,HH006,DEV0007,29.7,100.0,14.48,90.9,1.09,False
T003670,2025-04-17,19,HH007,DEV0009,26.5,100.0,18.23,102.4,0.45,False
T003671,2025-04-17,19,HH011,DEV0015,37.6,100.0,37.19,185.5,0.54,False
T003672,2025-04-17,19,HH013,DEV0018,26.5,100.0,5.51,28.3,1.03,False
T003673,2025-04-17,19,HH014,DEV0019,39.5,100.0,2.72,19.0,0.29,False
T003674,2025-04-17,17,HH017,DEV0022,8.9,85.1,17.0,109.1,0.49,False
T003675,2025-04-17,18,HH019,DEV0026,14.2,100.0,28.83,158.6,0.37,False
T003676,2025-04-17,14,HH024,DEV0034,25.2,100.0,43.76,238.3,0.72,False
T003677,2025-04-17,13,HH028,DEV0040,31.8,100.0,26.33,156.2,0.36,False
T003678,2025-04-17,18,HH033,DEV0048,20.6,99.4,5.04,21.7,0.34,False
T003679,2025-04-17,18,HH034,DEV0049,37.8,100.0,4.66,31.0,0.27,False
T003680,2025-04-17,19,HH036,DEV0051,31.9,100.0,4.09,19.7,0.64,False
T003681,2025-04-17,13,HH038,DEV0054,30.0,100.0,22.33,112.1,0.56,False
T003682,2025-04-17,19,HH039,DEV0056,25.8,100.0,32.5,152.3,1.22,False
T003683,2025-04-17,17,HH040,DEV0059,7.7,84.2,2.37,16.7,0.57,False
T003684,2025-04-17,16,HH044,DEV0066,39.2,100.0,19.03,104.8,0.76,False
T003685,2025-04-17,15,HH045,DEV0067,38.1,100.0,31.82,227.5,0.92,False
T003686,2025-04-17,19,HH048,DEV0072,34.2,100.0,5.13,28.9,0.08,False
T003687,2025-04-17,16,HH049,DEV0073,8.1,87.3,3.33,15.6,0.1,False
T003688,2025-04-17,18,HH054,DEV0079,31.1,100.0,3.24,24.1,0.48,False
T003689,2025-04-17,17,HH056,DEV0083,32.0,70.9,8.52,40.4,0.69,True
T003690,2025-04-17,19,HH057,DEV0084,33.7,100.0,2.12,15.1,0.78,False
T003691,2025-04-17,13,HH060,DEV0089,25.6,100.0,19.72,128.9,0.58,False
T003692,2025-04-17,19,HH061,DEV0091,10.8,81.9,4.27,19.7,0.58,False
T003693,2025-04-17,19,HH069,DEV0101,14.4,89.9,41.69,179.1,0.24,False
T003694,2025-04-17,16,HH076,DEV0110,19.1,100.0,28.96,172.6,0.72,False
T003695,2025-04-17,19,HH082,DEV0121,20.0,100.0,34.56,225.2,0.73,False
T003696,2025-04-17,13,HH083,DEV0122,27.5,100.0,28.06,185.0,0.34,False
T003697,2025-04-17,18,HH084,DEV0123,6.6,88.0,4.07,18.3,0.78,False
T003698,2025-04-17,16,HH086,DEV0126,38.6,100.0,19.1,107.3,0.29,False
T003699,2025-04-17,9,HH090,DEV0132,13.4,94.5,47.12,227.4,0.71,False
T003700,2025-04-17,18,HH093,DEV0135,26.6,100.0,3.16,16.0,0.39,False
T003701,2025-04-17,12,HH103,DEV0149,37.0,100.0,2.71,14.6,1.24,False
T003702,2025-04-17,14,HH106,DEV0152,29.9,100.0,36.94,173.7,0.18,False
T003703,2025-04-17,18,HH109,DEV0156,17.9,96.6,5.98,33.4,0.36,False
T003704,2025-04-17,14,HH113,DEV0165,28.2,100.0,5.38,30.2,0.37,False
T003705,2025-04-17,12,HH114,DEV0167,17.8,93.7,5.84,37.2,0.57,False
T003706,2025-04-17,15,HH115,DEV0169,33.4,100.0,26.91,151.0,0.53,False
T003707,2025-04-17,19,HH122,DEV0179,37.8,100.0,20.4,102.3,0.49,False
T003708,2025-04-17,18,HH123,DEV0180,20.6,99.2,16.42,91.8,0.32,False
T003709,2025-04-17,18,HH126,DEV0184,15.5,92.6,5.86,32.3,0.27,False
T003710,2025-04-17,16,HH127,DEV0186,11.4,91.3,40.36,205.3,0.35,False
T003711,2025-04-17,14,HH129,DEV0188,38.7,100.0,3.62,16.6,0.78,False
T003712,2025-04-17,17,HH132,DEV0192,33.0,100.0,3.35,14.6,0.56,False
T003713,2025-04-17,15,HH134,DEV0197,23.8,100.0,18.67,95.8,0.35,False
T003714,2025-04-17,19,HH139,DEV0205,7.9,88.2,5.38,29.3,0.35,False
T003715,2025-04-18,18,HH001,DEV0001,29.5,100.0,24.25,122.2,0.72,False
T003716,2025-04-18,12,HH004,DEV0005,36.3,100.0,4.59,29.0,0.19,False
T003717,2025-04-18,14,HH011,DEV0015,35.9,100.0,38.2,251.1,0.7,False
T003718,2025-04-18,19,HH013,DEV0017,23.4,98.4,3.97,18.0,1.36,False
T003719,2025-04-18,17,HH014,DEV0019,22.5,100.0,3.49,17.0,0.3,False
T003720,2025-04-18,17,HH015,DEV0020,20.9,100.0,2.69,14.3,0.55,False
T003721,2025-04-18,17,HH016,DEV0021,30.2,100.0,31.76,173.2,0.28,False
T003722,2025-04-18,16,HH017,DEV0022,37.5,100.0,13.94,71.7,0.61,False
T003723,2025-04-18,15,HH019,DEV0026,10.9,100.0,29.94,199.0,0.33,False
T003724,2025-04-18,19,HH021,DEV0029,32.2,100.0,2.71,18.4,0.46,False
T003725,2025-04-18,16,HH022,DEV0031,37.2,100.0,12.75,55.0,0.46,False
T003726,2025-04-18,12,HH023,DEV0032,10.9,94.5,49.6,222.9,0.23,False
T003727,2025-04-18,19,HH025,DEV0037,20.6,100.0,46.69,302.1,0.56,False
T003728,2025-04-18,16,HH026,DEV0038,5.5,77.6,36.05,163.4,0.23,False
T003729,2025-04-18,18,HH028,DEV0040,22.2,98.9,29.61,171.4,0.5,False
T003730,2025-04-18,13,HH030,DEV0044,12.6,93.7,2.84,19.5,0.12,False
T003731,2025-04-18,16,HH031,DEV0045,37.2,100.0,31.97,141.3,0.38,False
T003732,2025-04-18,17,HH032,DEV0047,38.5,100.0,3.75,22.3,0.68,False
T003733,2025-04-18,16,HH033,DEV0048,7.8,91.4,5.35,40.0,0.3,False
T003734,2025-04-18,17,HH034,DEV0049,38.8,100.0,4.59,21.4,0.25,False
T003735,2025-04-18,19,HH039,DEV0057,34.2,100.0,5.0,26.5,1.24,False
T003736,2025-04-18,15,HH042,DEV0061,5.1,83.8,32.75,185.6,0.4,False
T003737,2025-04-18,16,HH043,DEV0064,14.5,95.8,37.46,191.0,0.63,False
T003738,2025-04-18,19,HH046,DEV0068,17.5,100.0,38.78,182.5,0.11,False
T003739,2025-04-18,18,HH048,DEV0071,24.6,100.0,30.54,217.0,0.09,False
T003740,2025-04-18,12,HH049,DEV0073,12.1,81.2,2.9,12.6,0.07,False
T003741,2025-04-18,18,HH050,DEV0074,24.1,96.2,3.31,21.6,0.56,False
T003742,2025-04-18,19,HH052,DEV0077,17.8,99.1,4.14,20.8,0.41,False
T003743,2025-04-18,13,HH056,DEV0083,32.3,73.3,8.98,53.3,0.56,True
T003744,2025-04-18,15,HH062,DEV0092,32.2,100.0,22.17,163.2,0.56,False
T003745,2025-04-18,19,HH063,DEV0094,29.5,100.0,2.4,15.7,0.72,False
T003746,2025-04-18,13,HH068,DEV0100,23.1,100.0,33.37,151.3,0.58,False
T003747,2025-04-18,15,HH070,DEV0102,11.4,92.0,2.66,12.7,0.28,False
T003748,2025-04-18,14,HH079,DEV0115,30.7,100.0,34.1,148.3,0.39,False
T003749,2025-04-18,17,HH083,DEV0122,32.3,100.0,26.2,119.3,0.45,False
T003750,2025-04-18,16,HH085,DEV0124,35.7,100.0,21.6,115.2,0.09,False
T003751,2025-04-18,15,HH092,DEV0134,20.8,95.9,33.55,215.0,0.76,False
T003752,2025-04-18,13,HH093,DEV0135,13.3,96.5,3.58,16.7,0.43,False
T003753,2025-04-18,19,HH095,DEV0138,13.2,89.7,21.66,123.3,0.74,False
T003754,2025-04-18,19,HH096,DEV0140,22.5,100.0,5.58,24.1,0.19,False
T003755,2025-04-18,15,HH097,DEV0141,17.3,100.0,4.3,22.0,0.35,False
T003756,2025-04-18,14,HH101,DEV0147,34.5,100.0,2.36,10.3,0.1,False
T003757,2025-04-18,16,HH105,DEV0151,38.9,100.0,3.06,13.7,0.4,False
T003758,2025-04-18,16,HH108,DEV0155,38.4,100.0,27.66,200.3,0.41,False
T003759,2025-04-18,16,HH110,DEV0159,38.8,100.0,2.2,10.8,0.61,False
T003760,2025-04-18,14,HH120,DEV0176,34.2,100.0,4.21,25.4,0.52,False
T003761,2025-04-18,17,HH121,DEV0178,27.1,100.0,32.37,196.0,0.84,False
T003762,2025-04-18,19,HH123,DEV0180,27.1,100.0,15.24,66.3,0.26,False
T003763,2025-04-18,16,HH125,DEV0182,12.9,92.2,26.08,122.3,0.29,False
T003764,2025-04-18,17,HH128,DEV0187,9.5,82.2,3.05,15.7,0.19,False
T003765,2025-04-18,14,HH129,DEV0188,28.4,100.0,4.22,26.8,0.69,False
T003766,2025-04-18,17,HH139,DEV0204,39.5,100.0,22.2,132.2,0.35,False
T003767,2025-04-19,15,HH003,DEV0004,39.2,100.0,24.2,130.6,1.36,False
T003768,2025-04-19,16,HH006,DEV0007,21.1,100.0,16.25,101.4,0.74,False
T003769,2025-04-19,16,HH009,DEV0013,18.3,100.0,4.58,22.7,0.2,False
T003770,2025-04-19,19,HH010,DEV0014,26.9,100.0,43.57,232.8,0.46,False
T003771,2025-04-19,16,HH011,DEV0015,25.5,100.0,44.4,218.1,0.68,False
T003772,2025-04-19,16,HH022,DEV0031,35.2,100.0,13.15,63.2,0.58,False
T003773,2025-04-19,17,HH024,DEV0035,10.3,91.8,44.59,204.1,0.89,False
T003774,2025-04-19,16,HH028,DEV0040,7.9,99.2,35.23,257.2,0.45,False
T003775,2025-04-19,19,HH031,DEV0045,18.8,100.0,41.33,261.5,0.33,False
T003776,2025-04-19,15,HH037,DEV0053,34.8,100.0,3.06,22.8,0.82,False
T003777,2025-04-19,17,HH040,DEV0059,32.4,100.0,2.1,14.3,0.54,False
T003778,2025-04-19,18,HH043,DEV0065,20.9,100.0,3.32,19.3,0.6,False
T003779,2025-04-19,17,HH048,DEV0072,11.6,99.2,6.84,47.9,0.08,False
T003780,2025-04-19,13,HH049,DEV0073,21.4,100.0,3.3,14.8,0.09,False
T003781,2025-04-19,14,HH051,DEV0075,35.5,100.0,3.16,23.6,0.38,False
T003782,2025-04-19,15,HH052,DEV0077,26.8,100.0,3.73,26.6,0.31,False
T003783,2025-04-19,15,HH053,DEV0078,20.7,100.0,15.86,109.8,0.2,False
T003784,2025-04-19,19,HH056,DEV0082,29.5,100.0,3.31,14.3,0.54,False
T003785,2025-04-19,17,HH057,DEV0084,10.1,89.2,2.53,11.4,0.62,False
T003786,2025-04-19,19,HH059,DEV0087,39.7,100.0,3.5,22.1,0.23,False
T003787,2025-04-19,16,HH060,DEV0088,16.3,98.1,5.97,37.4,0.89,False
T003788,2025-04-19,15,HH067,DEV0099,9.9,96.0,6.89,31.0,0.67,False
T003789,2025-04-19,17,HH071,DEV0103,25.3,99.6,4.68,23.6,0.44,False
T003790,2025-04-19,18,HH073,DEV0106,25.9,100.0,4.74,23.5,0.35,False
T003791,2025-04-19,15,HH076,DEV0110,36.2,100.0,22.84,102.4,0.65,False
T003792,2025-04-19,17,HH077,DEV0112,35.9,100.0,4.68,21.3,0.85,False
T003793,2025-04-19,14,HH078,DEV0114,35.6,100.0,22.67,151.1,0.7,False
T003794,2025-04-19,19,HH079,DEV0115,18.8,100.0,39.95,265.8,0.38,False
T003795,2025-04-19,13,HH080,DEV0116,37.1,100.0,4.72,20.6,0.77,False
T003796,2025-04-19,17,HH092,DEV0134,18.7,90.1,31.91,202.8,0.55,False
T003797,2025-04-19,16,HH094,DEV0137,38.8,100.0,3.0,19.0,0.27,False
T003798,2025-04-19,15,HH096,DEV0140,10.4,92.1,5.88,28.8,0.22,False
T003799,2025-04-19,18,HH097,DEV0141,27.0,100.0,3.8,17.8,0.47,False
T003800,2025-04-19,11,HH100,DEV0146,20.4,100.0,4.54,26.7,0.47,False
T003801,2025-04-19,19,HH102,DEV0148,19.4,100.0,21.36,119.9,2.64,False
T003802,2025-04-19,19,HH108,DEV0155,14.4,100.0,38.43,196.8,0.65,False
T003803,2025-04-19,18,HH114,DEV0168,11.7,100.0,31.88,192.0,0.64,False
T003804,2025-04-19,16,HH117,DEV0171,38.6,100.0,2.21,11.1,0.61,False
T003805,2025-04-19,19,HH118,DEV0172,5.3,93.5,41.03,248.0,0.4,False
T003806,2025-04-19,15,HH121,DEV0177,24.2,100.0,4.32,19.7,0.67,False
T003807,2025-04-19,14,HH124,DEV0181,17.4,100.0,36.67,204.4,0.65,False
T003808,2025-04-19,19,HH125,DEV0183,37.9,100.0,3.35,16.1,0.36,False
T003809,2025-04-19,18,HH126,DEV0184,27.9,100.0,5.48,38.8,0.28,False
T003810,2025-04-19,12,HH127,DEV0185,18.6,94.8,45.04,275.4,0.29,False
T003811,2025-04-19,19,HH129,DEV0188,8.7,88.4,4.71,25.3,0.68,False
T003812,2025-04-19,19,HH131,DEV0190,22.9,100.0,3.62,19.9,0.5,False
T003813,2025-04-19,16,HH135,DEV0198,37.3,100.0,3.64,17.3,0.23,False
T003814,2025-04-19,16,HH139,DEV0204,30.6,100.0,25.47,168.7,0.45,False
T003815,2025-04-19,16,HH140,DEV0206,6.9,81.2,19.16,128.2,0.57,False
T003816,2025-04-20,17,HH003,DEV0004,14.9,100.0,33.87,167.2,1.21,False
T003817,2025-04-20,15,HH004,DEV0005,11.0,97.3,6.21,42.3,0.21,False
T003818,2025-04-20,17,HH009,DEV0013,34.2,100.0,3.68,24.1,0.21,False
T003819,2025-04-20,18,HH010,DEV0014,22.8,100.0,46.01,237.9,0.35,False
T003820,2025-04-20,17,HH015,DEV0020,9.1,91.3,2.8,15.9,0.54,False
T003821,2025-04-20,17,HH017,DEV0022,17.3,100.0,18.44,96.5,0.66,False
T003822,2025-04-20,15,HH019,DEV0026,13.0,100.0,29.23,134.9,0.37,False
T003823,2025-04-20,15,HH021,DEV0028,5.7,94.4,24.05,145.0,0.47,False
T003824,2025-04-20,18,HH024,DEV0034,23.5,100.0,44.75,294.5,0.94,False
T003825,2025-04-20,19,HH025,DEV0037,27.6,100.0,42.57,253.7,0.38,False
T003826,2025-04-20,16,HH026,DEV0038,30.6,100.0,34.7,193.9,0.32,False
T003827,2025-04-20,17,HH030,DEV0044,38.8,100.0,2.14,15.2,0.11,False
T003828,2025-04-20,16,HH036,DEV0052,32.8,100.0,4.97,21.9,0.67,False
T003829,2025-04-20,16,HH038,DEV0055,10.2,94.2,3.11,16.3,0.64,False
T003830,2025-04-20,18,HH040,DEV0059,5.3,77.6,2.24,12.5,0.55,False
T003831,2025-04-20,15,HH041,DEV0060,11.3,83.9,3.7,20.9,0.2,False
T003832,2025-04-20,14,HH043,DEV0064,19.9,95.1,34.66,211.8,0.41,False
T003833,2025-04-20,19,HH045,DEV0067,29.1,100.0,36.44,235.2,1.02,False
T003834,2025-04-20,18,HH047,DEV0070,34.6,100.0,15.76,69.7,0.15,False
T003835,2025-04-20,19,HH048,DEV0072,23.4,100.0,5.97,27.8,0.08,False
T003836,2025-04-20,18,HH057,DEV0084,6.2,80.1,2.37,11.4,0.84,False
T003837,2025-04-20,15,HH060,DEV0089,15.5,100.0,22.39,101.7,0.61,False
T003838,2025-04-20,17,HH061,DEV0090,37.4,100.0,4.76,22.5,0.62,False
T003839,2025-04-20,16,HH062,DEV0092,32.3,100.0,22.14,101.4,0.49,False
T003840,2025-04-20,17,HH063,DEV0094,6.3,91.3,2.89,13.5,0.5,False
T003841,2025-04-20,15,HH065,DEV0096,28.5,100.0,35.39,255.0,1.25,False
T003842,2025-04-20,19,HH067,DEV0099,9.9,94.7,6.78,33.4,0.63,False
T003843,2025-04-20,19,HH068,DEV0100,19.2,93.9,32.41,163.6,0.86,False
T003844,2025-04-20,18,HH072,DEV0104,13.9,97.7,24.57,119.5,0.09,False
T003845,2025-04-20,10,HH073,DEV0106,8.4,84.8,4.89,28.6,0.45,False
T003846,2025-04-20,19,HH075,DEV0109,32.6,100.0,27.5,139.2,0.31,False
T003847,2025-04-20,17,HH076,DEV0110,33.8,100.0,23.7,117.9,0.7,False
T003848,2025-04-20,14,HH080,DEV0116,31.2,100.0,5.16,26.3,0.95,False
T003849,2025-04-20,18,HH081,DEV0117,27.5,100.0,17.4,85.5,0.92,False
T003850,2025-04-20,13,HH083,DEV0122,14.6,93.3,30.45,195.1,0.32,False
T003851,2025-04-20,19,HH084,DEV0123,8.4,100.0,4.58,22.1,0.67,False
T003852,2025-04-20,19,HH085,DEV0124,6.1,83.9,26.14,146.1,0.12,False
T003853,2025-04-20,19,HH086,DEV0127,12.3,88.2,2.96,15.8,0.43,False
T003854,2025-04-20,16,HH088,DEV0129,7.6,91.3,38.57,179.0,0.34,False
T003855,2025-04-20,15,HH090,DEV0132,27.7,100.0,42.01,215.0,0.9,False
T003856,2025-04-20,14,HH092,DEV0134,25.2,100.0,33.44,224.0,0.58,False
T003857,2025-04-20,15,HH093,DEV0135,28.9,100.0,3.06,17.5,0.43,False
T003858,2025-04-20,19,HH094,DEV0137,19.4,93.4,3.63,20.0,0.16,False
T003859,2025-04-20,16,HH098,DEV0143,22.9,100.0,4.39,24.1,0.48,False
T003860,2025-04-20,13,HH102,DEV0148,32.8,100.0,17.81,97.4,2.57,False
T003861,2025-04-20,19,HH103,DEV0149,35.4,100.0,2.78,13.7,1.4,False
T003862,2025-04-20,12,HH104,DEV0150,18.1,100.0,26.95,121.1,0.24,False
T003863,2025-04-20,18,HH109,DEV0156,20.8,100.0,6.02,26.4,0.57,False
T003864,2025-04-20,13,HH110,DEV0159,16.5,90.1,2.65,12.1,0.75,False
T003865,2025-04-20,18,HH111,DEV0161,10.8,94.6,5.53,32.2,0.58,False
T003866,2025-04-20,14,HH112,DEV0163,13.9,85.0,23.96,127.9,0.31,False
T003867,2025-04-20,17,HH113,DEV0164,15.0,97.7,17.86,89.3,0.39,False
T003868,2025-04-20,14,HH116,DEV0170,8.3,91.4,28.01,143.6,0.88,False
T003869,2025-04-20,18,HH118,DEV0173,14.3,99.5,3.92,25.8,0.41,False
T003870,2025-04-20,16,HH122,DEV0179,21.5,100.0,25.75,121.8,0.65,False
T003871,2025-04-20,19,HH124,DEV0181,16.4,100.0,37.12,229.0,0.84,False
T003872,2025-04-20,15,HH125,DEV0182,32.0,100.0,22.37,108.3,0.39,False
T003873,2025-04-20,19,HH130,DEV0189,13.3,100.0,6.16,38.4,0.38,False
T003874,2025-04-20,16,HH131,DEV0190,28.9,100.0,3.34,16.4,0.46,False
T003875,2025-04-21,13,HH004,DEV0005,13.1,100.0,6.26,31.4,0.26,False
T003876,2025-04-21,15,HH008,DEV0011,22.9,100.0,4.93,36.5,2.81,False
T003877,2025-04-21,14,HH012,DEV0016,30.3,73.6,1.47,7.8,0.12,True
T003878,2025-04-21,18,HH013,DEV0017,33.5,100.0,3.52,17.9,1.04,False
T003879,2025-04-21,15,HH015,DEV0020,18.7,100.0,2.76,12.1,0.68,False
T003880,2025-04-21,14,HH016,DEV0021,27.1,100.0,33.17,146.5,0.45,False
T003881,2025-04-21,19,HH020,DEV0027,24.5,100.0,2.64,12.3,0.14,False
T003882,2025-04-21,17,HH021,DEV0028,31.5,100.0,18.56,108.7,0.42,False
T003883,2025-04-21,14,HH027,DEV0039,25.8,100.0,2.37,10.3,0.28,False
T003884,2025-04-21,19,HH029,DEV0041,26.1,100.0,5.17,27.0,0.6,False
T003885,2025-04-21,13,HH035,DEV0050,33.6,100.0,22.51,104.2,0.33,False
T003886,2025-04-21,17,HH036,DEV0052,29.6,100.0,5.21,28.4,0.6,False
T003887,2025-04-21,19,HH037,DEV0053,8.8,90.6,3.84,16.5,0.63,False
T003888,2025-04-21,19,HH044,DEV0066,34.2,100.0,20.6,128.1,0.69,False
T003889,2025-04-21,14,HH048,DEV0072,18.0,93.6,5.89,31.5,0.07,False
T003890,2025-04-21,16,HH049,DEV0073,6.7,95.1,3.71,17.9,0.09,False
T003891,2025-04-21,14,HH050,DEV0074,11.9,89.0,3.55,15.6,0.41,False
T003892,2025-04-21,17,HH051,DEV0075,29.5,100.0,3.45,19.9,0.44,False
T003893,2025-04-21,15,HH054,DEV0079,35.4,100.0,3.04,18.4,0.46,False
T003894,2025-04-21,13,HH060,DEV0089,15.3,89.3,19.62,104.0,0.88,False
T003895,2025-04-21,13,HH062,DEV0092,17.7,93.0,24.63,121.4,0.42,False
T003896,2025-04-21,19,HH063,DEV0094,30.4,100.0,2.37,13.5,0.54,False
T003897,2025-04-21,18,HH065,DEV0097,37.8,100.0,4.66,21.5,1.0,False
T003898,2025-04-21,15,HH068,DEV0100,18.9,97.8,34.24,187.9,0.62,False
T003899,2025-04-21,19,HH070,DEV0102,27.0,100.0,2.41,14.2,0.28,False
T003900,2025-04-21,17,HH075,DEV0109,16.7,88.7,29.37,135.7,0.42,False
T003901,2025-04-21,12,HH082,DEV0119,13.5,88.4,4.94,35.5,0.8,False
T003902,2025-04-21,18,HH090,DEV0132,9.2,87.9,45.75,243.1,0.71,False
T003903,2025-04-21,17,HH093,DEV0135,26.1,100.0,3.18,19.3,0.51,False
T003904,2025-04-21,16,HH095,DEV0138,15.9,91.5,21.4,159.0,0.8,False
T003905,2025-04-21,15,HH096,DEV0140,30.7,100.0,4.99,24.6,0.14,False
T003906,2025-04-21,15,HH097,DEV0141,20.0,100.0,4.16,27.1,0.29,False
T003907,2025-04-21,19,HH098,DEV0142,23.2,100.0,42.24,190.1,0.89,False
T003908,2025-04-21,16,HH100,DEV0146,29.2,100.0,4.04,26.0,0.42,False
T003909,2025-04-21,15,HH104,DEV0150,23.5,100.0,25.17,174.0,0.33,False
T003910,2025-04-21,17,HH106,DEV0152,21.4,93.1,37.79,189.6,0.17,False
T003911,2025-04-21,15,HH108,DEV0155,22.6,91.8,31.09,186.3,0.39,False
T003912,2025-04-21,17,HH110,DEV0160,24.0,100.0,27.13,170.0,0.74,False
T003913,2025-04-21,13,HH112,DEV0163,32.8,100.0,22.65,106.4,0.28,False
T003914,2025-04-21,12,HH116,DEV0170,11.3,84.8,24.76,149.1,1.0,False
T003915,2025-04-21,15,HH117,DEV0171,24.6,100.0,2.71,12.6,0.69,False
T003916,2025-04-21,19,HH120,DEV0176,19.1,100.0,5.18,27.9,0.35,False
T003917,2025-04-21,14,HH124,DEV0181,36.5,100.0,28.19,166.4,0.59,False
T003918,2025-04-21,9,HH133,DEV0193,5.4,89.8,3.21,15.6,0.16,False
T003919,2025-04-22,14,HH001,DEV0001,20.4,99.6,27.26,187.5,0.62,False
T003920,2025-04-22,17,HH002,DEV0003,35.9,100.0,3.59,19.7,1.04,False
T003921,2025-04-22,11,HH009,DEV0013,37.3,100.0,3.51,23.0,0.18,False
T003922,2025-04-22,11,HH010,DEV0014,10.8,86.8,45.32,248.4,0.41,False
T003923,2025-04-22,15,HH015,DEV0020,36.7,100.0,2.15,9.9,0.57,False
T003924,2025-04-22,16,HH020,DEV0027,38.9,100.0,2.14,12.6,0.27,False
T003925,2025-04-22,19,HH021,DEV0029,24.6,100.0,3.02,18.9,0.44,False
T003926,2025-04-22,13,HH023,DEV0033,17.9,100.0,32.1,221.8,0.24,False
T003927,2025-04-22,15,HH024,DEV0035,17.5,100.0,45.13,230.7,0.72,False
T003928,2025-04-22,19,HH029,DEV0043,17.8,96.1,41.41,245.2,0.37,False
T003929,2025-04-22,11,HH033,DEV0048,38.5,100.0,3.94,21.6,0.35,False
T003930,2025-04-22,18,HH036,DEV0052,32.3,100.0,5.01,24.4,0.64,False
T003931,2025-04-22,19,HH039,DEV0058,35.1,100.0,3.12,14.4,0.7,False
T003932,2025-04-22,17,HH042,DEV0061,5.1,84.4,32.98,170.6,0.41,False
T003933,2025-04-22,11,HH043,DEV0065,38.6,100.0,2.58,13.2,0.51,False
T003934,2025-04-22,17,HH047,DEV0070,8.0,85.3,18.63,89.7,0.13,False
T003935,2025-04-22,12,HH049,DEV0073,17.1,95.7,3.3,21.6,0.11,False
T003936,2025-04-22,14,HH053,DEV0078,13.0,88.1,15.01,101.8,0.2,False
T003937,2025-04-22,18,HH054,DEV0079,35.3,100.0,3.04,21.5,0.35,False
T003938,2025-04-22,11,HH056,DEV0083,25.8,75.8,10.96,47.3,0.64,True
T003939,2025-04-22,19,HH058,DEV0086,37.2,100.0,2.26,12.1,0.43,False
T003940,2025-04-22,18,HH062,DEV0092,36.1,100.0,20.9,89.9,0.61,False
T003941,2025-04-22,15,HH063,DEV0094,24.5,100.0,2.57,15.2,0.58,False
T003942,2025-04-22,18,HH065,DEV0096,18.4,100.0,40.39,181.3,1.17,False
T003943,2025-04-22,17,HH066,DEV0098,32.5,68.6,2.35,11.8,0.43,True
T003944,2025-04-22,10,HH071,DEV0103,21.6,100.0,4.94,36.5,0.62,False
T003945,2025-04-22,18,HH073,DEV0106,25.9,100.0,4.74,23.9,0.37,False
T003946,2025-04-22,19,HH074,DEV0108,11.4,86.9,4.23,29.6,0.36,False
T003947,2025-04-22,18,HH077,DEV0111,24.2,100.0,5.91,40.6,0.89,False
T003948,2025-04-22,19,HH078,DEV0113,8.0,80.8,3.86,18.2,0.56,False
T003949,2025-04-22,19,HH087,DEV0128,28.0,100.0,2.3,11.4,0.38,False
T003950,2025-04-22,14,HH088,DEV0129,7.2,84.2,35.48,169.0,0.2,False
T003951,2025-04-22,19,HH090,DEV0131,6.9,81.8,42.01,287.8,0.92,False
T003952,2025-04-22,16,HH092,DEV0134,5.1,84.2,35.36,207.6,0.53,False
T003953,2025-04-22,19,HH094,DEV0137,29.6,100.0,3.45,21.8,0.28,False
T003954,2025-04-22,17,HH098,DEV0143,18.6,89.0,4.01,28.4,0.47,False
T003955,2025-04-22,15,HH099,DEV0144,33.3,100.0,5.14,33.8,0.37,False
T003956,2025-04-22,15,HH100,DEV0145,37.5,100.0,25.44,154.9,0.43,False
T003957,2025-04-22,14,HH102,DEV0148,9.4,90.4,21.46,102.0,2.44,False
T003958,2025-04-22,17,HH103,DEV0149,15.4,88.0,3.12,20.0,1.38,False
T003959,2025-04-22,16,HH104,DEV0150,34.8,100.0,21.45,127.7,0.29,False
T003960,2025-04-22,15,HH107,DEV0153,34.3,100.0,2.5,17.1,0.39,False
T003961,2025-04-22,15,HH111,DEV0162,24.8,100.0,33.09,154.9,0.38,False
T003962,2025-04-22,12,HH112,DEV0163,9.6,96.2,29.19,176.8,0.29,False
T003963,2025-04-22,13,HH114,DEV0168,17.1,100.0,29.93,166.1,0.73,False
T003964,2025-04-22,19,HH116,DEV0170,27.9,100.0,24.3,130.7,0.84,False
T003965,2025-04-22,16,HH119,DEV0174,39.4,100.0,18.12,85.7,0.29,False
T003966,2025-04-22,19,HH122,DEV0179,17.3,100.0,27.13,132.4,0.56,False
T003967,2025-04-22,19,HH125,DEV0182,25.9,100.0,24.38,149.5,0.32,False
T003968,2025-04-22,19,HH129,DEV0188,39.0,100.0,3.6,16.6,0.58,False
T003969,2025-04-22,16,HH131,DEV0190,11.3,86.3,3.53,17.4,0.61,False
T003970,2025-04-22,17,HH133,DEV0194,9.2,93.6,48.38,214.4,0.15,False
T003971,2025-04-22,17,HH136,DEV0199,35.5,100.0,29.73,179.3,0.45,False
T003972,2025-04-22,19,HH139,DEV0205,11.7,100.0,5.92,31.6,0.33,False
T003973,2025-04-23,13,HH002,DEV0003,6.3,88.7,4.61,30.3,1.19,False
T003974,2025-04-23,19,HH005,DEV0006,14.9,90.5,2.95,13.5,0.49,False
T003975,2025-04-23,16,HH006,DEV0007,26.9,100.0,15.06,79.2,0.84,False
T003976,2025-04-23,15,HH007,DEV0008,5.1,83.7,2.99,13.6,0.31,False
T003977,2025-04-23,14,HH008,DEV0011,19.2,92.7,4.7,21.9,2.66,False
T003978,2025-04-23,18,HH009,DEV0013,36.7,100.0,3.54,18.3,0.24,False
T003979,2025-04-23,15,HH011,DEV0015,24.8,100.0,44.82,228.2,0.76,False
T003980,2025-04-23,16,HH012,DEV0016,17.8,57.3,1.34,6.2,0.11,True
T003981,2025-04-23,19,HH018,DEV0025,11.6,99.8,35.47,225.3,0.44,False
T003982,2025-04-23,12,HH024,DEV0034,17.0,95.1,45.7,251.9,0.61,False
T003983,2025-04-23,18,HH026,DEV0038,10.8,89.7,39.46,172.0,0.19,False
T003984,2025-04-23,18,HH028,DEV0040,15.3,91.0,29.21,188.2,0.43,False
T003985,2025-04-23,19,HH029,DEV0042,27.1,100.0,37.98,207.9,0.39,False
T003986,2025-04-23,16,HH035,DEV0050,34.0,100.0,22.37,120.4,0.29,False
T003987,2025-04-23,18,HH049,DEV0073,10.7,99.3,3.72,18.0,0.09,False
T003988,2025-04-23,14,HH052,DEV0077,29.4,100.0,3.6,19.8,0.36,False
T003989,2025-04-23,17,HH068,DEV0100,31.5,100.0,29.73,192.5,0.74,False
T003990,2025-04-23,19,HH072,DEV0104,14.3,97.2,24.28,155.9,0.1,False
T003991,2025-04-23,17,HH073,DEV0105,14.4,100.0,5.22,37.9,0.36,False
T003992,2025-04-23,16,HH074,DEV0107,35.8,100.0,32.29,141.2,0.19,False
T003993,2025-04-23,12,HH075,DEV0109,31.9,100.0,27.78,140.7,0.53,False
T003994,2025-04-23,17,HH084,DEV0123,6.8,89.6,4.14,19.0,0.56,False
T003995,2025-04-23,17,HH088,DEV0129,7.7,90.6,38.21,165.8,0.23,False
T003996,2025-04-23,16,HH090,DEV0132,35.8,100.0,37.3,219.9,0.79,False
T003997,2025-04-23,18,HH093,DEV0135,33.0,100.0,2.88,15.5,0.46,False
T003998,2025-04-23,17,HH096,DEV0140,32.8,100.0,4.84,21.0,0.13,False
T003999,2025-04-23,12,HH099,DEV0144,17.1,100.0,6.38,28.1,0.32,False
T004000,2025-04-23,19,HH103,DEV0149,33.0,100.0,2.88,13.6,1.37,False
T004001,2025-04-23,18,HH104,DEV0150,37.7,100.0,20.5,102.8,0.23,False
T004002,2025-04-23,19,HH106,DEV0152,22.5,100.0,40.84,254.3,0.18,False
T004003,2025-04-23,13,HH107,DEV0153,10.1,93.3,3.16,14.6,0.37,False
T004004,2025-04-23,19,HH108,DEV0155,25.0,100.0,33.67,205.1,0.41,False
T004005,2025-04-23,15,HH110,DEV0158,26.9,100.0,2.41,14.3,0.68,False
T004006,2025-04-23,19,HH112,DEV0163,5.3,80.6,25.38,135.2,0.3,False
T004007,2025-04-23,19,HH116,DEV0170,6.9,89.2,27.72,198.7,1.12,False
T004008,2025-04-23,13,HH125,DEV0183,14.3,90.7,4.12,24.5,0.35,False
T004009,2025-04-23,19,HH129,DEV0188,17.2,96.7,4.69,32.8,0.76,False
T004010,2025-04-23,15,HH131,DEV0190,35.9,100.0,3.01,22.3,0.37,False
T004011,2025-04-23,13,HH132,DEV0192,33.4,100.0,3.33,21.4,0.36,False
T004012,2025-04-23,19,HH134,DEV0196,29.7,100.0,5.2,24.1,0.23,False
T004013,2025-04-23,15,HH136,DEV0199,8.2,84.7,35.25,162.9,0.52,False
T004014,2025-04-24,18,HH010,DEV0014,22.9,97.7,44.56,240.7,0.33,False
T004015,2025-04-24,16,HH013,DEV0018,17.9,92.2,5.57,40.5,1.12,False
T004016,2025-04-24,19,HH016,DEV0021,22.4,100.0,35.31,154.9,0.35,False
T004017,2025-04-24,19,HH019,DEV0026,31.6,100.0,22.98,123.7,0.26,False
T004018,2025-04-24,19,HH020,DEV0027,11.8,81.8,2.45,13.0,0.27,False
T004019,2025-04-24,19,HH023,DEV0033,18.3,90.7,28.32,159.9,0.21,False
T004020,2025-04-24,19,HH026,DEV0038,16.8,98.9,41.06,210.9,0.3,False
T004021,2025-04-24,13,HH029,DEV0041,28.2,100.0,5.03,21.7,0.44,False
T004022,2025-04-24,18,HH035,DEV0050,31.2,100.0,23.32,145.8,0.36,False
T004023,2025-04-24,17,HH039,DEV0058,29.1,100.0,3.4,17.0,1.08,False
T004024,2025-04-24,12,HH043,DEV0065,13.5,96.6,3.49,17.7,0.42,False
T004025,2025-04-24,19,HH044,DEV0066,19.0,94.1,23.49,135.4,0.74,False
T004026,2025-04-24,15,HH052,DEV0076,24.5,100.0,3.4,19.7,0.35,False
T004027,2025-04-24,18,HH056,DEV0083,26.6,75.4,10.69,63.5,0.45,True
T004028,2025-04-24,17,HH058,DEV0086,23.8,100.0,2.74,19.9,0.36,False
T004029,2025-04-24,19,HH062,DEV0092,19.9,91.6,23.46,103.8,0.38,False
T004030,2025-04-24,16,HH066,DEV0098,16.2,68.9,3.43,20.3,0.49,True
T004031,2025-04-24,12,HH067,DEV0099,37.4,100.0,5.01,25.5,0.85,False
T004032,2025-04-24,14,HH069,DEV0101,9.0,92.0,45.83,238.8,0.17,False
T004033,2025-04-24,11,HH070,DEV0102,30.5,100.0,2.29,16.7,0.28,False
T004034,2025-04-24,19,HH075,DEV0109,27.9,100.0,29.42,137.8,0.53,False
T004035,2025-04-24,17,HH076,DEV0110,17.4,100.0,29.57,165.2,0.63,False
T004036,2025-04-24,14,HH077,DEV0111,25.8,100.0,5.79,36.7,0.79,False
T004037,2025-04-24,18,HH079,DEV0115,16.6,93.1,37.66,234.1,0.33,False
T004038,2025-04-24,16,HH085,DEV0124,16.0,90.7,25.08,116.3,0.09,False
T004039,2025-04-24,15,HH090,DEV0131,29.1,100.0,39.77,244.1,0.69,False
T004040,2025-04-24,15,HH091,DEV0133,8.7,93.7,3.83,27.4,0.52,False
T004041,2025-04-24,19,HH093,DEV0135,39.2,100.0,2.61,13.2,0.58,False
T004042,2025-04-24,19,HH095,DEV0139,35.2,100.0,16.07,95.0,0.63,False
T004043,2025-04-24,15,HH096,DEV0140,38.5,100.0,4.43,27.5,0.14,False
T004044,2025-04-24,14,HH103,DEV0149,27.8,100.0,3.1,19.7,1.22,False
T004045,2025-04-24,13,HH104,DEV0150,19.3,99.9,26.51,162.5,0.28,False
T004046,2025-04-24,17,HH109,DEV0157,34.9,100.0,4.04,22.0,0.59,False
T004047,2025-04-24,19,HH110,DEV0160,7.1,90.8,29.9,132.8,0.57,False
T004048,2025-04-24,19,HH115,DEV0169,36.7,100.0,25.57,135.5,0.49,False
T004049,2025-04-24,13,HH117,DEV0171,26.1,100.0,2.66,11.8,0.61,False
T004050,2025-04-24,13,HH118,DEV0172,8.5,80.9,33.65,164.7,0.36,False
T004051,2025-04-24,19,HH121,DEV0177,16.1,100.0,4.78,28.6,0.71,False
T004052,2025-04-24,14,HH122,DEV0179,29.9,100.0,22.99,127.5,0.6,False
T004053,2025-04-24,19,HH123,DEV0180,30.3,100.0,14.57,65.9,0.32,False
T004054,2025-04-24,14,HH127,DEV0185,13.1,99.7,51.2,381.7,0.26,False
T004055,2025-04-24,14,HH130,DEV0189,12.3,98.7,6.14,30.2,0.36,False
T004056,2025-04-24,19,HH134,DEV0196,20.4,96.2,5.61,31.6,0.23,False
T004057,2025-04-24,19,HH136,DEV0199,7.4,80.9,33.89,158.4,0.34,False
T004058,2025-04-24,19,HH138,DEV0203,30.5,100.0,23.7,129.2,0.32,False
T004059,2025-04-25,19,HH001,DEV0001,24.0,100.0,26.14,118.1,0.51,False
T004060,2025-04-25,12,HH004,DEV0005,22.4,100.0,5.59,24.0,0.16,False
T004061,2025-04-25,18,HH008,DEV0011,12.1,95.4,5.33,32.1,2.66,False
T004062,2025-04-25,12,HH011,DEV0015,34.6,100.0,38.98,201.6,0.53,False
T004063,2025-04-25,15,HH012,DEV0016,37.8,78.0,1.37,8.1,0.1,True
T004064,2025-04-25,16,HH014,DEV0019,33.4,100.0,3.0,20.4,0.27,False
T004065,2025-04-25,15,HH021,DEV0029,17.5,93.2,3.03,19.1,0.34,False
T004066,2025-04-25,17,HH025,DEV0037,31.0,100.0,40.57,233.7,0.4,False
T004067,2025-04-25,17,HH030,DEV0044,27.2,100.0,2.55,17.2,0.1,False
T004068,2025-04-25,15,HH033,DEV0048,19.3,100.0,5.16,22.9,0.25,False
T004069,2025-04-25,12,HH038,DEV0055,8.9,100.0,3.37,20.9,0.57,False
T004070,2025-04-25,18,HH041,DEV0060,33.8,100.0,3.38,15.1,0.19,False
T004071,2025-04-25,14,HH042,DEV0061,33.3,100.0,27.75,132.4,0.34,False
T004072,2025-04-25,19,HH043,DEV0065,13.2,95.0,3.44,19.7,0.5,False
T004073,2025-04-25,19,HH045,DEV0067,38.7,100.0,31.51,140.5,0.93,False
T004074,2025-04-25,13,HH046,DEV0068,11.4,90.1,36.97,231.9,0.12,False
T004075,2025-04-25,17,HH048,DEV0071,24.5,100.0,30.58,181.8,0.07,False
T004076,2025-04-25,19,HH050,DEV0074,26.2,98.0,3.3,18.2,0.33,False
T004077,2025-04-25,13,HH051,DEV0075,15.8,100.0,4.13,22.2,0.48,False
T004078,2025-04-25,19,HH052,DEV0077,36.4,100.0,3.24,14.9,0.47,False
T004079,2025-04-25,15,HH053,DEV0078,5.7,88.9,16.64,121.4,0.18,False
T004080,2025-04-25,18,HH056,DEV0082,31.8,100.0,3.21,14.4,0.69,False
T004081,2025-04-25,19,HH059,DEV0087,37.8,100.0,3.61,22.6,0.31,False
T004082,2025-04-25,19,HH065,DEV0097,10.4,89.9,5.96,31.2,1.14,False
T004083,2025-04-25,15,HH069,DEV0101,23.8,98.7,41.36,279.8,0.14,False
T004084,2025-04-25,15,HH073,DEV0106,28.5,100.0,4.58,20.1,0.38,False
T004085,2025-04-25,18,HH074,DEV0108,29.6,100.0,3.94,20.2,0.29,False
T004086,2025-04-25,16,HH077,DEV0112,14.3,99.7,6.24,45.8,0.8,False
T004087,2025-04-25,16,HH078,DEV0114,31.5,100.0,24.11,114.9,0.61,False
T004088,2025-04-25,14,HH081,DEV0117,20.1,98.4,18.78,125.6,0.71,False
T004089,2025-04-25,18,HH083,DEV0122,8.1,92.6,32.71,189.2,0.34,False
T004090,2025-04-25,12,HH092,DEV0134,23.4,100.0,34.24,233.8,0.63,False
T004091,2025-04-25,16,HH096,DEV0140,34.9,100.0,4.69,25.8,0.19,False
T004092,2025-04-25,13,HH097,DEV0141,15.8,89.5,3.83,22.1,0.3,False
T004093,2025-04-25,19,HH101,DEV0147,17.7,100.0,2.96,19.7,0.06,False
T004094,2025-04-25,17,HH102,DEV0148,25.2,100.0,19.82,137.1,2.26,False
T004095,2025-04-25,18,HH103,DEV0149,30.2,100.0,3.0,20.2,0.99,False
T004096,2025-04-25,12,HH104,DEV0150,8.7,89.1,26.44,180.2,0.23,False
T004097,2025-04-25,12,HH107,DEV0154,9.9,90.2,2.65,14.9,0.3,False
T004098,2025-04-25,18,HH108,DEV0155,5.7,79.4,33.1,243.2,0.46,False
T004099,2025-04-25,19,HH110,DEV0159,34.5,100.0,2.36,14.4,0.59,False
T004100,2025-04-25,15,HH112,DEV0163,22.5,100.0,26.12,169.8,0.25,False
T004101,2025-04-25,13,HH123,DEV0180,6.8,84.4,16.22,93.2,0.26,False
T004102,2025-04-25,17,HH124,DEV0181,21.3,100.0,34.94,165.9,0.9,False
T004103,2025-04-25,17,HH126,DEV0184,18.1,99.6,6.19,36.4,0.27,False
T004104,2025-04-25,14,HH130,DEV0189,17.3,100.0,5.87,25.9,0.37,False
T004105,2025-04-25,17,HH134,DEV0196,31.5,100.0,5.07,24.2,0.25,False
T004106,2025-04-25,15,HH140,DEV0206,31.5,100.0,17.67,85.4,0.59,False
T004107,2025-04-26,17,HH001,DEV0001,6.5,86.1,27.39,199.7,0.46,False
T004108,2025-04-26,19,HH006,DEV0007,26.0,100.0,15.24,85.4,1.07,False
T004109,2025-04-26,19,HH007,DEV0008,38.5,100.0,2.34,10.8,0.35,False
T004110,2025-04-26,16,HH008,DEV0012,28.6,100.0,4.43,32.9,2.35,False
T004111,2025-04-26,18,HH009,DEV0013,24.4,100.0,4.23,21.4,0.16,False
T004112,2025-04-26,18,HH010,DEV0014,7.0,100.0,55.43,247.8,0.43,False
T004113,2025-04-26,16,HH013,DEV0017,24.3,100.0,4.01,19.3,1.3,False
T004114,2025-04-26,18,HH014,DEV0019,32.8,100.0,3.02,14.6,0.3,False
T004115,2025-04-26,17,HH016,DEV0021,30.3,100.0,31.71,198.5,0.36,False
T004116,2025-04-26,12,HH018,DEV0025,9.1,88.8,32.06,167.1,0.61,False
T004117,2025-04-26,19,HH020,DEV0027,13.3,85.4,2.52,18.1,0.17,False
T004118,2025-04-26,17,HH022,DEV0031,32.0,100.0,13.8,73.8,0.55,False
T004119,2025-04-26,14,HH023,DEV0032,36.8,100.0,37.48,243.1,0.28,False
T004120,2025-04-26,12,HH024,DEV0034,5.4,89.3,49.11,216.1,0.77,False
T004121,2025-04-26,14,HH028,DEV0040,28.8,100.0,27.48,122.7,0.49,False
T004122,2025-04-26,18,HH030,DEV0044,14.5,90.8,2.67,13.4,0.1,False
T004123,2025-04-26,18,HH037,DEV0053,37.6,100.0,2.93,16.5,0.53,False
T004124,2025-04-26,16,HH043,DEV0064,31.0,100.0,31.81,193.2,0.43,False
T004125,2025-04-26,16,HH050,DEV0074,11.2,100.0,4.08,20.3,0.4,False
T004126,2025-04-26,12,HH058,DEV0086,6.7,84.2,2.79,12.0,0.43,False
T004127,2025-04-26,15,HH059,DEV0087,19.7,89.9,4.07,28.7,0.2,False
T004128,2025-04-26,16,HH063,DEV0093,35.5,100.0,18.51,90.6,0.59,False
T004129,2025-04-26,16,HH065,DEV0096,25.3,100.0,36.98,225.3,1.19,False
T004130,2025-04-26,19,HH066,DEV0098,13.6,43.7,1.95,14.4,0.5,True
T004131,2025-04-26,17,HH069,DEV0101,8.7,93.9,47.01,231.6,0.21,False
T004132,2025-04-26,14,HH074,DEV0107,15.7,100.0,42.4,187.2,0.35,False
T004133,2025-04-26,15,HH075,DEV0109,28.3,100.0,29.25,129.4,0.34,False
T004134,2025-04-26,17,HH077,DEV0112,8.0,93.5,6.24,27.4,0.79,False
T004135,2025-04-26,18,HH080,DEV0116,37.6,100.0,4.68,28.3,0.75,False
T004136,2025-04-26,18,HH083,DEV0122,37.4,100.0,24.23,119.1,0.44,False
T004137,2025-04-26,16,HH092,DEV0134,11.0,87.0,33.97,168.3,0.5,False
T004138,2025-04-26,19,HH093,DEV0135,32.4,100.0,2.91,18.9,0.48,False
T004139,2025-04-26,14,HH095,DEV0139,26.5,100.0,18.23,91.0,0.94,False
T004140,2025-04-26,15,HH099,DEV0144,15.7,100.0,6.49,30.3,0.34,False
T004141,2025-04-26,14,HH103,DEV0149,18.3,100.0,3.51,16.9,0.94,False
T004142,2025-04-26,14,HH110,DEV0158,6.9,84.6,2.57,14.0,0.58,False
T004143,2025-04-26,16,HH111,DEV0162,20.1,100.0,35.16,241.6,0.39,False
T004144,2025-04-26,16,HH115,DEV0169,33.7,100.0,26.79,191.6,0.61,False
T004145,2025-04-26,15,HH116,DEV0170,9.3,81.5,24.32,132.3,0.65,False
T004146,2025-04-26,17,HH119,DEV0174,36.9,100.0,18.87,87.8,0.24,False
T004147,2025-04-26,16,HH128,DEV0187,15.7,98.2,3.46,15.4,0.15,False
T004148,2025-04-26,17,HH134,DEV0196,38.1,100.0,4.58,33.5,0.32,False
T004149,2025-04-26,18,HH135,DEV0198,8.4,100.0,5.31,27.2,0.15,False
T004150,2025-04-26,14,HH140,DEV0206,17.7,97.6,20.62,95.8,0.71,False
T004151,2025-04-27,18,HH002,DEV0002,30.3,100.0,39.59,193.6,0.94,False
T004152,2025-04-27,16,HH004,DEV0005,24.6,100.0,5.43,29.7,0.17,False
T004153,2025-04-27,19,HH005,DEV0006,25.5,100.0,2.91,16.6,0.38,False
T004154,2025-04-27,15,HH011,DEV0015,25.3,99.7,44.33,273.4,0.77,False
T004155,2025-04-27,16,HH012,DEV0016,7.5,47.0,1.34,6.6,0.12,True
T004156,2025-04-27,17,HH013,DEV0017,31.6,100.0,3.63,25.9,1.14,False
T004157,2025-04-27,19,HH015,DEV0020,38.3,100.0,2.1,10.3,0.64,False
T004158,2025-04-27,15,HH021,DEV0028,17.7,97.2,21.54,95.2,0.37,False
T004159,2025-04-27,15,HH023,DEV0033,13.3,82.2,26.94,160.5,0.23,False
T004160,2025-04-27,18,HH024,DEV0034,35.4,100.0,37.79,241.3,0.71,False
T004161,2025-04-27,15,HH025,DEV0037,28.0,100.0,42.34,182.4,0.36,False
T004162,2025-04-27,12,HH027,DEV0039,24.6,100.0,2.41,12.3,0.24,False
T004163,2025-04-27,15,HH030,DEV0044,16.3,96.3,2.8,15.2,0.08,False
T004164,2025-04-27,19,HH032,DEV0047,22.5,100.0,4.73,30.9,0.66,False
T004165,2025-04-27,18,HH034,DEV0049,26.4,97.3,5.31,27.4,0.26,False
T004166,2025-04-27,17,HH035,DEV0050,40.0,100.0,20.34,90.1,0.35,False
T004167,2025-04-27,18,HH037,DEV0053,13.3,93.8,3.79,24.3,0.77,False
T004168,2025-04-27,19,HH039,DEV0057,18.8,100.0,6.17,30.4,0.85,False
T004169,2025-04-27,19,HH040,DEV0059,22.4,100.0,2.41,14.6,0.51,False
T004170,2025-04-27,13,HH041,DEV0060,20.8,100.0,4.04,26.7,0.17,False
T004171,2025-04-27,16,HH042,DEV0063,9.0,82.2,5.49,23.7,0.34,False
T004172,2025-04-27,14,HH043,DEV0064,25.4,99.3,34.05,152.8,0.68,False
T004173,2025-04-27,19,HH048,DEV0071,21.0,100.0,32.0,147.2,0.07,False
T004174,2025-04-27,15,HH050,DEV0074,38.0,100.0,2.85,15.3,0.42,False
T004175,2025-04-27,19,HH052,DEV0077,24.8,100.0,3.84,20.0,0.3,False
T004176,2025-04-27,18,HH054,DEV0079,15.6,100.0,3.97,18.4,0.48,False
T004177,2025-04-27,16,HH057,DEV0084,28.4,100.0,2.29,11.6,0.53,False
T004178,2025-04-27,15,HH058,DEV0086,30.5,100.0,2.5,10.8,0.42,False
T004179,2025-04-27,19,HH063,DEV0093,38.8,100.0,17.56,121.5,0.46,False
T004180,2025-04-27,18,HH065,DEV0096,24.7,100.0,37.27,178.2,1.0,False
T004181,2025-04-27,15,HH068,DEV0100,34.9,100.0,28.25,183.4,0.81,False
T004182,2025-04-27,19,HH072,DEV0104,24.1,97.8,21.59,160.5,0.08,False
T004183,2025-04-27,16,HH073,DEV0106,38.1,100.0,3.96,19.7,0.32,False
T004184,2025-04-27,17,HH074,DEV0107,36.0,100.0,32.19,155.8,0.21,False
T004185,2025-04-27,15,HH077,DEV0112,34.4,100.0,4.79,30.2,0.72,False
T004186,2025-04-27,17,HH078,DEV0113,17.3,98.5,4.3,26.4,0.75,False
T004187,2025-04-27,19,HH085,DEV0124,13.3,88.8,25.36,124.7,0.1,False
T004188,2025-04-27,16,HH087,DEV0128,10.8,97.1,2.76,20.1,0.32,False
T004189,2025-04-27,18,HH089,DEV0130,16.7,88.5,3.23,14.4,0.12,False
T004190,2025-04-27,16,HH091,DEV0133,32.3,100.0,3.05,19.5,0.45,False
T004191,2025-04-27,16,HH096,DEV0140,19.8,99.2,5.72,31.6,0.16,False
T004192,2025-04-27,16,HH097,DEV0141,18.0,97.4,4.13,28.8,0.51,False
T004193,2025-04-27,16,HH098,DEV0142,23.2,97.1,40.63,245.9,0.68,False
T004194,2025-04-27,18,HH099,DEV0144,32.0,100.0,5.24,31.5,0.37,False
T004195,2025-04-27,13,HH100,DEV0146,16.7,91.3,4.25,25.3,0.35,False
T004196,2025-04-27,14,HH103,DEV0149,38.8,100.0,2.63,15.5,1.12,False
T004197,2025-04-27,13,HH113,DEV0165,32.5,100.0,5.06,26.0,0.41,False
T004198,2025-04-27,19,HH116,DEV0170,32.7,100.0,22.68,114.4,1.11,False
T004199,2025-04-27,12,HH117,DEV0171,8.6,87.2,2.83,16.0,0.51,False
T004200,2025-04-27,17,HH119,DEV0175,13.1,92.6,20.04,113.4,0.29,False
T004201,2025-04-27,19,HH120,DEV0176,6.4,77.9,4.58,30.5,0.59,False
T004202,2025-04-27,19,HH123,DEV0180,6.5,84.3,16.26,112.8,0.27,False
T004203,2025-04-27,14,HH125,DEV0182,25.7,100.0,24.44,148.1,0.45,False
T004204,2025-04-27,18,HH132,DEV0191,7.4,87.9,20.54,104.5,0.45,False
T004205,2025-04-27,15,HH135,DEV0198,23.6,100.0,4.43,21.7,0.2,False
T004206,2025-04-28,18,HH004,DEV0005,24.6,99.9,5.42,33.7,0.13,False
T004207,2025-04-28,17,HH006,DEV0007,14.1,100.0,17.7,92.4,0.9,False
T004208,2025-04-28,14,HH015,DEV0020,12.2,84.6,2.46,11.3,0.66,False
T004209,2025-04-28,16,HH016,DEV0021,17.7,100.0,37.45,173.8,0.32,False
T004210,2025-04-28,18,HH022,DEV0031,37.7,100.0,12.65,92.2,0.52,False
T004211,2025-04-28,18,HH028,DEV0040,14.3,100.0,33.08,150.1,0.53,False
T004212,2025-04-28,13,HH029,DEV0042,23.6,100.0,39.8,179.3,0.34,False
T004213,2025-04-28,14,HH034,DEV0049,7.6,85.0,5.8,28.0,0.33,False
T004214,2025-04-28,14,HH035,DEV0050,16.8,95.0,26.5,193.8,0.3,False
T004215,2025-04-28,17,HH038,DEV0054,19.8,100.0,25.58,184.8,0.44,False
T004216,2025-04-28,15,HH039,DEV0057,9.1,87.2,5.94,27.2,1.02,False
T004217,2025-04-28,19,HH044,DEV0066,11.0,91.6,25.23,149.9,0.52,False
T004218,2025-04-28,16,HH045,DEV0067,13.9,100.0,44.26,270.3,0.78,False
T004219,2025-04-28,19,HH046,DEV0068,33.7,100.0,31.16,161.3,0.08,False
T004220,2025-04-28,15,HH047,DEV0069,31.2,76.3,23.24,99.7,0.15,True
T004221,2025-04-28,18,HH048,DEV0072,8.8,93.5,6.6,43.4,0.08,False
T004222,2025-04-28,19,HH049,DEV0073,39.9,100.0,2.52,15.1,0.1,False
T004223,2025-04-28,14,HH050,DEV0074,19.0,100.0,3.73,16.2,0.32,False
T004224,2025-04-28,18,HH051,DEV0075,23.8,100.0,3.73,26.9,0.52,False
T004225,2025-04-28,15,HH052,DEV0077,16.9,92.1,3.83,19.1,0.38,False
T004226,2025-04-28,17,HH056,DEV0082,12.7,87.6,3.52,15.3,0.37,False
T004227,2025-04-28,14,HH057,DEV0085,39.9,100.0,4.57,24.1,0.87,False
T004228,2025-04-28,14,HH058,DEV0086,6.3,90.2,3.02,22.6,0.31,False
T004229,2025-04-28,19,HH065,DEV0097,29.8,100.0,5.26,23.4,1.22,False
T004230,2025-04-28,17,HH066,DEV0098,36.0,81.8,2.98,13.2,0.44,True
T004231,2025-04-28,15,HH069,DEV0101,5.8,87.4,45.05,317.3,0.23,False
T004232,2025-04-28,17,HH070,DEV0102,36.2,100.0,2.11,9.9,0.25,False
T004233,2025-04-28,19,HH073,DEV0106,10.5,90.2,5.1,30.5,0.37,False
T004234,2025-04-28,15,HH074,DEV0108,17.5,93.7,4.27,29.5,0.31,False
T004235,2025-04-28,19,HH078,DEV0113,19.4,92.9,3.9,16.7,0.59,False
T004236,2025-04-28,15,HH081,DEV0118,30.9,100.0,14.44,69.5,0.7,False
T004237,2025-04-28,15,HH083,DEV0122,38.8,100.0,23.68,138.8,0.3,False
T004238,2025-04-28,19,HH087,DEV0128,24.1,100.0,2.43,16.6,0.34,False
T004239,2025-04-28,16,HH090,DEV0132,21.3,100.0,45.72,270.2,0.84,False
T004240,2025-04-28,18,HH093,DEV0135,18.1,94.1,3.27,14.9,0.41,False
T004241,2025-04-28,18,HH096,DEV0140,10.7,93.4,5.95,40.4,0.14,False
T004242,2025-04-28,16,HH104,DEV0150,23.1,98.3,24.75,133.6,0.2,False
T004243,2025-04-28,16,HH105,DEV0151,14.4,86.4,3.6,25.8,0.26,False
T004244,2025-04-28,15,HH107,DEV0154,31.6,100.0,2.26,10.2,0.31,False
T004245,2025-04-28,19,HH114,DEV0166,39.6,100.0,3.81,18.0,0.46,False
T004246,2025-04-28,16,HH118,DEV0172,12.2,93.2,37.68,189.6,0.35,False
T004247,2025-04-28,15,HH122,DEV0179,25.8,100.0,24.34,139.1,0.5,False
T004248,2025-04-28,18,HH128,DEV0187,25.2,100.0,3.14,21.1,0.1,False
T004249,2025-04-28,19,HH129,DEV0188,35.7,100.0,3.79,24.3,0.79,False
T004250,2025-04-28,17,HH132,DEV0192,14.2,90.4,3.81,20.1,0.52,False
T004251,2025-04-28,14,HH133,DEV0195,37.6,100.0,14.23,76.6,0.17,False
T004252,2025-04-28,18,HH135,DEV0198,17.4,100.0,4.79,23.4,0.2,False
T004253,2025-04-28,12,HH136,DEV0199,31.0,100.0,31.81,158.0,0.38,False
T004254,2025-04-28,13,HH138,DEV0203,36.1,100.0,21.79,93.7,0.23,False
T004255,2025-04-29,14,HH004,DEV0005,20.1,90.0,5.03,28.1,0.27,False
T004256,2025-04-29,13,HH005,DEV0006,35.5,100.0,2.52,13.2,0.46,False
T004257,2025-04-29,13,HH007,DEV0008,27.0,100.0,2.77,18.4,0.34,False
T004258,2025-04-29,18,HH008,DEV0012,16.4,96.9,4.99,31.5,2.28,False
T004259,2025-04-29,9,HH009,DEV0013,34.7,100.0,3.66,20.0,0.17,False
T004260,2025-04-29,17,HH011,DEV0015,35.3,100.0,38.56,191.2,0.61,False
T004261,2025-04-29,16,HH014,DEV0019,23.3,94.9,3.22,19.1,0.32,False
T004262,2025-04-29,18,HH015,DEV0020,14.8,100.0,2.9,17.4,0.46,False
T004263,2025-04-29,16,HH016,DEV0021,30.1,100.0,31.8,198.9,0.29,False
T004264,2025-04-29,15,HH017,DEV0022,38.7,100.0,13.67,74.8,0.55,False
T004265,2025-04-29,13,HH018,DEV0024,35.2,100.0,4.41,18.9,0.6,False
T004266,2025-04-29,15,HH019,DEV0026,17.9,94.2,25.64,181.3,0.37,False
T004267,2025-04-29,14,HH020,DEV0027,17.0,100.0,2.9,14.5,0.27,False
T004268,2025-04-29,16,HH021,DEV0028,14.1,100.0,23.28,154.8,0.51,False
T004269,2025-04-29,11,HH023,DEV0033,39.7,100.0,23.58,127.2,0.21,False
T004270,2025-04-29,18,HH034,DEV0049,15.0,100.0,6.38,33.8,0.3,False
T004271,2025-04-29,19,HH036,DEV0051,15.3,98.7,5.0,22.5,0.62,False
T004272,2025-04-29,19,HH037,DEV0053,32.4,100.0,3.18,19.2,0.54,False
T004273,2025-04-29,13,HH039,DEV0057,16.2,100.0,6.37,38.4,1.0,False
T004274,2025-04-29,12,HH041,DEV0060,22.8,100.0,3.94,22.8,0.18,False
T004275,2025-04-29,18,HH044,DEV0066,14.0,100.0,26.92,116.8,0.76,False
T004276,2025-04-29,14,HH056,DEV0082,30.6,100.0,3.26,19.0,0.71,False
T004277,2025-04-29,10,HH057,DEV0085,26.5,97.1,5.37,30.4,0.71,False
T004278,2025-04-29,16,HH058,DEV0086,7.8,78.3,2.54,12.3,0.28,False
T004279,2025-04-29,16,HH065,DEV0097,16.5,100.0,6.26,35.1,0.98,False
T004280,2025-04-29,19,HH067,DEV0099,10.7,87.3,6.13,31.9,0.85,False
T004281,2025-04-29,16,HH070,DEV0102,16.1,93.9,2.57,17.4,0.33,False
T004282,2025-04-29,18,HH072,DEV0104,21.9,95.8,21.65,114.6,0.08,False
T004283,2025-04-29,14,HH074,DEV0108,16.9,91.0,4.15,18.0,0.22,False
T004284,2025-04-29,17,HH076,DEV0110,14.1,100.0,30.75,172.9,0.66,False
T004285,2025-04-29,16,HH079,DEV0115,14.1,94.8,39.72,218.0,0.35,False
T004286,2025-04-29,17,HH080,DEV0116,19.2,100.0,6.06,26.5,0.71,False
T004287,2025-04-29,19,HH083,DEV0122,8.6,96.8,34.15,210.8,0.31,False
T004288,2025-04-29,16,HH085,DEV0124,19.1,100.0,27.18,164.4,0.07,False
T004289,2025-04-29,15,HH087,DEV0128,22.2,100.0,2.49,15.5,0.37,False
T004290,2025-04-29,19,HH088,DEV0129,16.1,95.7,36.68,196.0,0.29,False
T004291,2025-04-29,18,HH090,DEV0131,11.4,93.8,46.22,256.4,0.67,False
T004292,2025-04-29,17,HH093,DEV0135,13.7,90.7,3.31,22.4,0.4,False
T004293,2025-04-29,17,HH096,DEV0140,15.1,90.4,5.42,26.6,0.15,False
T004294,2025-04-29,16,HH102,DEV0148,30.3,100.0,18.47,111.1,2.0,False
T004295,2025-04-29,19,HH104,DEV0150,21.4,93.0,23.54,103.4,0.35,False
T004296,2025-04-29,19,HH105,DEV0151,18.5,100.0,4.07,22.1,0.26,False
T004297,2025-04-29,18,HH108,DEV0155,18.6,100.0,36.55,157.5,0.41,False
T004298,2025-04-29,12,HH112,DEV0163,30.2,100.0,23.52,123.8,0.39,False
T004299,2025-04-29,14,HH114,DEV0168,6.7,85.6,28.48,175.4,0.47,False
T004300,2025-04-29,17,HH115,DEV0169,22.1,100.0,31.47,143.4,0.59,False
T004301,2025-04-29,12,HH121,DEV0178,27.4,100.0,32.23,176.1,0.7,False
T004302,2025-04-29,18,HH122,DEV0179,35.0,100.0,21.32,117.3,0.65,False
T004303,2025-04-29,18,HH127,DEV0186,34.8,100.0,32.93,183.2,0.21,False
T004304,2025-04-29,19,HH131,DEV0190,38.5,100.0,2.89,13.1,0.42,False
T004305,2025-04-29,17,HH132,DEV0191,35.7,100.0,16.4,71.3,0.56,False
T004306,2025-04-29,10,HH134,DEV0197,28.4,100.0,17.54,110.9,0.24,False
T004307,2025-04-29,18,HH136,DEV0199,12.3,82.5,32.37,150.7,0.57,False
T004308,2025-04-30,14,HH003,DEV0004,35.4,100.0,25.71,172.4,0.89,False
T004309,2025-04-30,15,HH007,DEV0008,15.6,95.3,3.03,15.9,0.41,False
T004310,2025-04-30,19,HH008,DEV0012,14.8,100.0,5.28,37.6,2.09,False
T004311,2025-04-30,19,HH012,DEV0016,21.1,62.8,1.42,7.1,0.13,True
T004312,2025-04-30,18,HH015,DEV0020,31.8,100.0,2.32,15.3,0.7,False
T004313,2025-04-30,15,HH017,DEV0022,36.1,100.0,14.25,64.6,0.78,False
T004314,2025-04-30,12,HH019,DEV0026,5.7,95.2,30.07,163.3,0.24,False
T004315,2025-04-30,14,HH021,DEV0028,37.8,100.0,16.86,90.5,0.46,False
T004316,2025-04-30,19,HH023,DEV0032,24.1,100.0,45.01,277.7,0.26,False
T004317,2025-04-30,14,HH024,DEV0035,26.2,100.0,40.37,272.4,0.86,False
T004318,2025-04-30,19,HH028,DEV0040,30.3,100.0,26.9,129.2,0.37,False
T004319,2025-04-30,17,HH031,DEV0045,31.1,100.0,35.07,232.5,0.37,False
T004320,2025-04-30,16,HH033,DEV0048,25.2,97.8,4.65,29.2,0.23,False
T004321,2025-04-30,18,HH034,DEV0049,30.9,100.0,5.18,38.8,0.29,False
T004322,2025-04-30,16,HH041,DEV0060,13.9,100.0,4.39,30.6,0.18,False
T004323,2025-04-30,17,HH045,DEV0067,19.6,100.0,41.33,197.8,0.78,False
T004324,2025-04-30,14,HH047,DEV0070,38.2,100.0,14.89,92.1,0.15,False
T004325,2025-04-30,16,HH048,DEV0072,19.8,100.0,6.26,30.9,0.06,False
T004326,2025-04-30,11,HH049,DEV0073,26.4,100.0,3.09,14.5,0.1,False
T004327,2025-04-30,18,HH057,DEV0085,6.0,80.2,5.64,34.0,0.53,False
T004328,2025-04-30,19,HH065,DEV0097,16.1,92.0,5.69,31.6,1.23,False
T004329,2025-04-30,16,HH069,DEV0101,28.9,100.0,39.25,190.9,0.19,False
T004330,2025-04-30,17,HH070,DEV0102,16.8,100.0,2.75,15.2,0.3,False
T004331,2025-04-30,18,HH073,DEV0106,36.5,100.0,4.06,21.4,0.27,False
T004332,2025-04-30,14,HH075,DEV0109,14.1,99.5,34.86,225.2,0.46,False
T004333,2025-04-30,14,HH076,DEV0110,37.9,100.0,22.23,98.0,0.52,False
T004334,2025-04-30,15,HH081,DEV0118,15.0,100.0,17.76,94.2,0.96,False
T004335,2025-04-30,15,HH082,DEV0120,12.9,87.1,3.41,17.8,0.58,False
T004336,2025-04-30,13,HH084,DEV0123,19.4,100.0,4.03,28.5,0.77,False
T004337,2025-04-30,15,HH086,DEV0125,26.4,100.0,2.58,11.4,0.3,False
T004338,2025-04-30,16,HH088,DEV0129,26.7,100.0,33.79,148.1,0.26,False
T004339,2025-04-30,15,HH094,DEV0137,9.0,98.0,4.36,19.8,0.25,False
T004340,2025-04-30,14,HH099,DEV0144,6.9,92.7,6.6,46.3,0.36,False
T004341,2025-04-30,16,HH101,DEV0147,25.8,100.0,2.67,16.1,0.08,False
T004342,2025-04-30,19,HH108,DEV0155,36.3,100.0,28.6,153.4,0.49,False
T004343,2025-04-30,17,HH113,DEV0164,14.0,99.8,18.53,122.8,0.43,False
T004344,2025-04-30,14,HH115,DEV0169,7.7,94.7,35.15,151.3,0.46,False
T004345,2025-04-30,16,HH116,DEV0170,37.6,100.0,21.03,94.9,1.08,False
T004346,2025-04-30,17,HH117,DEV0171,30.6,100.0,2.5,18.7,0.57,False
T004347,2025-04-30,17,HH118,DEV0173,7.6,97.4,4.13,17.8,0.37,False
T004348,2025-04-30,16,HH120,DEV0176,37.1,100.0,4.03,25.2,0.45,False
T004349,2025-04-30,16,HH127,DEV0185,37.4,100.0,37.0,256.0,0.25,False
T004350,2025-04-30,18,HH130,DEV0189,11.5,90.2,5.59,35.5,0.35,False
T004351,2025-04-30,16,HH132,DEV0192,19.8,97.6,3.89,26.9,0.49,False
T004352,2025-04-30,15,HH139,DEV0205,24.4,100.0,5.07,29.8,0.41,False
T004353,2025-04-30,19,HH140,DEV0206,10.4,83.3,18.82,97.2,0.39,False
T004354,2025-05-01,13,HH003,DEV0004,8.2,96.4,35.1,240.2,0.99,False
T004355,2025-05-01,19,HH004,DEV0005,8.5,90.0,5.87,29.3,0.23,False
T004356,2025-05-01,16,HH008,DEV0012,18.7,98.4,4.94,24.2,2.04,False
T004357,2025-05-01,17,HH009,DEV0013,8.4,82.4,4.14,18.1,0.18,False
T004358,2025-05-01,18,HH011,DEV0015,39.0,100.0,36.36,167.2,0.82,False
T004359,2025-05-01,15,HH013,DEV0017,18.0,92.4,3.94,17.8,0.94,False
T004360,2025-05-01,15,HH015,DEV0020,17.7,95.6,2.65,15.9,0.7,False
T004361,2025-05-01,18,HH017,DEV0022,29.9,100.0,15.63,82.9,0.52,False
T004362,2025-05-01,18,HH022,DEV0030,29.0,100.0,3.2,21.4,0.43,False
T004363,2025-05-01,16,HH026,DEV0038,8.0,92.9,42.43,243.9,0.24,False
T004364,2025-05-01,15,HH029,DEV0041,31.1,100.0,4.82,28.7,0.34,False
T004365,2025-05-01,14,HH033,DEV0048,39.1,100.0,3.9,16.7,0.28,False
T004366,2025-05-01,13,HH034,DEV0049,18.0,99.4,6.1,39.8,0.24,False
T004367,2025-05-01,11,HH037,DEV0053,14.0,94.2,3.77,23.7,0.84,False
T004368,2025-05-01,17,HH039,DEV0057,20.0,100.0,6.08,27.0,0.96,False
T004369,2025-05-01,16,HH043,DEV0064,39.4,100.0,27.94,193.4,0.53,False
T004370,2025-05-01,13,HH048,DEV0071,19.1,100.0,32.76,146.7,0.09,False
T004371,2025-05-01,16,HH050,DEV0074,17.7,100.0,3.79,20.6,0.36,False
T004372,2025-05-01,19,HH053,DEV0078,33.3,100.0,13.34,66.5,0.21,False
T004373,2025-05-01,19,HH054,DEV0079,37.3,100.0,2.95,19.3,0.53,False
T004374,2025-05-01,19,HH056,DEV0082,15.6,100.0,3.97,17.3,0.64,False
T004375,2025-05-01,18,HH062,DEV0092,27.4,100.0,23.74,108.5,0.36,False
T004376,2025-05-01,19,HH066,DEV0098,39.2,89.6,3.28,20.2,0.35,True
T004377,2025-05-01,19,HH073,DEV0106,5.2,91.9,5.55,27.7,0.31,False
T004378,2025-05-01,19,HH079,DEV0115,19.4,98.6,38.95,286.6,0.27,False
T004379,2025-05-01,15,HH082,DEV0120,17.4,91.3,3.4,16.2,0.76,False
T004380,2025-05-01,18,HH086,DEV0126,19.6,100.0,25.0,112.3,0.31,False
T004381,2025-05-01,19,HH091,DEV0133,30.9,100.0,3.11,18.1,0.41,False
T004382,2025-05-01,18,HH095,DEV0139,24.4,100.0,18.75,83.9,0.65,False
T004383,2025-05-01,19,HH098,DEV0142,15.2,95.3,44.05,193.1,0.8,False
T004384,2025-05-01,19,HH102,DEV0148,18.2,100.0,21.68,93.0,1.77,False
T004385,2025-05-01,17,HH103,DEV0149,11.8,87.4,3.25,14.3,1.1,False
T004386,2025-05-01,16,HH106,DEV0152,8.9,92.9,44.24,308.8,0.24,False
T004387,2025-05-01,14,HH107,DEV0154,12.8,83.5,2.33,14.2,0.39,False
T004388,2025-05-01,15,HH110,DEV0158,27.0,100.0,2.41,11.9,0.45,False
T004389,2025-05-01,17,HH114,DEV0166,36.7,100.0,3.99,17.5,0.6,False
T004390,2025-05-01,11,HH124,DEV0181,7.5,83.1,33.54,193.7,0.86,False
T004391,2025-05-01,18,HH125,DEV0182,36.5,100.0,20.89,94.5,0.41,False
T004392,2025-05-01,19,HH128,DEV0187,26.2,100.0,3.1,19.9,0.13,False
T004393,2025-05-01,13,HH135,DEV0198,32.1,100.0,3.94,28.4,0.14,False
T004394,2025-05-01,17,HH139,DEV0205,38.1,100.0,4.15,30.7,0.35,False
T004395,2025-05-01,18,HH140,DEV0206,21.8,100.0,20.18,113.8,0.56,False
T004396,2025-05-02,16,HH002,DEV0002,10.0,94.4,47.95,269.7,0.86,False
T004397,2025-05-02,14,HH004,DEV0005,31.4,100.0,4.94,28.6,0.19,False
T004398,2025-05-02,18,HH008,DEV0012,37.8,100.0,3.86,20.0,2.19,False
T004399,2025-05-02,19,HH010,DEV0014,35.0,100.0,38.74,261.0,0.46,False
T004400,2025-05-02,15,HH013,DEV0017,11.1,86.3,3.98,22.3,1.28,False
T004401,2025-05-02,12,HH016,DEV0021,28.8,100.0,32.4,154.5,0.4,False
T004402,2025-05-02,14,HH018,DEV0024,28.8,100.0,4.84,21.6,0.55,False
T004403,2025-05-02,19,HH021,DEV0028,21.9,95.9,20.07,103.6,0.44,False
T004404,2025-05-02,16,HH025,DEV0037,20.5,92.2,42.16,200.3,0.57,False
T004405,2025-05-02,17,HH027,DEV0039,34.6,100.0,2.09,10.6,0.28,False
T004406,2025-05-02,19,HH029,DEV0043,33.4,100.0,35.23,153.7,0.57,False
T004407,2025-05-02,17,HH034,DEV0049,8.5,92.7,6.31,28.5,0.25,False
T004408,2025-05-02,12,HH040,DEV0059,17.2,100.0,2.57,13.1,0.55,False
T004409,2025-05-02,16,HH044,DEV0066,5.7,95.6,28.13,139.0,0.85,False
T004410,2025-05-02,15,HH049,DEV0073,24.5,100.0,3.17,14.6,0.1,False
T004411,2025-05-02,16,HH051,DEV0075,38.6,100.0,3.01,13.5,0.58,False
T004412,2025-05-02,18,HH053,DEV0078,37.6,100.0,12.48,54.6,0.16,False
T004413,2025-05-02,16,HH055,DEV0080,8.9,92.2,25.32,120.0,1.86,False
T004414,2025-05-02,18,HH056,DEV0082,34.1,100.0,3.1,13.8,0.63,False
T004415,2025-05-02,17,HH061,DEV0091,27.3,100.0,4.36,26.9,0.53,False
T004416,2025-05-02,15,HH066,DEV0098,18.1,72.6,3.54,21.3,0.49,True
T004417,2025-05-02,17,HH068,DEV0100,12.9,93.2,34.84,201.3,0.66,False
T004418,2025-05-02,17,HH070,DEV0102,14.5,94.4,2.64,18.0,0.22,False
T004419,2025-05-02,16,HH073,DEV0106,13.1,90.7,4.97,21.7,0.27,False
T004420,2025-05-02,15,HH074,DEV0107,29.9,100.0,35.26,259.6,0.26,False
T004421,2025-05-02,17,HH075,DEV0109,25.3,100.0,30.48,213.3,0.49,False
T004422,2025-05-02,13,HH078,DEV0114,13.8,99.8,30.26,149.8,0.69,False
T004423,2025-05-02,16,HH085,DEV0124,25.6,100.0,25.0,115.5,0.07,False
T004424,2025-05-02,14,HH087,DEV0128,29.0,100.0,2.27,15.2,0.33,False
T004425,2025-05-02,17,HH088,DEV0129,27.1,100.0,33.61,212.4,0.27,False
T004426,2025-05-02,17,HH091,DEV0133,29.7,100.0,3.16,14.4,0.6,False
T004427,2025-05-02,13,HH093,DEV0135,24.2,99.7,3.25,18.5,0.41,False
T004428,2025-05-02,17,HH098,DEV0143,27.5,100.0,4.13,27.9,0.78,False
T004429,2025-05-02,13,HH100,DEV0146,33.8,100.0,3.77,16.6,0.29,False
T004430,2025-05-02,17,HH101,DEV0147,25.5,100.0,2.68,15.4,0.08,False
T004431,2025-05-02,14,HH108,DEV0155,16.8,93.4,34.37,184.3,0.42,False
T004432,2025-05-02,16,HH110,DEV0158,25.4,100.0,2.46,14.9,0.62,False
T004433,2025-05-02,19,HH112,DEV0163,14.2,99.2,28.64,174.9,0.42,False
T004434,2025-05-02,18,HH116,DEV0170,27.7,100.0,24.37,115.6,0.95,False
T004435,2025-05-02,17,HH118,DEV0173,34.1,100.0,3.03,20.0,0.39,False
T004436,2025-05-02,16,HH119,DEV0174,20.3,99.0,23.54,140.8,0.36,False
T004437,2025-05-02,17,HH121,DEV0177,20.8,97.7,4.38,25.5,0.52,False
T004438,2025-05-02,15,HH123,DEV0180,32.7,100.0,14.07,67.1,0.33,False
T004439,2025-05-02,13,HH124,DEV0181,21.2,100.0,34.99,158.3,0.81,False
T004440,2025-05-02,17,HH125,DEV0182,23.6,100.0,25.14,138.8,0.23,False
T004441,2025-05-02,19,HH127,DEV0186,10.2,85.8,38.17,181.0,0.19,False
T004442,2025-05-02,16,HH128,DEV0187,25.3,100.0,3.14,14.4,0.11,False
T004443,2025-05-02,15,HH129,DEV0188,19.4,100.0,4.76,23.9,0.47,False
T004444,2025-05-02,18,HH130,DEV0189,24.2,100.0,5.38,26.3,0.29,False
T004445,2025-05-02,15,HH132,DEV0191,12.4,94.9,21.05,117.6,0.48,False
T004446,2025-05-02,16,HH134,DEV0197,14.3,88.5,18.18,88.6,0.22,False
T004447,2025-05-02,13,HH138,DEV0203,25.7,100.0,25.34,161.7,0.19,False
T004448,2025-05-03,16,HH002,DEV0003,10.1,97.4,4.89,26.7,1.0,False
T004449,2025-05-03,12,HH003,DEV0004,11.0,83.1,28.68,211.5,1.02,False
T004450,2025-05-03,15,HH005,DEV0006,30.3,100.0,2.72,17.3,0.29,False
T004451,2025-05-03,19,HH007,DEV0008,34.3,100.0,2.5,14.7,0.33,False
T004452,2025-05-03,16,HH011,DEV0015,38.6,100.0,36.59,209.0,0.71,False
T004453,2025-05-03,14,HH013,DEV0018,35.5,100.0,4.84,20.8,1.22,False
T004454,2025-05-03,19,HH014,DEV0019,8.8,86.5,3.49,15.2,0.29,False
T004455,2025-05-03,13,HH016,DEV0021,31.8,100.0,31.03,179.7,0.35,False
T004456,2025-05-03,13,HH017,DEV0022,9.5,92.0,18.4,95.4,0.69,False
T004457,2025-05-03,19,HH021,DEV0029,10.0,88.7,3.15,13.9,0.43,False
T004458,2025-05-03,16,HH022,DEV0030,31.3,100.0,3.09,14.9,0.43,False
T004459,2025-05-03,9,HH024,DEV0035,35.1,100.0,35.5,201.2,0.58,False
T004460,2025-05-03,18,HH026,DEV0038,38.4,100.0,30.8,181.5,0.18,False
T004461,2025-05-03,16,HH031,DEV0045,19.4,100.0,41.03,287.0,0.28,False
T004462,2025-05-03,14,HH033,DEV0048,14.0,93.0,5.05,24.2,0.27,False
T004463,2025-05-03,19,HH034,DEV0049,23.5,98.2,5.6,39.2,0.2,False
T004464,2025-05-03,17,HH037,DEV0053,25.9,100.0,3.48,16.3,0.82,False
T004465,2025-05-03,13,HH041,DEV0060,14.0,100.0,4.39,20.2,0.14,False
T004466,2025-05-03,17,HH047,DEV0070,36.2,100.0,15.38,77.1,0.14,False
T004467,2025-05-03,17,HH050,DEV0074,14.7,100.0,3.92,27.8,0.57,False
T004468,2025-05-03,18,HH051,DEV0075,19.0,100.0,3.97,22.5,0.32,False
T004469,2025-05-03,18,HH055,DEV0080,27.4,97.7,21.36,102.2,1.53,False
T004470,2025-05-03,15,HH056,DEV0083,37.3,84.2,10.28,47.4,0.51,True
T004471,2025-05-03,19,HH063,DEV0093,26.5,99.9,21.07,137.8,0.37,False
T004472,2025-05-03,16,HH066,DEV0098,18.9,54.4,2.3,9.9,0.47,True
T004473,2025-05-03,12,HH069,DEV0101,11.4,100.0,48.91,358.8,0.16,False
T004474,2025-05-03,18,HH076,DEV0110,22.9,100.0,27.6,153.6,0.66,False
T004475,2025-05-03,16,HH087,DEV0128,30.5,100.0,2.22,13.0,0.33,False
T004476,2025-05-03,15,HH088,DEV0129,23.4,100.0,35.31,152.4,0.27,False
T004477,2025-05-03,18,HH090,DEV0131,13.5,90.7,43.31,273.9,0.85,False
T004478,2025-05-03,16,HH095,DEV0139,5.8,78.3,17.97,94.9,0.53,False
T004479,2025-05-03,13,HH099,DEV0144,19.6,95.4,5.83,26.3,0.3,False
T004480,2025-05-03,17,HH100,DEV0146,14.6,87.0,4.12,22.9,0.31,False
T004481,2025-05-03,15,HH101,DEV0147,18.5,100.0,2.93,17.3,0.07,False
T004482,2025-05-03,19,HH103,DEV0149,39.3,100.0,2.61,11.6,1.17,False
T004483,2025-05-03,17,HH105,DEV0151,19.9,100.0,4.0,17.9,0.3,False
T004484,2025-05-03,19,HH108,DEV0155,23.4,97.8,33.38,237.9,0.67,False
T004485,2025-05-03,19,HH109,DEV0156,14.7,100.0,6.48,32.0,0.54,False
T004486,2025-05-03,15,HH114,DEV0168,31.3,100.0,24.8,112.0,0.45,False
T004487,2025-05-03,13,HH118,DEV0173,6.4,92.4,3.96,24.7,0.39,False
T004488,2025-05-03,14,HH119,DEV0175,29.3,100.0,17.82,108.8,0.24,False
T004489,2025-05-03,16,HH120,DEV0176,18.1,94.5,4.89,24.7,0.37,False
T004490,2025-05-03,18,HH121,DEV0178,14.6,88.8,32.95,148.5,0.65,False
T004491,2025-05-03,19,HH122,DEV0179,39.8,100.0,19.75,94.9,0.47,False
T004492,2025-05-03,18,HH123,DEV0180,32.7,100.0,14.07,80.5,0.41,False
T004493,2025-05-03,19,HH124,DEV0181,35.2,100.0,28.77,124.6,0.95,False
T004494,2025-05-03,19,HH132,DEV0192,24.5,100.0,3.78,19.7,0.45,False
T004495,2025-05-03,14,HH133,DEV0193,14.1,96.5,3.13,14.1,0.21,False
T004496,2025-05-03,19,HH134,DEV0197,9.5,85.8,18.7,115.0,0.25,False
T004497,2025-05-03,19,HH139,DEV0205,18.8,100.0,5.44,36.1,0.32,False
T004498,2025-05-04,19,HH001,DEV0001,26.7,100.0,25.22,150.8,0.45,False
T004499,2025-05-04,11,HH006,DEV0007,35.7,100.0,13.25,59.7,0.86,False
T004500,2025-05-04,16,HH007,DEV0009,15.5,88.8,18.19,91.3,0.33,False
T004501,2025-05-04,14,HH011,DEV0015,27.9,100.0,42.97,224.6,0.72,False
T004502,2025-05-04,17,HH017,DEV0022,12.7,95.2,18.39,111.5,0.59,False
T004503,2025-05-04,18,HH018,DEV0024,28.6,100.0,4.86,21.3,0.64,False
T004504,2025-05-04,19,HH026,DEV0038,8.0,100.0,46.0,321.8,0.3,False
T004505,2025-05-04,19,HH029,DEV0042,32.8,100.0,35.01,180.4,0.44,False
T004506,2025-05-04,17,HH031,DEV0046,21.8,100.0,40.66,216.0,0.57,False
T004507,2025-05-04,19,HH035,DEV0050,31.5,100.0,23.22,114.0,0.31,False
T004508,2025-05-04,18,HH036,DEV0051,20.3,100.0,4.78,23.4,0.76,False
T004509,2025-05-04,19,HH039,DEV0056,18.8,100.0,35.57,207.2,1.01,False
T004510,2025-05-04,11,HH042,DEV0062,7.0,90.0,24.42,143.0,0.44,False
T004511,2025-05-04,15,HH045,DEV0067,29.1,100.0,36.44,254.3,0.94,False
T004512,2025-05-04,17,HH054,DEV0079,27.1,100.0,3.43,21.5,0.36,False
T004513,2025-05-04,14,HH055,DEV0081,27.8,100.0,3.03,18.5,1.63,False
T004514,2025-05-04,15,HH058,DEV0086,5.2,94.0,3.2,21.3,0.36,False
T004515,2025-05-04,14,HH061,DEV0090,13.0,88.5,5.74,25.6,0.67,False
T004516,2025-05-04,19,HH062,DEV0092,24.2,100.0,24.79,115.9,0.5,False
T004517,2025-05-04,17,HH064,DEV0095,11.3,83.1,2.22,10.9,1.48,False
T004518,2025-05-04,16,HH065,DEV0096,19.3,100.0,39.95,297.2,1.11,False
T004519,2025-05-04,18,HH067,DEV0099,24.3,100.0,6.06,29.5,0.74,False
T004520,2025-05-04,15,HH069,DEV0101,5.9,85.4,43.87,206.0,0.25,False
T004521,2025-05-04,19,HH070,DEV0102,12.4,98.4,2.84,13.1,0.27,False
T004522,2025-05-04,15,HH072,DEV0104,31.7,100.0,20.01,109.3,0.1,False
T004523,2025-05-04,12,HH075,DEV0109,35.5,100.0,26.32,168.1,0.45,False
T004524,2025-05-04,16,HH079,DEV0115,18.3,100.0,40.2,206.4,0.28,False
T004525,2025-05-04,16,HH080,DEV0116,39.1,100.0,4.57,24.6,0.71,False
T004526,2025-05-04,17,HH081,DEV0118,7.5,85.9,16.38,84.6,0.6,False
T004527,2025-05-04,13,HH087,DEV0128,7.8,85.0,2.47,11.5,0.32,False
T004528,2025-05-04,19,HH091,DEV0133,16.8,100.0,3.74,27.1,0.46,False
T004529,2025-05-04,19,HH092,DEV0134,36.2,100.0,28.52,141.1,0.56,False
T004530,2025-05-04,16,HH096,DEV0140,16.5,93.4,5.53,33.1,0.15,False
T004531,2025-05-04,19,HH097,DEV0141,25.2,100.0,3.89,22.6,0.29,False
T004532,2025-05-04,13,HH104,DEV0150,15.3,100.0,27.87,189.5,0.32,False
T004533,2025-05-04,18,HH108,DEV0155,25.9,100.0,33.27,187.7,0.52,False
T004534,2025-05-04,16,HH111,DEV0162,30.9,100.0,30.4,169.8,0.74,False
T004535,2025-05-04,19,HH114,DEV0166,16.8,95.5,4.96,21.8,0.44,False
T004536,2025-05-04,19,HH117,DEV0171,32.5,100.0,2.43,12.2,0.54,False
T004537,2025-05-04,19,HH119,DEV0174,39.0,100.0,18.24,92.9,0.31,False
T004538,2025-05-04,19,HH123,DEV0180,23.4,100.0,16.01,74.5,0.32,False
T004539,2025-05-04,13,HH128,DEV0187,38.4,100.0,2.59,13.4,0.14,False
T004540,2025-05-04,16,HH133,DEV0194,21.6,100.0,44.92,300.3,0.14,False
T004541,2025-05-04,17,HH138,DEV0203,18.3,93.4,25.6,169.1,0.18,False
T004542,2025-05-04,14,HH139,DEV0205,37.6,100.0,4.18,26.9,0.37,False
T004543,2025-05-05,19,HH001,DEV0001,12.2,98.4,29.65,190.6,0.55,False
T004544,2025-05-05,16,HH004,DEV0005,19.5,100.0,5.8,26.1,0.23,False
T004545,2025-05-05,16,HH007,DEV0008,35.3,100.0,2.46,13.3,0.37,False
T004546,2025-05-05,18,HH013,DEV0018,39.8,100.0,4.51,26.0,1.24,False
T004547,2025-05-05,17,HH015,DEV0020,33.2,100.0,2.27,11.4,0.5,False
T004548,2025-05-05,18,HH020,DEV0027,25.4,97.7,2.53,14.7,0.2,False
T004549,2025-05-05,18,HH023,DEV0033,34.7,100.0,25.53,110.7,0.21,False
T004550,2025-05-05,17,HH024,DEV0035,14.0,99.9,46.98,225.7,0.79,False
T004551,2025-05-05,17,HH025,DEV0037,33.4,100.0,39.16,212.5,0.49,False
T004552,2025-05-05,16,HH026,DEV0038,34.7,100.0,32.65,154.5,0.28,False
T004553,2025-05-05,19,HH031,DEV0045,8.6,80.9,36.8,233.8,0.42,False
T004554,2025-05-05,17,HH033,DEV0048,27.3,97.7,4.51,28.4,0.24,False
T004555,2025-05-05,19,HH037,DEV0053,38.6,100.0,2.89,17.8,0.53,False
T004556,2025-05-05,17,HH038,DEV0055,18.1,92.8,2.76,12.2,0.51,False
T004557,2025-05-05,16,HH045,DEV0067,15.8,98.5,42.49,266.1,0.84,False
T004558,2025-05-05,16,HH049,DEV0073,37.9,100.0,2.61,19.4,0.1,False
T004559,2025-05-05,17,HH052,DEV0076,34.5,100.0,2.95,13.0,0.34,False
T004560,2025-05-05,17,HH054,DEV0079,11.4,89.9,3.69,20.3,0.47,False
T004561,2025-05-05,18,HH060,DEV0089,6.3,95.0,23.52,110.5,0.54,False
T004562,2025-05-05,19,HH061,DEV0090,38.9,100.0,4.64,23.7,0.67,False
T004563,2025-05-05,17,HH064,DEV0095,16.4,96.1,2.47,10.8,1.61,False
T004564,2025-05-05,14,HH066,DEV0098,7.2,55.6,3.14,20.8,0.52,True
T004565,2025-05-05,11,HH068,DEV0100,33.7,100.0,28.77,129.7,0.76,False
T004566,2025-05-05,15,HH069,DEV0101,36.7,100.0,34.94,158.9,0.19,False
T004567,2025-05-05,16,HH070,DEV0102,14.6,100.0,2.82,14.8,0.26,False
T004568,2025-05-05,13,HH071,DEV0103,11.6,100.0,5.57,33.2,0.61,False
T004569,2025-05-05,15,HH075,DEV0109,12.8,84.0,29.05,155.1,0.48,False
T004570,2025-05-05,17,HH077,DEV0112,24.1,97.0,5.32,33.8,0.62,False
T004571,2025-05-05,16,HH080,DEV0116,14.4,95.5,6.08,29.9,0.75,False
T004572,2025-05-05,11,HH083,DEV0122,26.0,100.0,28.64,139.0,0.3,False
T004573,2025-05-05,17,HH088,DEV0129,25.3,100.0,34.44,165.6,0.27,False
T004574,2025-05-05,19,HH091,DEV0133,26.3,100.0,3.32,17.6,0.47,False
T004575,2025-05-05,18,HH093,DEV0135,7.0,89.9,3.56,21.6,0.39,False
T004576,2025-05-05,16,HH096,DEV0140,37.7,100.0,4.49,30.4,0.17,False
T004577,2025-05-05,12,HH099,DEV0144,10.8,96.7,6.62,38.1,0.22,False
T004578,2025-05-05,17,HH100,DEV0145,34.2,100.0,26.78,126.7,0.35,False
T004579,2025-05-05,18,HH114,DEV0167,16.6,100.0,6.42,42.8,0.5,False
T004580,2025-05-05,15,HH115,DEV0169,5.3,85.6,32.43,149.7,0.66,False
T004581,2025-05-05,19,HH122,DEV0179,14.5,98.7,27.63,140.0,0.72,False
T004582,2025-05-05,12,HH123,DEV0180,28.8,100.0,14.88,64.8,0.31,False
T004583,2025-05-05,16,HH124,DEV0181,7.1,90.9,37.19,180.5,0.8,False
T004584,2025-05-05,16,HH126,DEV0184,13.8,91.4,5.9,31.9,0.23,False
T004585,2025-05-05,17,HH135,DEV0198,18.2,100.0,4.74,24.3,0.14,False
T004586,2025-05-06,17,HH003,DEV0004,19.6,100.0,32.0,186.6,0.91,False
T004587,2025-05-06,19,HH010,DEV0014,27.5,100.0,43.21,270.0,0.46,False
T004588,2025-05-06,15,HH011,DEV0015,17.6,95.9,46.7,295.0,0.82,False
T004589,2025-05-06,18,HH013,DEV0018,17.7,90.1,5.43,40.6,0.86,False
T004590,2025-05-06,19,HH014,DEV0019,31.6,100.0,3.08,16.6,0.35,False
T004591,2025-05-06,14,HH016,DEV0021,38.6,100.0,27.94,173.1,0.24,False
T004592,2025-05-06,19,HH020,DEV0027,34.4,100.0,2.3,15.2,0.2,False
T004593,2025-05-06,18,HH021,DEV0029,22.0,100.0,3.12,13.6,0.4,False
T004594,2025-05-06,18,HH022,DEV0030,5.6,83.8,3.52,16.7,0.49,False
T004595,2025-05-06,19,HH024,DEV0034,34.7,100.0,38.2,191.7,1.0,False
T004596,2025-05-06,17,HH025,DEV0036,33.1,100.0,3.88,25.7,0.6,False
T004597,2025-05-06,19,HH026,DEV0038,25.4,100.0,37.3,211.8,0.23,False
T004598,2025-05-06,19,HH028,DEV0040,24.0,100.0,29.34,126.4,0.5,False
T004599,2025-05-06,16,HH029,DEV0043,20.4,97.0,40.52,259.4,0.53,False
T004600,2025-05-06,18,HH030,DEV0044,16.3,92.4,2.66,17.2,0.07,False
T004601,2025-05-06,16,HH036,DEV0052,20.1,98.2,5.78,42.2,0.73,False
T004602,2025-05-06,18,HH044,DEV0066,31.0,100.0,21.6,108.7,0.78,False
T004603,2025-05-06,18,HH047,DEV0069,8.6,48.3,20.43,93.1,0.19,True
T004604,2025-05-06,14,HH054,DEV0079,38.4,100.0,2.9,13.2,0.4,False
T004605,2025-05-06,13,HH057,DEV0085,37.1,100.0,4.78,27.8,0.95,False
T004606,2025-05-06,17,HH058,DEV0086,32.8,100.0,2.42,11.0,0.32,False
T004607,2025-05-06,15,HH060,DEV0089,19.5,100.0,21.33,114.6,0.79,False
T004608,2025-05-06,17,HH061,DEV0091,33.9,100.0,3.97,22.6,0.46,False
T004609,2025-05-06,14,HH066,DEV0098,8.6,48.5,2.59,18.4,0.49,True
T004610,2025-05-06,16,HH071,DEV0103,24.9,96.1,4.49,28.1,0.45,False
T004611,2025-05-06,18,HH072,DEV0104,13.8,91.5,22.77,108.2,0.09,False
T004612,2025-05-06,10,HH073,DEV0106,32.0,100.0,4.35,26.6,0.31,False
T004613,2025-05-06,18,HH074,DEV0107,26.8,100.0,36.82,164.0,0.25,False
T004614,2025-05-06,14,HH075,DEV0109,9.1,96.8,35.78,211.7,0.57,False
T004615,2025-05-06,13,HH078,DEV0113,36.1,100.0,3.39,17.9,0.86,False
T004616,2025-05-06,18,HH081,DEV0118,19.6,100.0,16.8,76.5,0.83,False
T004617,2025-05-06,13,HH084,DEV0123,31.2,100.0,3.44,23.0,0.57,False
T004618,2025-05-06,15,HH085,DEV0124,10.2,96.0,28.84,125.3,0.07,False
T004619,2025-05-06,16,HH086,DEV0127,18.9,89.6,2.76,17.7,0.32,False
T004620,2025-05-06,16,HH089,DEV0130,7.5,87.3,3.59,22.8,0.14,False
T004621,2025-05-06,17,HH091,DEV0133,37.0,100.0,2.84,14.1,0.36,False
T004622,2025-05-06,15,HH092,DEV0134,29.8,100.0,31.38,165.1,0.5,False
T004623,2025-05-06,15,HH099,DEV0144,24.5,100.0,5.81,33.2,0.24,False
T004624,2025-05-06,19,HH103,DEV0149,10.9,98.9,3.78,16.9,1.15,False
T004625,2025-05-06,13,HH104,DEV0150,35.8,100.0,21.12,100.1,0.3,False
T004626,2025-05-06,17,HH105,DEV0151,19.5,99.2,3.98,26.1,0.22,False
T004627,2025-05-06,13,HH106,DEV0152,26.4,100.0,38.79,255.7,0.25,False
T004628,2025-05-06,17,HH107,DEV0154,10.2,100.0,2.96,18.3,0.3,False
T004629,2025-05-06,19,HH111,DEV0162,39.0,100.0,26.84,130.3,0.66,False
T004630,2025-05-06,15,HH112,DEV0163,34.6,100.0,22.04,113.3,0.48,False
T004631,2025-05-06,15,HH121,DEV0178,10.1,81.6,31.76,225.9,0.66,False
T004632,2025-05-06,19,HH131,DEV0190,13.6,93.0,3.73,16.6,0.57,False
T004633,2025-05-06,11,HH133,DEV0194,31.7,100.0,39.14,275.9,0.13,False
T004634,2025-05-06,13,HH136,DEV0199,32.5,100.0,31.12,166.7,0.46,False
T004635,2025-05-06,14,HH140,DEV0206,36.9,100.0,16.28,110.3,0.56,False
T004636,2025-05-07,18,HH001,DEV0001,36.8,100.0,21.74,122.8,0.56,False
T004637,2025-05-07,13,HH005,DEV0006,27.7,100.0,2.82,13.9,0.33,False
T004638,2025-05-07,15,HH007,DEV0009,9.8,91.2,20.18,134.6,0.27,False
T004639,2025-05-07,17,HH008,DEV0010,7.6,91.2,42.56,200.8,1.78,False
T004640,2025-05-07,13,HH009,DEV0013,8.1,91.2,4.65,20.2,0.2,False
T004641,2025-05-07,16,HH010,DEV0014,17.0,100.0,49.47,263.2,0.31,False
T004642,2025-05-07,15,HH021,DEV0028,12.6,93.2,21.85,126.4,0.46,False
T004643,2025-05-07,14,HH022,DEV0030,9.9,90.5,3.63,16.0,0.43,False
T004644,2025-05-07,15,HH025,DEV0037,39.7,100.0,35.46,161.1,0.37,False
T004645,2025-05-07,14,HH028,DEV0040,37.3,100.0,24.2,136.4,0.42,False
T004646,2025-05-07,12,HH033,DEV0048,15.7,99.2,5.34,34.8,0.19,False
T004647,2025-05-07,17,HH035,DEV0050,13.2,97.3,28.52,136.5,0.47,False
T004648,2025-05-07,19,HH041,DEV0060,21.5,100.0,4.0,23.1,0.15,False
T004649,2025-05-07,14,HH043,DEV0065,28.9,100.0,2.99,19.0,0.59,False
T004650,2025-05-07,19,HH044,DEV0066,20.9,100.0,24.76,132.8,0.72,False
T004651,2025-05-07,16,HH045,DEV0067,36.2,100.0,32.79,179.3,1.02,False
T004652,2025-05-07,17,HH046,DEV0068,33.9,100.0,31.07,164.2,0.11,False
T004653,2025-05-07,14,HH053,DEV0078,37.3,100.0,12.54,65.6,0.19,False
T004654,2025-05-07,18,HH054,DEV0079,36.6,100.0,2.98,17.4,0.45,False
T004655,2025-05-07,17,HH059,DEV0087,8.2,81.7,4.26,27.4,0.27,False
T004656,2025-05-07,19,HH061,DEV0090,28.6,100.0,5.43,28.7,0.55,False
T004657,2025-05-07,15,HH066,DEV0098,34.6,71.1,2.37,10.9,0.43,True
T004658,2025-05-07,16,HH069,DEV0101,11.5,96.8,47.09,215.8,0.24,False
T004659,2025-05-07,17,HH070,DEV0102,38.6,100.0,2.03,13.2,0.27,False
T004660,2025-05-07,19,HH074,DEV0107,16.2,91.2,37.72,205.9,0.2,False
T004661,2025-05-07,12,HH076,DEV0110,17.2,100.0,29.64,220.4,0.83,False
T004662,2025-05-07,17,HH077,DEV0112,24.1,95.4,5.2,38.0,0.65,False
T004663,2025-05-07,19,HH081,DEV0117,35.3,100.0,15.53,70.5,0.64,False
T004664,2025-05-07,19,HH083,DEV0122,7.2,89.6,31.88,145.8,0.43,False
T004665,2025-05-07,14,HH090,DEV0131,14.8,91.8,43.22,250.2,0.69,False
T004666,2025-05-07,16,HH092,DEV0134,22.0,100.0,34.87,153.2,0.5,False
T004667,2025-05-07,15,HH093,DEV0135,9.4,87.6,3.36,20.7,0.38,False
T004668,2025-05-07,16,HH095,DEV0139,11.4,94.2,20.53,147.8,0.83,False
T004669,2025-05-07,18,HH096,DEV0140,36.9,100.0,4.54,21.6,0.14,False
T004670,2025-05-07,18,HH097,DEV0141,12.6,100.0,4.54,29.7,0.37,False
T004671,2025-05-07,17,HH098,DEV0142,26.8,100.0,40.26,196.1,0.76,False
T004672,2025-05-07,18,HH099,DEV0144,17.1,100.0,6.38,35.7,0.32,False
T004673,2025-05-07,7,HH106,DEV0152,15.5,85.8,37.07,214.0,0.21,False
T004674,2025-05-07,14,HH107,DEV0154,30.6,100.0,2.29,10.1,0.4,False
T004675,2025-05-07,16,HH108,DEV0155,19.3,100.0,36.23,171.2,0.41,False
T004676,2025-05-07,17,HH109,DEV0157,23.7,95.2,4.43,33.0,0.58,False
T004677,2025-05-07,16,HH112,DEV0163,30.3,100.0,23.49,106.9,0.48,False
T004678,2025-05-07,15,HH117,DEV0171,6.5,82.8,2.75,14.4,0.48,False
T004679,2025-05-07,18,HH118,DEV0172,36.1,100.0,29.71,212.0,0.34,False
T004680,2025-05-07,17,HH119,DEV0174,32.2,100.0,20.27,151.4,0.29,False
T004681,2025-05-07,17,HH120,DEV0176,6.9,88.4,5.21,29.6,0.4,False
T004682,2025-05-07,19,HH122,DEV0179,8.3,98.7,29.65,198.0,0.42,False
T004683,2025-05-07,16,HH125,DEV0183,13.8,98.3,4.57,26.2,0.23,False
T004684,2025-05-07,17,HH128,DEV0187,13.7,96.2,3.47,22.6,0.11,False
T004685,2025-05-07,15,HH133,DEV0194,28.2,100.0,41.14,176.9,0.18,False
T004686,2025-05-07,19,HH134,DEV0196,31.0,100.0,5.11,24.7,0.24,False
T004687,2025-05-08,19,HH003,DEV0004,10.2,98.6,35.17,197.0,0.93,False
T004688,2025-05-08,18,HH005,DEV0006,19.0,90.6,2.79,14.5,0.44,False
T004689,2025-05-08,18,HH006,DEV0007,16.5,89.5,15.04,89.3,0.64,False
T004690,2025-05-08,15,HH009,DEV0013,9.9,84.6,4.18,29.4,0.16,False
T004691,2025-05-08,14,HH012,DEV0016,31.0,74.6,1.48,8.5,0.13,True
T004692,2025-05-08,17,HH017,DEV0023,20.3,100.0,4.54,20.2,0.49,False
T004693,2025-05-08,14,HH023,DEV0033,16.5,99.3,32.38,219.0,0.16,False
T004694,2025-05-08,13,HH025,DEV0036,6.7,93.1,5.01,25.7,0.55,False
T004695,2025-05-08,17,HH028,DEV0040,12.9,89.6,29.59,174.2,0.41,False
T004696,2025-05-08,19,HH033,DEV0048,6.5,88.4,5.24,23.0,0.26,False
T004697,2025-05-08,19,HH034,DEV0049,5.6,96.3,6.8,39.9,0.19,False
T004698,2025-05-08,13,HH036,DEV0052,12.4,92.2,5.9,39.9,0.68,False
T004699,2025-05-08,12,HH037,DEV0053,9.8,87.7,3.66,18.3,0.71,False
T004700,2025-05-08,16,HH040,DEV0059,23.4,100.0,2.37,11.1,0.54,False
T004701,2025-05-08,19,HH046,DEV0068,9.6,91.4,38.44,212.3,0.14,False
T004702,2025-05-08,19,HH047,DEV0069,21.5,66.5,23.17,101.0,0.14,True
T004703,2025-05-08,19,HH048,DEV0072,6.7,93.6,6.77,29.3,0.09,False
T004704,2025-05-08,17,HH049,DEV0073,5.6,82.9,3.24,18.4,0.12,False
T004705,2025-05-08,17,HH051,DEV0075,33.2,100.0,3.27,22.9,0.52,False
T004706,2025-05-08,13,HH054,DEV0079,22.0,95.9,3.47,18.9,0.34,False
T004707,2025-05-08,16,HH059,DEV0087,31.9,100.0,3.95,18.9,0.3,False
T004708,2025-05-08,19,HH060,DEV0088,14.6,100.0,6.23,37.8,0.48,False
T004709,2025-05-08,13,HH061,DEV0091,21.3,92.0,4.24,27.8,0.55,False
T004710,2025-05-08,15,HH065,DEV0096,10.7,93.8,41.11,226.4,0.79,False
T004711,2025-05-08,17,HH067,DEV0099,35.3,100.0,5.18,33.9,0.74,False
T004712,2025-05-08,19,HH072,DEV0104,29.9,100.0,20.54,98.5,0.08,False
T004713,2025-05-08,19,HH073,DEV0106,23.7,100.0,4.88,34.2,0.21,False
T004714,2025-05-08,19,HH074,DEV0107,10.9,82.7,36.12,218.2,0.34,False
T004715,2025-05-08,16,HH077,DEV0111,18.2,100.0,6.38,38.0,0.6,False
T004716,2025-05-08,16,HH078,DEV0114,32.2,100.0,23.87,112.7,0.52,False
T004717,2025-05-08,15,HH079,DEV0115,10.2,89.8,39.17,226.5,0.25,False
T004718,2025-05-08,19,HH084,DEV0123,10.2,100.0,4.49,20.8,0.56,False
T004719,2025-05-08,15,HH085,DEV0124,22.8,100.0,25.94,123.4,0.11,False
T004720,2025-05-08,15,HH089,DEV0130,25.6,100.0,3.35,17.8,0.1,False
T004721,2025-05-08,16,HH091,DEV0133,7.9,88.4,3.62,24.5,0.42,False
T004722,2025-05-08,12,HH093,DEV0135,5.8,86.7,3.48,16.4,0.33,False
T004723,2025-05-08,15,HH103,DEV0149,22.3,97.3,3.23,19.8,0.84,False
T004724,2025-05-08,17,HH105,DEV0151,13.4,86.4,3.65,24.4,0.29,False
T004725,2025-05-08,15,HH107,DEV0154,14.4,95.2,2.67,17.5,0.34,False
T004726,2025-05-08,14,HH111,DEV0161,18.3,89.5,4.7,33.8,0.69,False
T004727,2025-05-08,10,HH112,DEV0163,37.4,100.0,21.1,156.5,0.33,False
T004728,2025-05-08,15,HH118,DEV0173,19.8,100.0,3.69,21.7,0.25,False
T004729,2025-05-08,18,HH119,DEV0174,6.4,79.0,21.7,102.2,0.37,False
T004730,2025-05-08,18,HH122,DEV0179,8.9,81.2,23.72,110.0,0.55,False
T004731,2025-05-08,19,HH123,DEV0180,31.7,100.0,14.27,86.0,0.42,False
T004732,2025-05-08,19,HH124,DEV0181,29.9,100.0,31.12,195.9,0.59,False
T004733,2025-05-08,16,HH126,DEV0184,21.3,97.9,5.83,31.3,0.28,False
T004734,2025-05-08,17,HH127,DEV0186,9.7,87.3,39.19,226.7,0.27,False
T004735,2025-05-08,19,HH128,DEV0187,17.1,100.0,3.48,14.9,0.11,False
T004736,2025-05-08,13,HH129,DEV0188,36.1,100.0,3.77,17.8,0.61,False
T004737,2025-05-08,19,HH130,DEV0189,23.0,100.0,5.47,37.8,0.26,False
T004738,2025-05-08,19,HH131,DEV0190,17.5,100.0,3.88,19.1,0.56,False
T004739,2025-05-08,19,HH133,DEV0193,20.8,95.2,2.83,13.9,0.17,False
T004740,2025-05-08,16,HH134,DEV0196,7.1,81.7,5.52,35.7,0.26,False
T004741,2025-05-08,13,HH138,DEV0203,7.2,98.1,31.01,186.5,0.16,False
T004742,2025-05-09,8,HH007,DEV0009,7.3,93.0,21.25,107.2,0.36,False
T004743,2025-05-09,16,HH010,DEV0014,10.9,100.0,53.1,278.0,0.51,False
T004744,2025-05-09,19,HH013,DEV0017,26.7,100.0,3.88,18.2,0.9,False
T004745,2025-05-09,17,HH021,DEV0029,28.2,100.0,2.87,14.2,0.53,False
T004746,2025-05-09,17,HH023,DEV0033,5.9,97.4,35.77,253.5,0.2,False
T004747,2025-05-09,16,HH024,DEV0034,7.5,86.8,46.42,222.7,0.57,False
T004748,2025-05-09,17,HH031,DEV0045,17.9,100.0,41.79,182.0,0.35,False
T004749,2025-05-09,18,HH032,DEV0047,31.5,100.0,4.18,23.9,0.44,False
T004750,2025-05-09,17,HH034,DEV0049,15.3,94.2,5.92,42.4,0.23,False
T004751,2025-05-09,10,HH037,DEV0053,8.8,94.0,4.01,19.7,0.88,False
T004752,2025-05-09,16,HH039,DEV0058,18.8,100.0,3.9,19.4,0.98,False
T004753,2025-05-09,17,HH040,DEV0059,38.5,100.0,1.91,13.3,0.41,False
T004754,2025-05-09,15,HH046,DEV0068,9.2,100.0,42.68,308.4,0.1,False
T004755,2025-05-09,11,HH048,DEV0072,19.1,100.0,6.31,40.0,0.07,False
T004756,2025-05-09,19,HH051,DEV0075,5.6,89.3,4.1,20.0,0.58,False
T004757,2025-05-09,15,HH052,DEV0076,6.7,95.2,3.98,21.0,0.28,False
T004758,2025-05-09,16,HH053,DEV0078,24.8,100.0,15.04,112.3,0.22,False
T004759,2025-05-09,19,HH055,DEV0081,33.4,100.0,2.8,18.7,1.36,False
T004760,2025-05-09,16,HH056,DEV0083,25.4,73.6,10.57,70.1,0.62,True
T004761,2025-05-09,15,HH060,DEV0089,9.9,100.0,23.88,123.7,0.82,False
T004762,2025-05-09,13,HH061,DEV0091,37.6,100.0,3.74,19.0,0.47,False
T004763,2025-05-09,15,HH062,DEV0092,30.0,100.0,22.89,125.7,0.37,False
T004764,2025-05-09,18,HH065,DEV0097,15.9,94.2,5.87,33.9,1.17,False
T004765,2025-05-09,18,HH067,DEV0099,6.6,90.2,6.69,28.9,0.84,False
T004766,2025-05-09,15,HH070,DEV0102,27.8,100.0,2.38,12.8,0.19,False
T004767,2025-05-09,14,HH071,DEV0103,28.3,100.0,4.52,33.2,0.56,False
T004768,2025-05-09,17,HH073,DEV0105,9.1,90.5,4.96,24.2,0.3,False
T004769,2025-05-09,15,HH077,DEV0112,21.4,100.0,5.74,41.3,0.58,False
T004770,2025-05-09,19,HH078,DEV0114,26.1,100.0,26.01,114.3,0.84,False
T004771,2025-05-09,16,HH079,DEV0115,18.6,91.3,35.75,155.0,0.26,False
T004772,2025-05-09,16,HH083,DEV0122,39.4,100.0,23.45,109.1,0.42,False
T004773,2025-05-09,14,HH084,DEV0123,28.7,100.0,3.56,25.8,0.73,False
T004774,2025-05-09,19,HH085,DEV0124,19.1,89.8,23.77,103.3,0.07,False
T004775,2025-05-09,19,HH088,DEV0129,28.5,100.0,32.96,147.4,0.26,False
T004776,2025-05-09,18,HH089,DEV0130,35.9,100.0,2.88,19.2,0.16,False
T004777,2025-05-09,15,HH091,DEV0133,11.3,87.9,3.45,23.7,0.52,False
T004778,2025-05-09,17,HH093,DEV0135,23.2,100.0,3.3,19.0,0.47,False
T004779,2025-05-09,18,HH094,DEV0136,23.4,100.0,37.84,223.9,0.31,False
T004780,2025-05-09,15,HH095,DEV0139,13.3,87.0,18.27,97.2,0.53,False
T004781,2025-05-09,15,HH096,DEV0140,24.8,100.0,5.41,35.2,0.18,False
T004782,2025-05-09,18,HH101,DEV0147,30.0,100.0,2.52,12.2,0.06,False
T004783,2025-05-09,14,HH103,DEV0149,24.3,100.0,3.26,18.2,1.04,False
T004784,2025-05-09,15,HH105,DEV0151,17.1,93.6,3.82,19.7,0.24,False
T004785,2025-05-09,19,HH107,DEV0153,28.7,100.0,2.71,16.7,0.35,False
T004786,2025-05-09,15,HH111,DEV0162,25.2,100.0,32.91,207.4,0.68,False
T004787,2025-05-09,15,HH112,DEV0163,36.2,100.0,21.5,111.1,0.45,False
T004788,2025-05-09,14,HH118,DEV0173,17.0,98.5,3.75,16.9,0.27,False
T004789,2025-05-09,19,HH120,DEV0176,24.2,100.0,4.85,32.5,0.34,False
T004790,2025-05-09,17,HH122,DEV0179,30.2,100.0,22.89,151.3,0.69,False
T004791,2025-05-09,16,HH123,DEV0180,26.8,100.0,15.3,93.1,0.31,False
T004792,2025-05-09,19,HH125,DEV0182,13.5,93.8,26.41,117.9,0.33,False
T004793,2025-05-09,12,HH126,DEV0184,26.0,100.0,5.62,31.9,0.24,False
T004794,2025-05-09,19,HH127,DEV0186,35.7,100.0,32.47,199.6,0.24,False
T004795,2025-05-09,14,HH129,DEV0188,9.7,83.3,4.34,28.2,0.55,False
T004796,2025-05-09,16,HH133,DEV0194,35.4,100.0,37.02,191.1,0.13,False
T004797,2025-05-09,19,HH134,DEV0196,38.8,100.0,4.53,22.0,0.26,False
T004798,2025-05-09,16,HH135,DEV0198,34.8,100.0,3.78,18.0,0.14,False
T004799,2025-05-09,18,HH136,DEV0199,39.4,100.0,27.94,164.4,0.36,False
T004800,2025-05-09,17,HH139,DEV0205,23.1,100.0,5.15,31.4,0.36,False
T004801,2025-05-10,19,HH001,DEV0001,38.8,100.0,21.05,94.7,0.48,False
T004802,2025-05-10,13,HH004,DEV0005,24.5,100.0,5.44,28.4,0.25,False
T004803,2025-05-10,14,HH005,DEV0006,7.5,82.8,2.94,21.7,0.39,False
T004804,2025-05-10,17,HH006,DEV0007,11.4,92.6,16.72,74.8,0.65,False
T004805,2025-05-10,19,HH009,DEV0013,21.4,94.3,4.08,26.0,0.25,False
T004806,2025-05-10,19,HH013,DEV0017,28.2,100.0,3.81,19.8,1.0,False
T004807,2025-05-10,16,HH015,DEV0020,19.6,100.0,2.73,14.2,0.72,False
T004808,2025-05-10,12,HH016,DEV0021,11.3,92.4,36.88,267.5,0.28,False
T004809,2025-05-10,17,HH017,DEV0022,17.3,95.8,17.5,129.3,0.46,False
T004810,2025-05-10,16,HH019,DEV0026,33.8,100.0,22.24,107.8,0.36,False
T004811,2025-05-10,17,HH034,DEV0049,15.8,100.0,6.32,28.7,0.24,False
T004812,2025-05-10,18,HH036,DEV0051,16.1,95.9,4.79,22.3,0.57,False
T004813,2025-05-10,18,HH042,DEV0063,18.0,97.9,5.99,39.7,0.43,False
T004814,2025-05-10,15,HH046,DEV0068,14.8,100.0,40.04,177.5,0.1,False
T004815,2025-05-10,19,HH048,DEV0071,19.5,100.0,32.6,216.3,0.1,False
T004816,2025-05-10,13,HH050,DEV0074,12.1,96.4,3.88,22.0,0.51,False
T004817,2025-05-10,19,HH053,DEV0078,16.0,90.1,14.82,97.5,0.23,False
T004818,2025-05-10,19,HH056,DEV0083,23.3,60.2,8.07,39.6,0.47,True
T004819,2025-05-10,18,HH059,DEV0087,8.7,83.0,4.31,29.9,0.18,False
T004820,2025-05-10,11,HH063,DEV0094,23.3,94.7,2.43,17.9,0.65,False
T004821,2025-05-10,19,HH066,DEV0098,36.1,76.9,2.65,12.1,0.47,True
T004822,2025-05-10,19,HH068,DEV0100,35.2,100.0,28.12,206.9,0.77,False
T004823,2025-05-10,19,HH069,DEV0101,27.7,100.0,39.91,191.1,0.26,False
T004824,2025-05-10,19,HH071,DEV0103,5.8,82.3,4.82,23.6,0.61,False
T004825,2025-05-10,16,HH073,DEV0106,19.7,91.6,4.6,20.0,0.22,False
T004826,2025-05-10,19,HH074,DEV0108,15.3,100.0,4.74,23.2,0.28,False
T004827,2025-05-10,19,HH088,DEV0129,29.9,100.0,32.32,158.3,0.2,False
T004828,2025-05-10,19,HH089,DEV0130,18.2,96.1,3.51,21.6,0.13,False
T004829,2025-05-10,17,HH092,DEV0134,7.6,83.9,34.09,225.6,0.45,False
T004830,2025-05-10,19,HH102,DEV0148,6.4,86.5,21.24,104.0,1.66,False
T004831,2025-05-10,12,HH106,DEV0152,16.6,95.3,41.5,230.4,0.23,False
T004832,2025-05-10,19,HH108,DEV0155,20.2,100.0,35.83,252.0,0.41,False
T004833,2025-05-10,19,HH109,DEV0156,27.7,100.0,5.49,32.5,0.56,False
T004834,2025-05-10,19,HH112,DEV0163,7.5,89.4,27.6,124.5,0.29,False
T004835,2025-05-10,16,HH114,DEV0168,39.7,100.0,21.77,108.5,0.67,False
T004836,2025-05-10,18,HH115,DEV0169,12.8,100.0,35.23,153.0,0.46,False
T004837,2025-05-10,19,HH120,DEV0176,20.7,100.0,5.08,28.4,0.44,False
T004838,2025-05-10,17,HH123,DEV0180,10.4,92.2,17.09,116.3,0.33,False
T004839,2025-05-10,19,HH128,DEV0187,29.4,100.0,2.97,15.1,0.1,False
T004840,2025-05-10,18,HH132,DEV0191,29.0,100.0,18.1,85.6,0.37,False
T004841,2025-05-10,16,HH133,DEV0195,22.8,100.0,17.6,121.1,0.14,False
T004842,2025-05-10,14,HH134,DEV0196,38.9,100.0,4.52,33.0,0.25,False
T004843,2025-05-10,17,HH135,DEV0198,7.4,92.6,4.94,25.6,0.12,False
T004844,2025-05-10,15,HH137,DEV0202,28.4,100.0,3.65,27.4,2.37,False
T004845,2025-05-11,17,HH002,DEV0002,22.9,100.0,43.79,243.3,0.9,False
T004846,2025-05-11,12,HH006,DEV0007,38.8,100.0,12.61,92.2,0.88,False
T004847,2025-05-11,19,HH010,DEV0014,12.4,100.0,52.21,298.7,0.47,False
T004848,2025-05-11,13,HH013,DEV0017,34.8,100.0,3.46,15.7,0.84,False
T004849,2025-05-11,16,HH022,DEV0030,17.0,91.0,3.33,18.2,0.34,False
T004850,2025-05-11,15,HH024,DEV0034,6.3,96.6,52.82,326.9,0.8,False
T004851,2025-05-11,15,HH026,DEV0038,5.2,81.5,38.16,188.4,0.18,False
T004852,2025-05-11,19,HH027,DEV0039,15.2,93.6,2.51,12.6,0.28,False
T004853,2025-05-11,19,HH032,DEV0047,14.2,95.7,4.97,27.5,0.6,False
T004854,2025-05-11,16,HH033,DEV0048,22.2,100.0,4.98,21.8,0.2,False
T004855,2025-05-11,15,HH043,DEV0064,12.1,97.0,39.16,171.1,0.41,False
T004856,2025-05-11,16,HH046,DEV0068,39.1,100.0,28.62,146.4,0.12,False
T004857,2025-05-11,15,HH047,DEV0070,35.7,100.0,15.5,106.9,0.14,False
T004858,2025-05-11,17,HH048,DEV0071,9.7,89.0,32.1,175.4,0.09,False
T004859,2025-05-11,13,HH049,DEV0073,29.9,100.0,2.94,15.1,0.08,False
T004860,2025-05-11,15,HH059,DEV0087,11.1,83.7,4.21,20.0,0.21,False
T004861,2025-05-11,17,HH068,DEV0100,10.1,96.7,37.59,270.8,1.01,False
T004862,2025-05-11,14,HH069,DEV0101,29.8,100.0,38.75,239.9,0.26,False
T004863,2025-05-11,16,HH070,DEV0102,26.6,100.0,2.42,16.3,0.22,False
T004864,2025-05-11,17,HH071,DEV0103,26.6,100.0,4.62,33.0,0.41,False
T004865,2025-05-11,15,HH073,DEV0105,25.5,100.0,4.54,23.3,0.3,False
T004866,2025-05-11,19,HH078,DEV0113,13.6,99.5,4.55,20.9,0.68,False
T004867,2025-05-11,17,HH081,DEV0118,29.7,100.0,14.69,83.5,0.6,False
T004868,2025-05-11,17,HH083,DEV0122,38.8,100.0,23.68,103.5,0.4,False
T004869,2025-05-11,19,HH089,DEV0130,35.2,100.0,2.92,18.4,0.1,False
T004870,2025-05-11,17,HH090,DEV0132,6.8,86.4,46.23,344.9,0.78,False
T004871,2025-05-11,19,HH091,DEV0133,18.3,100.0,3.68,17.3,0.4,False
T004872,2025-05-11,19,HH096,DEV0140,34.4,100.0,4.72,24.7,0.15,False
T004873,2025-05-11,19,HH097,DEV0141,16.9,100.0,4.32,25.0,0.3,False
T004874,2025-05-11,13,HH098,DEV0142,32.5,100.0,37.12,204.8,0.71,False
T004875,2025-05-11,19,HH100,DEV0146,28.5,100.0,4.08,23.2,0.3,False
T004876,2025-05-11,14,HH104,DEV0150,19.6,100.0,26.45,146.1,0.24,False
T004877,2025-05-11,17,HH106,DEV0152,32.6,100.0,35.52,192.3,0.21,False
T004878,2025-05-11,11,HH108,DEV0155,23.3,100.0,34.44,165.9,0.55,False
T004879,2025-05-11,16,HH113,DEV0164,15.7,100.0,18.21,116.4,0.48,False
T004880,2025-05-11,16,HH114,DEV0166,11.1,94.8,5.27,29.1,0.44,False
T004881,2025-05-11,19,HH119,DEV0175,13.9,94.4,20.28,94.2,0.31,False
T004882,2025-05-11,13,HH121,DEV0178,16.9,90.4,32.66,220.7,0.77,False
T004883,2025-05-11,16,HH123,DEV0180,16.3,87.3,14.84,90.5,0.41,False
T004884,2025-05-11,19,HH124,DEV0181,12.2,92.9,35.83,183.2,0.47,False
T004885,2025-05-11,19,HH127,DEV0185,30.5,100.0,41.07,193.7,0.23,False
T004886,2025-05-11,13,HH128,DEV0187,30.7,100.0,2.91,12.6,0.12,False
T004887,2025-05-11,19,HH131,DEV0190,32.3,100.0,3.18,14.1,0.41,False
T004888,2025-05-11,13,HH132,DEV0192,17.1,97.1,4.0,25.2,0.37,False
T004889,2025-05-11,14,HH133,DEV0193,19.5,100.0,3.06,17.6,0.17,False
T004890,2025-05-11,16,HH134,DEV0196,6.1,99.7,6.92,44.7,0.18,False
T004891,2025-05-11,14,HH135,DEV0198,20.0,100.0,4.64,31.6,0.15,False
T004892,2025-05-11,14,HH137,DEV0202,25.2,100.0,3.81,19.2,2.19,False
T004893,2025-05-11,19,HH138,DEV0203,16.1,87.8,24.46,115.4,0.24,False
T004894,2025-05-11,19,HH139,DEV0204,29.9,100.0,25.73,131.7,0.32,False
T004895,2025-05-12,19,HH002,DEV0003,32.8,100.0,3.76,22.7,0.89,False
T004896,2025-05-12,16,HH012,DEV0016,31.9,85.7,1.83,9.9,0.1,True
T004897,2025-05-12,19,HH014,DEV0019,6.7,83.9,3.48,16.8,0.26,False
T004898,2025-05-12,12,HH020,DEV0027,35.8,100.0,2.25,9.9,0.14,False
T004899,2025-05-12,17,HH021,DEV0028,37.7,100.0,16.88,81.0,0.47,False
T004900,2025-05-12,16,HH023,DEV0032,10.1,87.8,46.05,288.4,0.23,False
T004901,2025-05-12,16,HH028,DEV0040,7.3,88.3,31.26,191.2,0.33,False
T004902,2025-05-12,14,HH031,DEV0045,13.8,100.0,43.88,235.3,0.54,False
T004903,2025-05-12,13,HH032,DEV0047,33.4,100.0,4.06,23.7,0.58,False
T004904,2025-05-12,19,HH035,DEV0050,8.9,85.9,26.11,124.0,0.29,False
T004905,2025-05-12,17,HH036,DEV0052,28.0,100.0,5.33,27.5,0.57,False
T004906,2025-05-12,17,HH041,DEV0060,22.4,100.0,3.96,21.2,0.15,False
T004907,2025-05-12,17,HH046,DEV0068,12.8,94.1,38.2,175.5,0.08,False
T004908,2025-05-12,18,HH049,DEV0073,8.0,89.1,3.41,20.7,0.06,False
T004909,2025-05-12,17,HH050,DEV0074,7.6,86.9,3.65,20.9,0.38,False
T004910,2025-05-12,15,HH060,DEV0089,37.6,100.0,16.54,75.0,0.59,False
T004911,2025-05-12,15,HH065,DEV0097,21.1,100.0,5.92,27.8,0.85,False
T004912,2025-05-12,17,HH066,DEV0098,7.4,51.5,2.87,17.4,0.38,True
T004913,2025-05-12,13,HH070,DEV0102,10.7,84.1,2.42,15.5,0.21,False
T004914,2025-05-12,17,HH071,DEV0103,24.2,95.8,4.51,22.8,0.49,False
T004915,2025-05-12,19,HH074,DEV0108,14.1,100.0,4.81,25.6,0.26,False
T004916,2025-05-12,13,HH075,DEV0109,27.6,100.0,29.54,207.6,0.39,False
T004917,2025-05-12,12,HH076,DEV0110,21.6,96.8,26.92,140.2,0.46,False
T004918,2025-05-12,19,HH083,DEV0122,5.1,76.2,27.52,146.6,0.28,False
T004919,2025-05-12,17,HH086,DEV0127,14.3,83.3,2.69,16.9,0.28,False
T004920,2025-05-12,17,HH095,DEV0139,25.8,100.0,18.4,84.3,0.69,False
T004921,2025-05-12,17,HH103,DEV0149,25.9,100.0,3.19,23.1,0.87,False
T004922,2025-05-12,19,HH107,DEV0153,22.7,100.0,2.94,14.3,0.24,False
T004923,2025-05-12,16,HH108,DEV0155,28.9,100.0,31.92,187.8,0.71,False
T004924,2025-05-12,15,HH112,DEV0163,39.3,100.0,20.46,151.1,0.39,False
T004925,2025-05-12,17,HH117,DEV0171,24.4,100.0,2.72,14.8,0.52,False
T004926,2025-05-12,17,HH121,DEV0177,9.8,81.5,4.09,23.1,0.75,False
T004927,2025-05-12,15,HH122,DEV0179,21.8,91.6,22.91,139.0,0.54,False
T004928,2025-05-12,11,HH125,DEV0183,11.5,100.0,4.78,25.8,0.39,False
T004929,2025-05-12,16,HH127,DEV0185,20.7,100.0,46.87,214.0,0.2,False
T004930,2025-05-12,16,HH128,DEV0187,18.2,90.3,3.03,21.9,0.14,False
T004931,2025-05-12,16,HH133,DEV0194,16.5,94.3,44.58,296.5,0.15,False
T004932,2025-05-12,19,HH134,DEV0197,39.6,100.0,14.8,74.0,0.17,False
T004933,2025-05-12,16,HH138,DEV0203,10.0,82.1,24.58,171.8,0.26,False
T004934,2025-05-13,19,HH004,DEV0005,30.0,100.0,5.04,24.8,0.24,False
T004935,2025-05-13,17,HH011,DEV0015,38.5,100.0,36.65,195.7,0.85,False
T004936,2025-05-13,17,HH015,DEV0020,23.6,99.2,2.57,12.2,0.5,False
T004937,2025-05-13,16,HH016,DEV0021,35.5,100.0,29.35,201.6,0.3,False
T004938,2025-05-13,16,HH018,DEV0025,5.1,94.4,35.9,168.0,0.63,False
T004939,2025-05-13,13,HH030,DEV0044,30.4,100.0,2.44,18.2,0.11,False
T004940,2025-05-13,12,HH031,DEV0046,29.5,100.0,36.66,231.8,0.44,False
T004941,2025-05-13,14,HH035,DEV0050,28.2,100.0,24.34,110.4,0.38,False
T004942,2025-05-13,13,HH038,DEV0054,14.9,86.2,22.74,168.9,0.41,False
T004943,2025-05-13,18,HH039,DEV0058,18.6,98.8,3.85,16.7,1.06,False
T004944,2025-05-13,19,HH040,DEV0059,37.9,100.0,1.93,11.8,0.55,False
T004945,2025-05-13,19,HH041,DEV0060,38.5,100.0,3.14,21.3,0.15,False
T004946,2025-05-13,14,HH044,DEV0066,24.3,95.2,22.2,158.3,0.46,False
T004947,2025-05-13,18,HH046,DEV0068,22.6,100.0,36.38,180.3,0.1,False
T004948,2025-05-13,15,HH049,DEV0073,29.6,100.0,2.96,21.7,0.09,False
T004949,2025-05-13,15,HH052,DEV0077,12.5,86.6,3.78,23.2,0.33,False
T004950,2025-05-13,19,HH055,DEV0080,15.7,88.1,22.02,114.0,1.31,False
T004951,2025-05-13,14,HH056,DEV0082,31.2,100.0,3.23,17.7,0.65,False
T004952,2025-05-13,16,HH057,DEV0084,9.4,85.3,2.43,10.5,0.63,False
T004953,2025-05-13,19,HH060,DEV0088,7.1,91.7,6.18,31.9,0.88,False
T004954,2025-05-13,13,HH061,DEV0091,23.3,100.0,4.6,29.5,0.53,False
T004955,2025-05-13,18,HH062,DEV0092,37.2,100.0,20.54,133.8,0.46,False
T004956,2025-05-13,18,HH064,DEV0095,19.8,100.0,2.49,14.0,1.35,False
T004957,2025-05-13,18,HH068,DEV0100,36.7,100.0,27.47,153.0,0.63,False
T004958,2025-05-13,15,HH072,DEV0104,12.1,89.5,22.69,127.2,0.08,False
T004959,2025-05-13,15,HH074,DEV0108,27.1,100.0,4.08,27.0,0.21,False
T004960,2025-05-13,16,HH075,DEV0109,14.2,100.0,35.01,241.1,0.44,False
T004961,2025-05-13,11,HH080,DEV0116,11.9,84.9,5.48,29.9,0.61,False
T004962,2025-05-13,15,HH081,DEV0117,15.7,96.9,19.48,98.8,0.76,False
T004963,2025-05-13,17,HH084,DEV0123,30.8,100.0,3.46,24.9,0.73,False
T004964,2025-05-13,11,HH094,DEV0136,36.9,100.0,31.17,153.3,0.33,False
T004965,2025-05-13,17,HH095,DEV0139,35.5,100.0,16.0,69.6,0.55,False
T004966,2025-05-13,15,HH098,DEV0143,30.8,100.0,3.94,18.5,0.68,False
T004967,2025-05-13,14,HH099,DEV0144,37.2,100.0,4.84,23.8,0.26,False
T004968,2025-05-13,19,HH102,DEV0148,13.0,90.6,20.56,136.6,1.34,False
T004969,2025-05-13,17,HH108,DEV0155,14.1,91.0,34.53,152.7,0.59,False
T004970,2025-05-13,18,HH109,DEV0157,27.7,100.0,4.48,29.9,0.48,False
T004971,2025-05-13,15,HH110,DEV0158,14.5,90.9,2.52,11.4,0.47,False
T004972,2025-05-13,17,HH113,DEV0164,16.8,100.0,17.97,107.5,0.49,False
T004973,2025-05-13,19,HH115,DEV0169,25.3,100.0,30.18,154.0,0.55,False
T004974,2025-05-13,17,HH116,DEV0170,37.7,100.0,21.0,91.1,0.7,False
T004975,2025-05-13,16,HH118,DEV0173,35.7,100.0,2.96,19.5,0.27,False
T004976,2025-05-13,19,HH122,DEV0179,29.3,100.0,23.19,100.2,0.67,False
T004977,2025-05-13,16,HH127,DEV0186,25.7,100.0,37.52,181.0,0.18,False
T004978,2025-05-13,11,HH130,DEV0189,14.9,94.4,5.64,27.7,0.24,False
T004979,2025-05-13,19,HH138,DEV0203,5.9,81.8,25.88,143.7,0.25,False
T004980,2025-05-14,14,HH001,DEV0001,22.3,100.0,26.73,196.2,0.45,False
T004981,2025-05-14,14,HH006,DEV0007,15.2,93.8,16.19,87.3,0.62,False
T004982,2025-05-14,19,HH013,DEV0017,13.3,94.9,4.32,19.2,1.11,False
T004983,2025-05-14,16,HH015,DEV0020,20.0,100.0,2.72,13.6,0.43,False
T004984,2025-05-14,19,HH017,DEV0023,13.6,89.6,4.33,23.1,0.53,False
T004985,2025-05-14,19,HH018,DEV0025,27.7,100.0,29.06,149.8,0.61,False
T004986,2025-05-14,19,HH020,DEV0027,39.5,100.0,2.12,9.1,0.2,False
T004987,2025-05-14,19,HH025,DEV0036,31.2,100.0,3.99,17.9,0.37,False
T004988,2025-05-14,19,HH028,DEV0040,39.7,100.0,23.28,108.4,0.41,False
T004989,2025-05-14,15,HH031,DEV0046,33.3,100.0,34.68,187.6,0.37,False
T004990,2025-05-14,14,HH035,DEV0050,31.3,100.0,23.29,133.1,0.53,False
T004991,2025-05-14,9,HH041,DEV0060,17.4,100.0,4.21,26.6,0.17,False
T004992,2025-05-14,17,HH045,DEV0067,37.4,100.0,32.18,156.3,0.97,False
T004993,2025-05-14,13,HH049,DEV0073,25.7,100.0,3.12,15.7,0.08,False
T004994,2025-05-14,12,HH055,DEV0080,23.7,100.0,23.2,144.6,1.16,False
T004995,2025-05-14,17,HH057,DEV0085,16.0,100.0,6.38,43.5,0.52,False
T004996,2025-05-14,16,HH063,DEV0094,33.4,100.0,2.26,13.1,0.67,False
T004997,2025-05-14,17,HH069,DEV0101,5.5,92.1,47.82,318.5,0.27,False
T004998,2025-05-14,15,HH072,DEV0104,23.4,99.6,22.33,117.8,0.1,False
T004999,2025-05-14,18,HH076,DEV0110,22.6,97.2,26.72,128.4,0.58,False
T005000,2025-05-14,16,HH078,DEV0114,26.3,100.0,25.94,163.6,0.62,False
T005001,2025-05-14,15,HH082,DEV0120,33.2,100.0,3.07,16.7,0.83,False
T005002,2025-05-14,12,HH086,DEV0125,7.3,98.9,3.21,22.3,0.33,False
T005003,2025-05-14,11,HH087,DEV0128,24.0,100.0,2.43,11.0,0.35,False
T005004,2025-05-14,19,HH097,DEV0141,27.8,100.0,3.75,24.8,0.44,False
T005005,2025-05-14,19,HH102,DEV0148,24.9,100.0,19.9,143.4,1.32,False
T005006,2025-05-14,17,HH109,DEV0157,17.3,100.0,5.13,31.5,0.49,False
T005007,2025-05-14,17,HH111,DEV0161,16.4,98.6,5.42,24.4,0.6,False
T005008,2025-05-14,19,HH112,DEV0163,20.5,90.0,23.41,117.2,0.41,False
T005009,2025-05-14,17,HH113,DEV0164,30.4,100.0,15.03,76.7,0.48,False
T005010,2025-05-14,17,HH114,DEV0168,17.5,99.1,29.47,180.2,0.64,False
T005011,2025-05-14,17,HH115,DEV0169,9.7,79.8,28.3,152.8,0.84,False
T005012,2025-05-14,13,HH123,DEV0180,5.8,93.8,18.39,88.8,0.24,False
T005013,2025-05-14,13,HH125,DEV0183,14.4,89.8,4.07,19.4,0.31,False
T005014,2025-05-14,18,HH127,DEV0185,30.7,100.0,40.96,268.7,0.23,False
T005015,2025-05-14,15,HH130,DEV0189,37.4,100.0,4.44,25.2,0.23,False
T005016,2025-05-14,15,HH135,DEV0198,25.3,100.0,4.33,27.9,0.14,False
T005017,2025-05-14,19,HH137,DEV0201,25.7,100.0,43.91,201.8,2.09,False
T005018,2025-05-15,17,HH004,DEV0005,29.6,100.0,5.07,36.8,0.22,False
T005019,2025-05-15,18,HH008,DEV0011,5.7,95.1,5.72,27.6,1.48,False
T005020,2025-05-15,19,HH011,DEV0015,35.3,100.0,38.56,186.1,0.74,False
T005021,2025-05-15,15,HH012,DEV0016,29.4,61.1,1.08,5.1,0.08,True
T005022,2025-05-15,12,HH013,DEV0018,24.2,100.0,5.68,37.1,1.23,False
T005023,2025-05-15,13,HH014,DEV0019,20.5,99.7,3.56,23.5,0.33,False
T005024,2025-05-15,13,HH016,DEV0021,27.0,100.0,33.21,219.7,0.47,False
T005025,2025-05-15,19,HH017,DEV0023,39.3,100.0,3.46,17.7,0.8,False
T005026,2025-05-15,14,HH024,DEV0035,8.8,86.1,42.3,220.8,0.49,False
T005027,2025-05-15,15,HH025,DEV0036,32.7,100.0,3.9,28.4,0.43,False
T005028,2025-05-15,18,HH026,DEV0038,16.5,93.9,38.71,232.4,0.31,False
T005029,2025-05-15,16,HH029,DEV0042,32.6,100.0,35.12,175.0,0.61,False
T005030,2025-05-15,19,HH031,DEV0046,9.2,88.4,41.21,256.7,0.47,False
T005031,2025-05-15,19,HH032,DEV0047,39.3,100.0,3.7,23.1,0.48,False
T005032,2025-05-15,18,HH034,DEV0049,21.7,100.0,5.87,44.0,0.34,False
T005033,2025-05-15,16,HH035,DEV0050,19.1,99.5,27.24,124.9,0.43,False
T005034,2025-05-15,19,HH036,DEV0052,31.7,100.0,5.05,35.7,0.47,False
T005035,2025-05-15,16,HH038,DEV0054,34.9,100.0,20.77,96.1,0.75,False
T005036,2025-05-15,16,HH039,DEV0058,14.0,86.8,3.5,19.9,0.78,False
T005037,2025-05-15,16,HH052,DEV0077,19.8,95.0,3.83,17.4,0.32,False
T005038,2025-05-15,16,HH053,DEV0078,38.0,100.0,12.4,64.6,0.24,False
T005039,2025-05-15,12,HH058,DEV0086,22.7,100.0,2.78,13.4,0.38,False
T005040,2025-05-15,17,HH059,DEV0087,39.1,100.0,3.53,17.1,0.2,False
T005041,2025-05-15,13,HH061,DEV0091,14.5,95.6,4.87,27.2,0.59,False
T005042,2025-05-15,13,HH062,DEV0092,37.5,100.0,20.44,109.5,0.48,False
T005043,2025-05-15,15,HH064,DEV0095,25.1,100.0,2.32,14.3,1.2,False
T005044,2025-05-15,19,HH065,DEV0096,26.9,100.0,36.18,215.0,0.94,False
T005045,2025-05-15,18,HH068,DEV0100,6.2,82.9,33.29,219.8,0.54,False
T005046,2025-05-15,16,HH071,DEV0103,6.3,89.2,5.22,31.0,0.55,False
T005047,2025-05-15,15,HH072,DEV0104,19.2,97.4,22.93,164.6,0.07,False
T005048,2025-05-15,16,HH075,DEV0109,24.1,100.0,30.97,169.2,0.5,False
T005049,2025-05-15,13,HH077,DEV0111,37.7,100.0,4.86,34.5,0.56,False
T005050,2025-05-15,14,HH080,DEV0116,21.3,100.0,5.9,29.4,0.6,False
T005051,2025-05-15,16,HH081,DEV0118,36.3,100.0,13.31,60.0,0.57,False
T005052,2025-05-15,17,HH082,DEV0119,38.6,100.0,4.05,26.3,0.93,False
T005053,2025-05-15,17,HH085,DEV0124,10.1,97.8,29.48,189.0,0.08,False
T005054,2025-05-15,19,HH091,DEV0133,19.9,100.0,3.6,22.8,0.36,False
T005055,2025-05-15,15,HH096,DEV0140,24.0,100.0,5.47,24.9,0.15,False
T005056,2025-05-15,16,HH099,DEV0144,7.9,95.4,6.74,32.7,0.29,False
T005057,2025-05-15,19,HH102,DEV0148,12.4,84.2,19.02,83.8,1.36,False
T005058,2025-05-15,18,HH106,DEV0152,5.6,81.4,39.95,230.2,0.25,False
T005059,2025-05-15,15,HH110,DEV0158,9.6,100.0,2.98,20.2,0.56,False
T005060,2025-05-15,14,HH111,DEV0161,10.5,82.6,4.76,32.1,0.48,False
T005061,2025-05-15,18,HH113,DEV0164,36.3,100.0,13.76,61.2,0.39,False
T005062,2025-05-15,14,HH114,DEV0166,14.9,100.0,5.36,28.2,0.59,False
T005063,2025-05-15,14,HH116,DEV0170,18.8,100.0,27.36,135.5,1.04,False
T005064,2025-05-15,17,HH117,DEV0171,14.6,91.2,2.76,13.7,0.5,False
T005065,2025-05-15,17,HH124,DEV0181,29.9,100.0,31.12,212.9,0.69,False
T005066,2025-05-15,19,HH125,DEV0182,26.5,100.0,24.18,156.3,0.38,False
T005067,2025-05-15,17,HH128,DEV0187,34.9,100.0,2.73,14.2,0.13,False
T005068,2025-05-15,12,HH132,DEV0192,12.4,95.2,4.14,25.2,0.37,False
T005069,2025-05-15,18,HH135,DEV0198,27.5,100.0,4.2,21.6,0.16,False
T005070,2025-05-15,19,HH138,DEV0203,5.4,85.5,27.32,120.1,0.24,False
T005071,2025-05-16,15,HH001,DEV0001,16.6,100.0,28.69,139.7,0.46,False
T005072,2025-05-16,15,HH003,DEV0004,9.3,94.1,33.76,175.3,0.85,False
T005073,2025-05-16,15,HH004,DEV0005,15.0,98.4,6.01,40.4,0.17,False
T005074,2025-05-16,18,HH005,DEV0006,16.2,100.0,3.27,21.7,0.44,False
T005075,2025-05-16,15,HH009,DEV0013,8.2,87.0,4.41,25.2,0.25,False
T005076,2025-05-16,14,HH013,DEV0018,35.4,100.0,4.84,27.8,1.03,False
T005077,2025-05-16,14,HH014,DEV0019,17.6,100.0,3.71,22.4,0.52,False
T005078,2025-05-16,17,HH019,DEV0026,28.7,100.0,23.96,146.5,0.24,False
T005079,2025-05-16,11,HH020,DEV0027,32.5,100.0,2.36,15.0,0.19,False
T005080,2025-05-16,13,HH025,DEV0036,29.4,100.0,4.09,20.4,0.51,False
T005081,2025-05-16,15,HH026,DEV0038,12.2,91.4,39.58,196.6,0.24,False
T005082,2025-05-16,17,HH027,DEV0039,39.0,100.0,1.95,13.9,0.27,False
T005083,2025-05-16,17,HH030,DEV0044,10.0,89.8,2.79,14.3,0.07,False
T005084,2025-05-16,17,HH035,DEV0050,14.3,94.6,27.22,159.4,0.45,False
T005085,2025-05-16,18,HH040,DEV0059,33.6,100.0,2.06,9.4,0.43,False
T005086,2025-05-16,18,HH042,DEV0063,27.7,100.0,5.42,23.3,0.39,False
T005087,2025-05-16,17,HH043,DEV0065,12.5,99.9,3.67,23.7,0.59,False
T005088,2025-05-16,19,HH049,DEV0073,28.5,100.0,3.0,13.4,0.08,False
T005089,2025-05-16,17,HH050,DEV0074,15.7,100.0,3.88,21.2,0.34,False
T005090,2025-05-16,18,HH051,DEV0075,5.4,86.7,3.98,18.4,0.4,False
T005091,2025-05-16,17,HH052,DEV0076,24.2,100.0,3.41,25.4,0.33,False
T005092,2025-05-16,18,HH055,DEV0081,38.3,100.0,2.59,14.4,1.15,False
T005093,2025-05-16,19,HH058,DEV0086,19.3,94.4,2.7,15.6,0.43,False
T005094,2025-05-16,16,HH060,DEV0088,29.2,100.0,5.17,23.1,1.03,False
T005095,2025-05-16,18,HH062,DEV0092,16.3,100.0,27.37,123.0,0.37,False
T005096,2025-05-16,17,HH064,DEV0095,30.1,100.0,2.17,9.8,1.24,False
T005097,2025-05-16,18,HH065,DEV0096,24.7,100.0,37.27,176.5,0.84,False
T005098,2025-05-16,16,HH066,DEV0098,29.3,85.5,3.65,20.2,0.41,True
T005099,2025-05-16,13,HH069,DEV0101,9.3,93.7,46.6,247.6,0.25,False
T005100,2025-05-16,16,HH074,DEV0108,29.6,100.0,3.94,17.4,0.25,False
T005101,2025-05-16,19,HH076,DEV0110,32.8,100.0,24.06,168.3,0.58,False
T005102,2025-05-16,19,HH084,DEV0123,11.9,86.5,3.73,20.2,0.59,False
T005103,2025-05-16,13,HH085,DEV0124,10.6,83.9,24.62,145.9,0.07,False
T005104,2025-05-16,17,HH086,DEV0126,37.3,100.0,19.5,89.9,0.29,False
T005105,2025-05-16,16,HH088,DEV0129,36.3,100.0,29.37,131.7,0.27,False
T005106,2025-05-16,14,HH094,DEV0137,37.4,100.0,3.07,17.5,0.22,False
T005107,2025-05-16,15,HH098,DEV0143,30.6,100.0,3.96,22.2,0.89,False
T005108,2025-05-16,19,HH103,DEV0149,15.4,94.3,3.39,25.2,0.93,False
T005109,2025-05-16,14,HH104,DEV0150,26.2,100.0,24.28,143.7,0.29,False
T005110,2025-05-16,17,HH105,DEV0151,32.1,100.0,3.4,16.2,0.18,False
T005111,2025-05-16,17,HH109,DEV0156,6.0,89.8,6.37,42.2,0.4,False
T005112,2025-05-16,19,HH110,DEV0158,22.1,98.2,2.51,16.8,0.44,False
T005113,2025-05-16,18,HH112,DEV0163,8.3,96.7,29.78,201.1,0.33,False
T005114,2025-05-16,13,HH113,DEV0164,9.7,92.8,17.94,86.9,0.36,False
T005115,2025-05-16,16,HH114,DEV0168,6.5,82.0,27.26,199.1,0.38,False
T005116,2025-05-16,19,HH115,DEV0169,37.4,100.0,25.29,184.5,0.7,False
T005117,2025-05-16,19,HH117,DEV0171,8.5,83.4,2.7,13.0,0.52,False
T005118,2025-05-16,14,HH119,DEV0175,10.7,81.8,17.93,113.5,0.28,False
T005119,2025-05-16,19,HH120,DEV0176,15.6,100.0,5.4,23.2,0.49,False
T005120,2025-05-16,19,HH121,DEV0177,26.1,100.0,4.21,18.4,0.46,False
T005121,2025-05-16,19,HH122,DEV0179,8.6,83.9,24.71,128.9,0.62,False
T005122,2025-05-16,16,HH123,DEV0180,11.1,94.7,17.47,104.8,0.26,False
T005123,2025-05-16,18,HH128,DEV0187,32.4,100.0,2.84,12.2,0.1,False
T005124,2025-05-16,13,HH132,DEV0191,10.7,94.0,21.24,120.3,0.46,False
T005125,2025-05-16,16,HH135,DEV0198,20.1,100.0,4.63,20.4,0.2,False
T005126,2025-05-16,19,HH137,DEV0200,22.2,100.0,2.72,12.0,2.17,False
T005127,2025-05-16,10,HH138,DEV0203,31.9,100.0,23.22,138.6,0.23,False
T005128,2025-05-17,15,HH001,DEV0001,29.9,100.0,24.11,124.6,0.4,False
T005129,2025-05-17,19,HH008,DEV0012,33.4,100.0,4.13,19.1,1.37,False
T005130,2025-05-17,14,HH010,DEV0014,5.8,87.7,48.84,256.6,0.47,False
T005131,2025-05-17,14,HH017,DEV0022,38.2,100.0,13.78,77.2,0.55,False
T005132,2025-05-17,15,HH018,DEV0025,19.9,100.0,32.2,185.3,0.39,False
T005133,2025-05-17,16,HH020,DEV0027,30.5,100.0,2.43,13.0,0.19,False
T005134,2025-05-17,16,HH021,DEV0028,39.1,100.0,16.5,88.7,0.44,False
T005135,2025-05-17,19,HH026,DEV0038,14.2,100.0,42.9,225.6,0.25,False
T005136,2025-05-17,19,HH029,DEV0041,26.3,100.0,5.16,30.7,0.42,False
T005137,2025-05-17,14,HH034,DEV0049,37.4,100.0,4.7,33.0,0.24,False
T005138,2025-05-17,14,HH039,DEV0057,23.4,100.0,5.82,30.0,1.12,False
T005139,2025-05-17,19,HH040,DEV0059,5.3,95.4,2.79,18.9,0.55,False
T005140,2025-05-17,15,HH041,DEV0060,24.7,100.0,3.84,18.9,0.15,False
T005141,2025-05-17,14,HH043,DEV0064,33.3,100.0,30.75,152.6,0.6,False
T005142,2025-05-17,19,HH047,DEV0070,20.5,96.8,18.39,120.1,0.11,False
T005143,2025-05-17,19,HH049,DEV0073,18.2,96.9,3.31,20.1,0.08,False
T005144,2025-05-17,16,HH057,DEV0085,37.0,100.0,4.79,31.9,0.57,False
T005145,2025-05-17,15,HH058,DEV0086,21.0,100.0,2.84,14.1,0.3,False
T005146,2025-05-17,14,HH061,DEV0091,32.0,100.0,4.08,24.4,0.55,False
T005147,2025-05-17,19,HH062,DEV0092,33.9,100.0,21.61,100.8,0.45,False
T005148,2025-05-17,19,HH066,DEV0098,22.6,67.3,2.91,14.4,0.31,True
T005149,2025-05-17,15,HH067,DEV0099,31.4,100.0,5.49,26.4,0.82,False
T005150,2025-05-17,15,HH069,DEV0101,19.7,100.0,44.33,190.4,0.21,False
T005151,2025-05-17,19,HH072,DEV0104,21.9,100.0,22.88,152.5,0.06,False
T005152,2025-05-17,14,HH076,DEV0110,6.4,94.7,31.61,174.5,0.42,False
T005153,2025-05-17,13,HH077,DEV0112,11.3,98.2,6.34,30.1,0.53,False
T005154,2025-05-17,19,HH078,DEV0113,36.2,100.0,3.38,22.8,0.82,False
T005155,2025-05-17,15,HH079,DEV0115,25.6,100.0,36.6,233.8,0.27,False
T005156,2025-05-17,19,HH081,DEV0118,34.1,100.0,13.77,70.7,0.71,False
T005157,2025-05-17,13,HH084,DEV0123,24.5,100.0,3.78,25.1,0.79,False
T005158,2025-05-17,19,HH087,DEV0128,22.0,94.1,2.31,17.0,0.38,False
T005159,2025-05-17,15,HH097,DEV0141,37.6,100.0,3.24,20.3,0.48,False
T005160,2025-05-17,18,HH098,DEV0142,31.8,100.0,37.51,161.6,0.5,False
T005161,2025-05-17,15,HH102,DEV0148,8.4,95.7,23.13,99.9,1.25,False
T005162,2025-05-17,14,HH104,DEV0150,12.2,97.6,28.11,142.1,0.32,False
T005163,2025-05-17,14,HH108,DEV0155,32.7,100.0,30.22,139.6,0.49,False
T005164,2025-05-17,19,HH109,DEV0156,27.9,100.0,5.48,39.2,0.56,False
T005165,2025-05-17,16,HH112,DEV0163,10.1,84.9,25.22,156.2,0.37,False
T005166,2025-05-17,19,HH114,DEV0167,5.9,85.2,6.11,39.4,0.57,False
T005167,2025-05-17,14,HH115,DEV0169,21.3,96.7,30.44,141.6,0.64,False
T005168,2025-05-17,15,HH119,DEV0175,21.2,100.0,19.86,99.0,0.21,False
T005169,2025-05-17,13,HH120,DEV0176,22.3,100.0,4.97,24.6,0.4,False
T005170,2025-05-17,14,HH122,DEV0179,29.4,100.0,23.16,148.0,0.72,False
T005171,2025-05-17,16,HH125,DEV0182,15.1,98.4,27.42,196.1,0.39,False
T005172,2025-05-17,13,HH126,DEV0184,12.3,98.2,6.53,34.4,0.27,False
T005173,2025-05-17,18,HH127,DEV0186,5.2,85.8,40.71,266.4,0.24,False
T005174,2025-05-17,16,HH133,DEV0195,6.2,92.5,19.68,142.8,0.21,False
T005175,2025-05-17,19,HH134,DEV0196,18.5,100.0,6.03,28.9,0.21,False
T005176,2025-05-17,17,HH135,DEV0198,25.8,100.0,4.3,21.0,0.17,False
T005177,2025-05-17,16,HH138,DEV0203,33.2,100.0,22.78,124.5,0.26,False
T005178,2025-05-17,14,HH139,DEV0205,23.1,99.3,5.11,26.7,0.3,False
T005179,2025-05-18,13,HH001,DEV0001,14.1,90.0,26.11,116.5,0.34,False
T005180,2025-05-18,19,HH003,DEV0004,30.0,100.0,27.86,141.3,0.98,False
T005181,2025-05-18,14,HH005,DEV0006,29.6,100.0,2.75,18.6,0.32,False
T005182,2025-05-18,15,HH009,DEV0013,23.5,100.0,4.28,28.3,0.2,False
T005183,2025-05-18,16,HH011,DEV0015,37.9,100.0,37.01,240.3,0.72,False
T005184,2025-05-18,17,HH017,DEV0023,6.3,97.9,5.22,30.3,0.44,False
T005185,2025-05-18,17,HH022,DEV0031,39.2,100.0,12.34,75.3,0.48,False
T005186,2025-05-18,15,HH023,DEV0033,10.0,86.8,30.02,131.8,0.17,False
T005187,2025-05-18,17,HH031,DEV0046,7.8,91.3,43.44,187.9,0.34,False
T005188,2025-05-18,17,HH033,DEV0048,5.7,82.2,4.9,29.3,0.21,False
T005189,2025-05-18,15,HH038,DEV0055,28.0,100.0,2.66,14.9,0.58,False
T005190,2025-05-18,17,HH040,DEV0059,30.1,100.0,2.17,12.8,0.73,False
T005191,2025-05-18,14,HH044,DEV0066,25.7,97.2,22.39,130.9,0.82,False
T005192,2025-05-18,17,HH047,DEV0070,19.7,97.0,18.63,82.1,0.15,False
T005193,2025-05-18,16,HH048,DEV0071,27.4,100.0,29.4,151.5,0.08,False
T005194,2025-05-18,18,HH052,DEV0077,27.8,100.0,3.68,24.7,0.37,False
T005195,2025-05-18,19,HH055,DEV0081,13.7,100.0,3.62,16.1,1.09,False
T005196,2025-05-18,19,HH058,DEV0086,38.0,100.0,2.23,9.8,0.35,False
T005197,2025-05-18,16,HH062,DEV0092,22.4,100.0,25.38,128.0,0.36,False
T005198,2025-05-18,16,HH064,DEV0095,32.8,100.0,2.08,9.9,0.97,False
T005199,2025-05-18,17,HH065,DEV0096,8.6,78.6,34.64,167.4,0.83,False
T005200,2025-05-18,12,HH076,DEV0110,26.8,100.0,26.21,119.1,0.73,False
T005201,2025-05-18,13,HH077,DEV0112,18.8,96.8,5.69,36.4,0.53,False
T005202,2025-05-18,19,HH078,DEV0113,36.3,100.0,3.38,22.7,0.59,False
T005203,2025-05-18,13,HH079,DEV0115,39.2,100.0,29.91,210.4,0.22,False
T005204,2025-05-18,16,HH089,DEV0130,9.0,79.7,3.18,14.5,0.12,False
T005205,2025-05-18,18,HH090,DEV0131,16.8,100.0,46.68,299.7,0.57,False
T005206,2025-05-18,15,HH093,DEV0135,15.1,100.0,3.65,22.0,0.44,False
T005207,2025-05-18,15,HH095,DEV0139,11.3,100.0,22.0,103.4,0.68,False
T005208,2025-05-18,16,HH098,DEV0143,18.3,89.8,4.07,19.0,0.55,False
T005209,2025-05-18,19,HH099,DEV0144,28.1,100.0,5.54,34.7,0.27,False
T005210,2025-05-18,17,HH100,DEV0146,21.0,98.9,4.44,27.8,0.33,False
T005211,2025-05-18,15,HH101,DEV0147,28.9,98.3,2.5,12.1,0.07,False
T005212,2025-05-18,17,HH102,DEV0148,38.7,100.0,16.24,75.6,1.29,False
T005213,2025-05-18,19,HH103,DEV0149,24.4,99.2,3.21,14.0,0.64,False
T005214,2025-05-18,18,HH104,DEV0150,23.7,100.0,25.1,130.6,0.22,False
T005215,2025-05-18,16,HH109,DEV0157,33.4,100.0,4.13,28.8,0.61,False
T005216,2025-05-18,16,HH110,DEV0159,31.2,100.0,2.48,14.6,0.39,False
T005217,2025-05-18,16,HH113,DEV0164,18.9,98.5,17.2,97.2,0.44,False
T005218,2025-05-18,17,HH114,DEV0167,34.1,100.0,5.07,25.5,0.59,False
T005219,2025-05-18,15,HH121,DEV0177,37.5,100.0,3.56,15.5,0.57,False
T005220,2025-05-18,19,HH124,DEV0181,35.3,100.0,28.73,191.5,0.88,False
T005221,2025-05-18,15,HH130,DEV0189,28.1,100.0,5.1,30.7,0.28,False
T005222,2025-05-18,16,HH133,DEV0193,19.7,100.0,3.05,20.1,0.19,False
T005223,2025-05-18,19,HH134,DEV0196,6.4,90.6,6.23,32.8,0.28,False
T005224,2025-05-18,12,HH135,DEV0198,28.3,98.5,4.07,19.4,0.19,False
T005225,2025-05-18,12,HH136,DEV0199,8.4,93.6,39.3,188.3,0.42,False
T005226,2025-05-18,19,HH137,DEV0202,27.1,68.8,2.13,9.8,1.61,True
T005227,2025-05-18,18,HH140,DEV0206,15.8,87.5,18.5,82.5,0.66,False
T005228,2025-05-19,17,HH004,DEV0005,20.5,100.0,5.72,29.5,0.14,False
T005229,2025-05-19,16,HH006,DEV0007,7.8,91.9,17.32,99.8,0.57,False
T005230,2025-05-19,19,HH009,DEV0013,20.4,100.0,4.46,29.2,0.27,False
T005231,2025-05-19,14,HH011,DEV0015,14.8,89.8,44.73,200.9,0.64,False
T005232,2025-05-19,18,HH012,DEV0016,10.9,56.2,1.54,10.8,0.08,True
T005233,2025-05-19,19,HH015,DEV0020,17.3,93.7,2.6,13.2,0.51,False
T005234,2025-05-19,16,HH021,DEV0028,6.3,83.2,20.84,93.8,0.31,False
T005235,2025-05-19,19,HH022,DEV0031,13.1,86.1,14.82,68.5,0.36,False
T005236,2025-05-19,17,HH023,DEV0032,10.7,87.5,45.55,271.3,0.2,False
T005237,2025-05-19,18,HH024,DEV0034,32.4,100.0,39.55,262.8,0.85,False
T005238,2025-05-19,16,HH025,DEV0036,15.0,95.0,4.64,23.0,0.4,False
T005239,2025-05-19,15,HH028,DEV0040,26.3,100.0,28.45,170.8,0.38,False
T005240,2025-05-19,17,HH029,DEV0042,35.9,100.0,33.4,151.5,0.47,False
T005241,2025-05-19,17,HH030,DEV0044,19.2,100.0,2.83,15.7,0.13,False
T005242,2025-05-19,19,HH031,DEV0046,20.3,100.0,41.44,187.6,0.43,False
T005243,2025-05-19,18,HH032,DEV0047,10.0,97.1,5.31,28.8,0.53,False
T005244,2025-05-19,14,HH034,DEV0049,26.2,100.0,5.54,34.9,0.31,False
T005245,2025-05-19,19,HH038,DEV0054,6.4,94.1,27.98,170.2,0.57,False
T005246,2025-05-19,15,HH044,DEV0066,17.1,100.0,25.95,112.6,0.47,False
T005247,2025-05-19,14,HH049,DEV0073,25.0,96.5,3.0,14.1,0.06,False
T005248,2025-05-19,18,HH050,DEV0074,32.5,100.0,3.1,16.9,0.41,False
T005249,2025-05-19,18,HH051,DEV0075,39.3,100.0,2.97,13.5,0.5,False
T005250,2025-05-19,14,HH054,DEV0079,26.5,100.0,3.45,15.9,0.4,False
T005251,2025-05-19,19,HH056,DEV0082,22.6,98.2,3.55,25.4,0.41,False
T005252,2025-05-19,16,HH060,DEV0088,27.8,100.0,5.27,35.9,0.55,False
T005253,2025-05-19,16,HH061,DEV0090,5.1,83.9,5.99,37.5,0.6,False
T005254,2025-05-19,14,HH065,DEV0097,8.8,97.8,6.67,41.6,0.78,False
T005255,2025-05-19,14,HH069,DEV0101,13.7,85.3,39.51,198.3,0.17,False
T005256,2025-05-19,19,HH071,DEV0103,36.7,100.0,3.99,19.5,0.49,False
T005257,2025-05-19,17,HH074,DEV0107,17.5,98.5,40.75,299.6,0.25,False
T005258,2025-05-19,15,HH078,DEV0114,8.3,86.9,27.67,132.6,0.56,False
T005259,2025-05-19,13,HH079,DEV0115,6.7,90.5,41.24,306.0,0.25,False
T005260,2025-05-19,17,HH080,DEV0116,18.4,100.0,6.12,40.8,0.93,False
T005261,2025-05-19,17,HH083,DEV0122,39.9,100.0,23.26,111.2,0.47,False
T005262,2025-05-19,19,HH086,DEV0126,28.7,100.0,22.17,122.7,0.31,False
T005263,2025-05-19,14,HH092,DEV0134,17.4,100.0,36.92,163.7,0.51,False
T005264,2025-05-19,17,HH095,DEV0139,29.0,100.0,17.61,111.0,0.72,False
T005265,2025-05-19,13,HH101,DEV0147,11.5,100.0,3.19,14.8,0.05,False
T005266,2025-05-19,19,HH105,DEV0151,30.1,100.0,3.5,23.6,0.21,False
T005267,2025-05-19,19,HH106,DEV0152,32.8,100.0,35.41,224.8,0.23,False
T005268,2025-05-19,16,HH107,DEV0154,34.4,100.0,2.16,12.6,0.26,False
T005269,2025-05-19,17,HH108,DEV0155,26.5,100.0,33.0,152.7,0.61,False
T005270,2025-05-19,12,HH113,DEV0165,12.5,93.4,6.06,31.4,0.38,False
T005271,2025-05-19,17,HH115,DEV0169,9.2,91.2,33.13,185.0,0.72,False
T005272,2025-05-19,19,HH116,DEV0170,32.2,100.0,22.85,113.0,1.07,False
T005273,2025-05-19,12,HH117,DEV0171,36.8,100.0,2.28,11.4,0.44,False
T005274,2025-05-19,16,HH123,DEV0180,25.9,100.0,15.49,107.9,0.37,False
T005275,2025-05-19,12,HH125,DEV0183,38.4,100.0,3.33,19.5,0.24,False
T005276,2025-05-19,18,HH130,DEV0189,36.0,100.0,4.54,25.4,0.26,False
T005277,2025-05-19,16,HH135,DEV0198,22.2,96.1,4.28,23.1,0.1,False
T005278,2025-05-19,18,HH139,DEV0204,33.9,100.0,24.26,116.4,0.27,False
T005279,2025-05-20,13,HH003,DEV0004,37.9,100.0,24.72,113.4,0.93,False
T005280,2025-05-20,19,HH007,DEV0009,20.4,99.6,19.65,99.7,0.31,False
T005281,2025-05-20,16,HH008,DEV0011,29.6,99.8,4.49,30.1,1.5,False
T005282,2025-05-20,17,HH009,DEV0013,22.2,100.0,4.36,27.6,0.22,False
T005283,2025-05-20,14,HH012,DEV0016,19.4,59.1,1.35,8.0,0.13,True
T005284,2025-05-20,16,HH016,DEV0021,22.4,100.0,35.31,181.4,0.24,False
T005285,2025-05-20,15,HH017,DEV0023,22.3,100.0,4.43,22.8,0.8,False
T005286,2025-05-20,15,HH023,DEV0033,39.1,100.0,23.81,141.5,0.17,False
T005287,2025-05-20,18,HH036,DEV0052,24.3,100.0,5.6,35.8,0.62,False
T005288,2025-05-20,17,HH037,DEV0053,29.4,100.0,3.32,14.8,0.47,False
T005289,2025-05-20,16,HH038,DEV0054,20.7,100.0,25.3,125.5,0.58,False
T005290,2025-05-20,13,HH040,DEV0059,25.1,100.0,2.32,13.0,0.58,False
T005291,2025-05-20,18,HH046,DEV0068,40.0,100.0,28.2,145.9,0.1,False
T005292,2025-05-20,19,HH050,DEV0074,10.8,87.7,3.54,17.9,0.42,False
T005293,2025-05-20,13,HH052,DEV0077,34.3,100.0,3.35,19.4,0.34,False
T005294,2025-05-20,18,HH053,DEV0078,14.4,88.4,14.79,75.5,0.2,False
T005295,2025-05-20,16,HH054,DEV0079,33.3,100.0,3.13,14.8,0.33,False
T005296,2025-05-20,16,HH059,DEV0087,37.9,100.0,3.6,18.7,0.27,False
T005297,2025-05-20,19,HH063,DEV0093,23.6,100.0,21.93,120.2,0.52,False
T005298,2025-05-20,17,HH065,DEV0097,23.4,100.0,5.74,30.8,1.14,False
T005299,2025-05-20,19,HH066,DEV0098,18.9,58.1,2.55,11.7,0.35,True
T005300,2025-05-20,18,HH068,DEV0100,37.4,100.0,27.17,133.4,0.63,False
T005301,2025-05-20,13,HH070,DEV0102,34.1,100.0,2.17,10.0,0.28,False
T005302,2025-05-20,16,HH072,DEV0104,6.5,80.1,21.58,105.9,0.07,False
T005303,2025-05-20,18,HH073,DEV0106,5.2,88.5,5.33,23.3,0.25,False
T005304,2025-05-20,14,HH074,DEV0108,6.4,74.7,3.82,26.7,0.3,False
T005305,2025-05-20,16,HH081,DEV0118,11.2,91.1,16.69,96.9,0.73,False
T005306,2025-05-20,12,HH084,DEV0123,24.0,100.0,3.8,16.8,0.71,False
T005307,2025-05-20,15,HH089,DEV0130,22.8,100.0,3.47,19.7,0.16,False
T005308,2025-05-20,15,HH093,DEV0135,17.4,92.1,3.21,16.2,0.46,False
T005309,2025-05-20,13,HH095,DEV0138,6.9,92.9,24.33,129.1,0.69,False
T005310,2025-05-20,16,HH096,DEV0140,12.4,95.0,5.94,40.5,0.15,False
T005311,2025-05-20,14,HH101,DEV0147,16.9,100.0,2.99,17.7,0.09,False
T005312,2025-05-20,19,HH102,DEV0148,17.0,100.0,21.99,110.5,1.13,False
T005313,2025-05-20,19,HH103,DEV0149,21.3,100.0,3.38,22.8,0.77,False
T005314,2025-05-20,12,HH105,DEV0151,35.6,100.0,3.22,14.8,0.24,False
T005315,2025-05-20,14,HH106,DEV0152,30.2,100.0,36.78,172.4,0.15,False
T005316,2025-05-20,13,HH108,DEV0155,12.7,97.1,37.89,255.7,0.59,False
T005317,2025-05-20,15,HH110,DEV0159,9.0,95.6,3.12,19.1,0.44,False
T005318,2025-05-20,16,HH112,DEV0163,26.5,100.0,24.77,107.1,0.28,False
T005319,2025-05-20,15,HH117,DEV0171,22.5,100.0,2.79,12.6,0.41,False
T005320,2025-05-20,17,HH121,DEV0178,23.0,100.0,34.19,161.1,0.46,False
T005321,2025-05-20,17,HH123,DEV0180,17.6,100.0,17.22,110.8,0.23,False
T005322,2025-05-20,15,HH127,DEV0186,34.6,100.0,33.03,179.9,0.2,False
T005323,2025-05-20,16,HH128,DEV0187,33.6,100.0,2.79,16.4,0.17,False
T005324,2025-05-20,15,HH129,DEV0188,26.2,100.0,4.35,30.7,0.66,False
T005325,2025-05-20,16,HH132,DEV0191,27.2,100.0,18.56,82.1,0.45,False
T005326,2025-05-20,13,HH133,DEV0193,14.9,88.8,2.81,20.5,0.16,False
T005327,2025-05-20,18,HH134,DEV0196,18.7,94.2,5.58,25.7,0.3,False
T005328,2025-05-20,18,HH136,DEV0199,8.8,82.9,34.15,212.7,0.37,False
T005329,2025-05-20,9,HH137,DEV0200,13.8,97.3,2.92,14.7,1.96,False
T005330,2025-05-21,14,HH005,DEV0006,11.4,98.0,3.38,17.8,0.46,False
T005331,2025-05-21,16,HH024,DEV0034,19.5,100.0,47.09,287.3,0.72,False
T005332,2025-05-21,16,HH030,DEV0044,16.7,97.9,2.84,13.0,0.09,False
T005333,2025-05-21,10,HH031,DEV0046,18.3,92.9,38.78,176.9,0.46,False
T005334,2025-05-21,18,HH033,DEV0048,34.5,100.0,4.19,22.1,0.34,False
T005335,2025-05-21,15,HH038,DEV0055,14.9,100.0,3.15,19.4,0.88,False
T005336,2025-05-21,19,HH043,DEV0064,27.1,100.0,33.61,178.4,0.58,False
T005337,2025-05-21,16,HH044,DEV0066,36.6,100.0,19.84,105.2,0.7,False
T005338,2025-05-21,19,HH046,DEV0068,12.9,100.0,40.94,302.8,0.09,False
T005339,2025-05-21,17,HH048,DEV0072,5.5,91.8,6.73,40.9,0.06,False
T005340,2025-05-21,16,HH051,DEV0075,26.9,100.0,3.58,23.5,0.52,False
T005341,2025-05-21,19,HH056,DEV0083,10.9,48.4,8.21,46.0,0.62,True
T005342,2025-05-21,17,HH062,DEV0092,34.7,100.0,21.35,117.1,0.41,False
T005343,2025-05-21,19,HH063,DEV0094,20.5,99.5,2.69,14.0,0.53,False
T005344,2025-05-21,16,HH068,DEV0100,32.7,100.0,29.21,145.1,0.52,False
T005345,2025-05-21,19,HH069,DEV0101,12.4,96.3,46.34,232.9,0.16,False
T005346,2025-05-21,16,HH073,DEV0105,21.0,99.6,4.8,33.8,0.27,False
T005347,2025-05-21,19,HH074,DEV0107,37.7,100.0,31.34,190.6,0.23,False
T005348,2025-05-21,19,HH078,DEV0114,13.4,98.6,29.98,163.3,0.49,False
T005349,2025-05-21,17,HH083,DEV0122,37.7,100.0,24.11,120.1,0.34,False
T005350,2025-05-21,16,HH085,DEV0124,22.1,100.0,26.17,184.5,0.08,False
T005351,2025-05-21,13,HH092,DEV0134,33.7,100.0,29.64,169.8,0.51,False
T005352,2025-05-21,13,HH097,DEV0141,11.4,85.1,3.83,17.1,0.41,False
T005353,2025-05-21,12,HH098,DEV0142,22.0,95.5,40.42,174.3,0.7,False
T005354,2025-05-21,9,HH099,DEV0144,30.4,100.0,5.36,28.7,0.26,False
T005355,2025-05-21,18,HH102,DEV0148,26.3,100.0,19.53,98.7,1.32,False
T005356,2025-05-21,15,HH108,DEV0155,28.1,100.0,32.28,174.5,0.41,False
T005357,2025-05-21,17,HH110,DEV0160,27.1,100.0,26.03,184.9,0.34,False
T005358,2025-05-21,17,HH112,DEV0163,33.3,100.0,22.48,126.3,0.3,False
T005359,2025-05-21,16,HH113,DEV0165,19.1,100.0,6.07,26.9,0.36,False
T005360,2025-05-21,17,HH115,DEV0169,5.6,87.7,33.17,188.0,0.76,False
T005361,2025-05-21,13,HH116,DEV0170,16.0,89.1,24.62,112.7,0.7,False
T005362,2025-05-21,19,HH117,DEV0171,37.1,100.0,2.26,10.6,0.52,False
T005363,2025-05-21,17,HH118,DEV0173,21.5,100.0,3.61,17.3,0.23,False
T005364,2025-05-21,19,HH121,DEV0178,13.7,86.8,32.47,190.9,0.47,False
T005365,2025-05-21,15,HH124,DEV0181,28.0,100.0,31.97,143.6,0.62,False
T005366,2025-05-21,16,HH125,DEV0182,17.7,100.0,27.08,126.3,0.21,False
T005367,2025-05-21,15,HH128,DEV0187,5.5,84.6,3.32,19.5,0.11,False
T005368,2025-05-22,19,HH003,DEV0004,13.9,91.2,30.77,149.4,0.84,False
T005369,2025-05-22,17,HH005,DEV0006,13.2,100.0,3.39,15.2,0.38,False
T005370,2025-05-22,14,HH011,DEV0015,21.8,100.0,46.61,316.1,0.51,False
T005371,2025-05-22,19,HH015,DEV0020,36.0,100.0,2.18,10.5,0.67,False
T005372,2025-05-22,13,HH016,DEV0021,26.0,99.3,33.34,189.8,0.38,False
T005373,2025-05-22,17,HH018,DEV0025,38.5,100.0,24.72,137.2,0.54,False
T005374,2025-05-22,15,HH022,DEV0031,30.9,100.0,14.03,74.5,0.46,False
T005375,2025-05-22,18,HH024,DEV0034,19.6,99.4,46.69,224.3,0.54,False
T005376,2025-05-22,18,HH027,DEV0039,36.7,100.0,2.03,9.0,0.24,False
T005377,2025-05-22,19,HH028,DEV0040,10.1,86.8,29.63,132.8,0.4,False
T005378,2025-05-22,18,HH029,DEV0041,24.9,100.0,5.26,28.6,0.34,False
T005379,2025-05-22,16,HH033,DEV0048,37.3,100.0,4.01,28.7,0.21,False
T005380,2025-05-22,16,HH041,DEV0060,32.0,100.0,3.47,16.7,0.19,False
T005381,2025-05-22,16,HH042,DEV0061,29.8,100.0,29.2,199.4,0.35,False
T005382,2025-05-22,17,HH052,DEV0076,33.3,100.0,3.0,22.3,0.38,False
T005383,2025-05-22,14,HH055,DEV0080,39.5,100.0,18.39,98.0,1.07,False
T005384,2025-05-22,13,HH056,DEV0083,29.7,74.3,9.77,63.7,0.45,True
T005385,2025-05-22,17,HH062,DEV0092,34.4,100.0,21.45,108.0,0.39,False
T005386,2025-05-22,17,HH065,DEV0096,19.1,100.0,40.05,248.5,0.97,False
T005387,2025-05-22,14,HH068,DEV0100,21.5,100.0,34.07,157.3,0.9,False
T005388,2025-05-22,19,HH069,DEV0101,19.7,99.0,43.78,210.1,0.26,False
T005389,2025-05-22,18,HH072,DEV0104,10.8,87.8,22.57,152.2,0.08,False
T005390,2025-05-22,15,HH073,DEV0106,20.8,100.0,5.07,37.9,0.3,False
T005391,2025-05-22,18,HH075,DEV0109,32.2,100.0,27.66,140.1,0.36,False
T005392,2025-05-22,18,HH081,DEV0117,23.9,92.8,16.54,74.0,0.86,False
T005393,2025-05-22,14,HH085,DEV0124,27.8,100.0,24.26,139.1,0.06,False
T005394,2025-05-22,18,HH090,DEV0132,18.3,100.0,47.47,279.9,0.58,False
T005395,2025-05-22,17,HH092,DEV0134,19.3,98.0,35.18,212.4,0.45,False
T005396,2025-05-22,19,HH096,DEV0140,31.7,100.0,4.92,35.9,0.18,False
T005397,2025-05-22,19,HH099,DEV0144,34.1,100.0,5.07,34.3,0.2,False
T005398,2025-05-22,17,HH101,DEV0147,37.4,100.0,2.25,13.4,0.09,False
T005399,2025-05-22,15,HH103,DEV0149,7.9,100.0,3.96,18.5,1.04,False
T005400,2025-05-22,13,HH106,DEV0152,32.5,100.0,35.57,259.5,0.18,False
T005401,2025-05-22,12,HH108,DEV0155,28.8,100.0,31.97,163.6,0.73,False
T005402,2025-05-22,15,HH109,DEV0156,26.6,100.0,5.58,37.3,0.37,False
T005403,2025-05-22,16,HH110,DEV0160,5.7,77.6,25.66,136.5,0.33,False
T005404,2025-05-22,19,HH111,DEV0161,7.0,85.6,5.19,36.6,0.58,False
T005405,2025-05-22,14,HH113,DEV0164,28.3,100.0,15.49,80.6,0.25,False
T005406,2025-05-22,12,HH116,DEV0170,17.2,91.3,24.97,111.4,0.63,False
T005407,2025-05-22,19,HH117,DEV0171,28.8,100.0,2.56,13.3,0.43,False
T005408,2025-05-22,17,HH118,DEV0173,27.5,100.0,3.33,22.8,0.29,False
T005409,2025-05-22,16,HH126,DEV0184,35.8,100.0,4.88,24.6,0.36,False
T005410,2025-05-22,16,HH128,DEV0187,27.8,100.0,3.03,18.5,0.13,False
T005411,2025-05-22,16,HH129,DEV0188,12.8,91.4,4.64,21.5,0.54,False
T005412,2025-05-22,16,HH130,DEV0189,40.0,100.0,4.26,26.4,0.2,False
T005413,2025-05-22,15,HH132,DEV0192,30.7,100.0,3.46,22.3,0.42,False
T005414,2025-05-22,18,HH136,DEV0199,27.9,100.0,33.24,244.7,0.48,False
T005415,2025-05-22,15,HH138,DEV0203,19.0,100.0,27.62,175.8,0.2,False
T005416,2025-05-22,12,HH139,DEV0205,36.8,100.0,4.23,21.4,0.34,False
T005417,2025-05-23,11,HH001,DEV0001,8.8,93.1,28.99,134.4,0.44,False
T005418,2025-05-23,13,HH006,DEV0007,11.1,82.4,14.69,92.2,0.65,False
T005419,2025-05-23,19,HH007,DEV0008,37.4,100.0,2.38,10.9,0.27,False
T005420,2025-05-23,16,HH010,DEV0014,37.7,100.0,37.13,254.2,0.47,False
T005421,2025-05-23,16,HH013,DEV0018,38.0,100.0,4.65,24.3,0.87,False
T005422,2025-05-23,12,HH016,DEV0021,38.8,100.0,27.85,137.4,0.39,False
T005423,2025-05-23,19,HH020,DEV0027,17.1,94.2,2.7,13.7,0.2,False
T005424,2025-05-23,19,HH032,DEV0047,38.8,100.0,3.73,20.1,0.54,False
T005425,2025-05-23,15,HH033,DEV0048,6.7,95.5,5.69,33.8,0.27,False
T005426,2025-05-23,17,HH034,DEV0049,19.3,100.0,6.05,27.3,0.31,False
T005427,2025-05-23,17,HH039,DEV0057,27.0,100.0,5.55,26.5,0.72,False
T005428,2025-05-23,17,HH048,DEV0071,33.9,100.0,26.77,154.3,0.07,False
T005429,2025-05-23,17,HH052,DEV0077,35.0,100.0,3.32,18.3,0.33,False
T005430,2025-05-23,18,HH058,DEV0086,28.0,98.3,2.53,12.9,0.3,False
T005431,2025-05-23,18,HH061,DEV0091,23.0,98.7,4.54,29.3,0.45,False
T005432,2025-05-23,13,HH062,DEV0092,9.6,93.9,27.56,130.3,0.47,False
T005433,2025-05-23,19,HH063,DEV0094,8.3,98.7,3.08,21.1,0.63,False
T005434,2025-05-23,14,HH065,DEV0096,10.8,85.3,36.9,210.4,0.79,False
T005435,2025-05-23,15,HH067,DEV0099,10.3,86.3,6.08,33.2,0.55,False
T005436,2025-05-23,18,HH073,DEV0105,22.2,100.0,4.75,20.8,0.21,False
T005437,2025-05-23,19,HH074,DEV0107,27.8,100.0,36.32,184.1,0.36,False
T005438,2025-05-23,17,HH075,DEV0109,27.4,100.0,29.62,144.1,0.43,False
T005439,2025-05-23,19,HH076,DEV0110,5.4,80.7,26.95,139.3,0.61,False
T005440,2025-05-23,18,HH083,DEV0122,11.2,90.9,30.84,192.2,0.27,False
T005441,2025-05-23,19,HH086,DEV0125,14.7,100.0,2.99,20.8,0.24,False
T005442,2025-05-23,17,HH087,DEV0128,38.7,100.0,1.96,13.9,0.31,False
T005443,2025-05-23,18,HH088,DEV0129,28.9,100.0,32.78,160.2,0.33,False
T005444,2025-05-23,19,HH089,DEV0130,25.4,100.0,3.36,24.8,0.14,False
T005445,2025-05-23,15,HH090,DEV0132,27.1,100.0,42.35,188.0,0.46,False
T005446,2025-05-23,19,HH092,DEV0134,37.9,100.0,27.76,167.0,0.51,False
T005447,2025-05-23,16,HH093,DEV0135,12.2,90.0,3.34,15.9,0.51,False
T005448,2025-05-23,17,HH095,DEV0139,26.4,100.0,18.25,85.7,0.51,False
T005449,2025-05-23,16,HH100,DEV0146,30.6,100.0,3.96,27.4,0.23,False
T005450,2025-05-23,15,HH101,DEV0147,30.2,100.0,2.51,15.4,0.1,False
T005451,2025-05-23,13,HH108,DEV0155,8.6,83.8,33.77,184.7,0.7,False
T005452,2025-05-23,16,HH110,DEV0159,11.4,97.9,3.12,16.7,0.49,False
T005453,2025-05-23,16,HH111,DEV0161,38.2,100.0,4.08,22.3,0.61,False
T005454,2025-05-23,16,HH112,DEV0163,26.2,100.0,24.87,132.1,0.36,False
T005455,2025-05-23,17,HH113,DEV0165,28.0,100.0,5.4,29.5,0.26,False
T005456,2025-05-23,17,HH114,DEV0166,5.0,75.0,4.41,21.5,0.52,False
T005457,2025-05-23,14,HH116,DEV0170,33.5,100.0,22.41,124.2,1.11,False
T005458,2025-05-23,17,HH117,DEV0171,25.4,100.0,2.69,19.0,0.36,False
T005459,2025-05-23,18,HH119,DEV0174,13.5,90.4,22.98,149.7,0.27,False
T005460,2025-05-23,13,HH121,DEV0177,36.3,100.0,3.63,20.9,0.47,False
T005461,2025-05-23,15,HH129,DEV0188,32.7,100.0,3.97,19.2,0.73,False
T005462,2025-05-23,19,HH131,DEV0190,36.3,100.0,2.99,21.6,0.52,False
T005463,2025-05-23,13,HH132,DEV0191,26.8,100.0,18.67,90.6,0.43,False
T005464,2025-05-23,14,HH134,DEV0196,30.2,100.0,5.17,26.5,0.17,False
T005465,2025-05-23,11,HH136,DEV0199,11.1,89.8,36.3,226.6,0.5,False
T005466,2025-05-23,17,HH138,DEV0203,7.2,90.3,28.35,164.2,0.22,False
T005467,2025-05-23,15,HH139,DEV0205,5.1,84.3,5.31,32.8,0.25,False
T005468,2025-05-24,15,HH001,DEV0001,6.6,85.4,27.12,168.7,0.34,False
T005469,2025-05-24,19,HH002,DEV0003,13.1,96.1,4.65,32.4,0.72,False
T005470,2025-05-24,19,HH007,DEV0008,38.0,100.0,2.36,14.4,0.22,False
T005471,2025-05-24,17,HH013,DEV0017,12.3,93.1,4.28,22.6,0.93,False
T005472,2025-05-24,16,HH014,DEV0019,32.3,100.0,3.05,16.0,0.28,False
T005473,2025-05-24,19,HH015,DEV0020,18.6,96.5,2.65,17.0,0.39,False
T005474,2025-05-24,19,HH017,DEV0022,24.4,100.0,16.86,83.9,0.7,False
T005475,2025-05-24,17,HH018,DEV0025,34.0,100.0,26.53,155.2,0.42,False
T005476,2025-05-24,17,HH024,DEV0035,14.8,88.9,40.55,226.7,0.52,False
T005477,2025-05-24,15,HH026,DEV0038,28.4,100.0,35.8,232.3,0.21,False
T005478,2025-05-24,14,HH030,DEV0044,34.3,100.0,2.3,15.3,0.08,False
T005479,2025-05-24,15,HH033,DEV0048,37.5,100.0,4.0,20.0,0.16,False
T005480,2025-05-24,16,HH035,DEV0050,12.1,97.5,28.96,131.3,0.28,False
T005481,2025-05-24,17,HH038,DEV0055,35.7,100.0,2.38,12.1,0.49,False
T005482,2025-05-24,11,HH041,DEV0060,29.3,100.0,3.61,19.7,0.14,False
T005483,2025-05-24,16,HH042,DEV0062,24.3,100.0,22.26,132.5,0.31,False
T005484,2025-05-24,16,HH046,DEV0068,24.6,100.0,35.44,165.3,0.11,False
T005485,2025-05-24,14,HH056,DEV0083,12.4,50.6,8.37,59.6,0.44,True
T005486,2025-05-24,14,HH057,DEV0084,21.2,100.0,2.52,12.7,0.71,False
T005487,2025-05-24,15,HH065,DEV0097,31.9,100.0,5.11,27.6,0.63,False
T005488,2025-05-24,15,HH069,DEV0101,13.2,100.0,47.91,251.1,0.15,False
T005489,2025-05-24,13,HH074,DEV0107,22.8,92.8,35.22,227.1,0.26,False
T005490,2025-05-24,19,HH079,DEV0115,15.1,89.3,36.51,199.4,0.25,False
T005491,2025-05-24,15,HH081,DEV0118,29.7,100.0,14.69,93.0,0.76,False
T005492,2025-05-24,14,HH091,DEV0133,8.1,94.2,3.88,19.0,0.44,False
T005493,2025-05-24,14,HH094,DEV0136,13.9,100.0,42.53,300.2,0.24,False
T005494,2025-05-24,16,HH096,DEV0140,27.0,100.0,5.26,39.4,0.19,False
T005495,2025-05-24,10,HH097,DEV0141,17.0,95.6,4.09,22.4,0.42,False
T005496,2025-05-24,19,HH099,DEV0144,11.7,89.3,5.97,28.1,0.31,False
T005497,2025-05-24,15,HH100,DEV0145,13.7,92.6,32.12,149.2,0.32,False
T005498,2025-05-24,19,HH101,DEV0147,18.2,97.3,2.85,16.5,0.08,False
T005499,2025-05-24,15,HH113,DEV0164,9.2,88.2,17.07,104.4,0.27,False
T005500,2025-05-24,18,HH117,DEV0171,26.9,100.0,2.63,12.6,0.54,False
T005501,2025-05-24,16,HH121,DEV0178,38.7,100.0,27.22,171.6,0.54,False
T005502,2025-05-24,18,HH123,DEV0180,17.9,100.0,17.16,92.3,0.28,False
T005503,2025-05-24,18,HH126,DEV0184,11.4,82.7,5.42,30.5,0.19,False
T005504,2025-05-24,17,HH127,DEV0186,38.4,100.0,31.11,149.0,0.27,False
T005505,2025-05-24,18,HH129,DEV0188,31.3,100.0,4.05,23.8,0.58,False
T005506,2025-05-24,17,HH130,DEV0189,5.2,77.6,5.14,35.3,0.26,False
T005507,2025-05-24,17,HH131,DEV0190,28.4,100.0,3.37,14.5,0.34,False
T005508,2025-05-24,19,HH132,DEV0192,24.7,96.3,3.58,16.4,0.42,False
T005509,2025-05-24,19,HH139,DEV0205,38.9,100.0,4.09,18.1,0.26,False
T005510,2025-05-25,19,HH001,DEV0001,22.1,100.0,26.8,178.9,0.37,False
T005511,2025-05-25,17,HH007,DEV0009,35.7,100.0,15.95,76.6,0.37,False
T005512,2025-05-25,19,HH011,DEV0015,22.8,100.0,46.01,262.9,0.48,False
T005513,2025-05-25,19,HH012,DEV0016,31.1,66.6,1.21,7.0,0.1,True
T005514,2025-05-25,17,HH016,DEV0021,39.7,100.0,27.44,130.2,0.38,False
T005515,2025-05-25,13,HH017,DEV0022,7.0,81.7,16.65,87.1,0.62,False
T005516,2025-05-25,15,HH022,DEV0030,32.3,100.0,3.05,15.0,0.59,False
T005517,2025-05-25,13,HH028,DEV0040,33.1,100.0,25.82,182.8,0.27,False
T005518,2025-05-25,18,HH031,DEV0046,38.3,100.0,32.08,138.0,0.41,False
T005519,2025-05-25,16,HH032,DEV0047,30.7,99.9,4.22,21.6,0.68,False
T005520,2025-05-25,11,HH033,DEV0048,26.8,100.0,4.68,29.8,0.17,False
T005521,2025-05-25,19,HH034,DEV0049,9.7,85.6,5.69,34.8,0.27,False
T005522,2025-05-25,18,HH036,DEV0052,15.2,95.1,5.91,42.1,0.6,False
T005523,2025-05-25,19,HH042,DEV0061,5.9,84.1,32.52,182.3,0.35,False
T005524,2025-05-25,16,HH045,DEV0067,24.9,100.0,38.6,196.4,0.54,False
T005525,2025-05-25,18,HH047,DEV0070,38.3,100.0,14.87,107.6,0.14,False
T005526,2025-05-25,19,HH050,DEV0074,24.0,93.9,3.22,15.2,0.6,False
T005527,2025-05-25,17,HH052,DEV0076,19.1,100.0,3.64,17.7,0.39,False
T005528,2025-05-25,16,HH054,DEV0079,14.9,91.2,3.58,19.7,0.47,False
T005529,2025-05-25,18,HH065,DEV0097,21.1,92.5,5.35,29.4,0.76,False
T005530,2025-05-25,19,HH067,DEV0099,15.9,85.9,5.6,27.3,0.68,False
T005531,2025-05-25,19,HH072,DEV0104,24.6,100.0,22.09,118.7,0.09,False
T005532,2025-05-25,17,HH073,DEV0105,7.9,83.1,4.59,22.4,0.31,False
T005533,2025-05-25,19,HH080,DEV0116,14.4,100.0,6.42,32.7,0.61,False
T005534,2025-05-25,13,HH082,DEV0121,33.0,100.0,28.94,171.8,0.71,False
T005535,2025-05-25,14,HH083,DEV0122,24.8,100.0,29.1,134.9,0.26,False
T005536,2025-05-25,13,HH089,DEV0130,5.2,85.2,3.6,22.9,0.13,False
T005537,2025-05-25,19,HH090,DEV0131,11.5,92.6,45.52,338.6,0.79,False
T005538,2025-05-25,17,HH091,DEV0133,37.0,100.0,2.84,18.0,0.39,False
T005539,2025-05-25,19,HH092,DEV0134,9.2,87.3,34.91,169.2,0.45,False
T005540,2025-05-25,16,HH094,DEV0136,29.2,100.0,34.98,211.1,0.24,False
T005541,2025-05-25,19,HH096,DEV0140,32.3,100.0,4.87,21.8,0.13,False
T005542,2025-05-25,15,HH098,DEV0142,18.3,94.7,42.02,250.4,0.73,False
T005543,2025-05-25,14,HH100,DEV0146,33.9,100.0,3.77,16.3,0.32,False
T005544,2025-05-25,18,HH101,DEV0147,5.4,83.7,2.82,16.0,0.1,False
T005545,2025-05-25,13,HH105,DEV0151,31.1,100.0,3.44,25.8,0.2,False
T005546,2025-05-25,18,HH106,DEV0152,16.0,88.9,38.4,219.1,0.16,False
T005547,2025-05-25,16,HH112,DEV0163,26.1,98.4,24.37,162.0,0.35,False
T005548,2025-05-25,18,HH114,DEV0166,37.2,100.0,3.96,17.6,0.35,False
T005549,2025-05-25,19,HH115,DEV0169,10.3,98.0,35.43,237.3,0.75,False
T005550,2025-05-25,12,HH116,DEV0170,14.2,98.7,28.48,206.2,1.13,False
T005551,2025-05-25,18,HH122,DEV0179,30.2,100.0,22.89,104.9,0.69,False
T005552,2025-05-25,18,HH126,DEV0184,39.2,100.0,4.62,33.2,0.21,False
T005553,2025-05-25,14,HH127,DEV0186,6.8,80.3,37.13,207.4,0.14,False
T005554,2025-05-25,13,HH130,DEV0189,10.4,87.0,5.44,31.4,0.24,False
T005555,2025-05-25,15,HH131,DEV0190,27.4,100.0,3.41,15.1,0.4,False
T005556,2025-05-25,13,HH133,DEV0194,30.1,100.0,40.05,179.8,0.22,False
T005557,2025-05-25,19,HH134,DEV0197,17.3,89.8,17.75,83.5,0.25,False
T005558,2025-05-25,14,HH135,DEV0198,37.3,100.0,3.64,20.9,0.15,False
T005559,2025-05-25,17,HH137,DEV0201,8.3,86.9,46.43,275.7,1.54,False
T005560,2025-05-25,13,HH140,DEV0206,26.0,99.6,18.99,126.5,0.43,False
T005561,2025-05-26,19,HH002,DEV0003,39.3,100.0,3.4,22.3,0.6,False
T005562,2025-05-26,19,HH005,DEV0006,6.5,86.3,3.11,15.3,0.48,False
T005563,2025-05-26,16,HH007,DEV0009,5.0,86.0,20.09,93.3,0.27,False
T005564,2025-05-26,19,HH011,DEV0015,13.9,85.6,42.71,237.1,0.69,False
T005565,2025-05-26,15,HH013,DEV0017,37.4,100.0,3.32,16.3,1.11,False
T005566,2025-05-26,17,HH014,DEV0019,15.0,90.5,3.4,20.3,0.28,False
T005567,2025-05-26,18,HH019,DEV0026,27.4,100.0,24.39,145.3,0.29,False
T005568,2025-05-26,16,HH023,DEV0032,25.0,100.0,44.47,328.1,0.2,False
T005569,2025-05-26,14,HH027,DEV0039,12.1,95.8,2.68,19.6,0.15,False
T005570,2025-05-26,18,HH028,DEV0040,11.3,95.2,32.4,165.4,0.27,False
T005571,2025-05-26,18,HH033,DEV0048,37.2,100.0,4.02,18.8,0.25,False
T005572,2025-05-26,15,HH036,DEV0052,17.2,91.7,5.52,29.9,0.77,False
T005573,2025-05-26,13,HH040,DEV0059,14.8,98.0,2.58,13.1,0.57,False
T005574,2025-05-26,13,HH041,DEV0060,34.7,100.0,3.33,20.9,0.16,False
T005575,2025-05-26,16,HH042,DEV0062,8.4,78.4,20.59,107.7,0.34,False
T005576,2025-05-26,13,HH043,DEV0064,24.7,100.0,34.71,189.0,0.39,False
T005577,2025-05-26,14,HH045,DEV0067,19.4,99.0,40.93,179.5,0.66,False
T005578,2025-05-26,19,HH047,DEV0069,10.0,52.6,21.93,131.7,0.13,True
T005579,2025-05-26,18,HH048,DEV0071,12.8,87.9,30.42,140.6,0.07,False
T005580,2025-05-26,14,HH051,DEV0075,7.6,94.7,4.27,22.2,0.52,False
T005581,2025-05-26,15,HH056,DEV0082,7.2,97.3,4.24,18.7,0.64,False
T005582,2025-05-26,17,HH057,DEV0085,27.2,100.0,5.53,36.3,0.88,False
T005583,2025-05-26,16,HH058,DEV0086,35.3,100.0,2.33,11.6,0.35,False
T005584,2025-05-26,19,HH059,DEV0087,34.7,100.0,3.79,21.1,0.32,False
T005585,2025-05-26,18,HH063,DEV0094,15.9,91.5,2.57,11.9,0.49,False
T005586,2025-05-26,17,HH065,DEV0096,33.3,100.0,33.02,207.4,0.79,False
T005587,2025-05-26,15,HH066,DEV0098,13.7,61.5,3.1,21.2,0.33,True
T005588,2025-05-26,19,HH071,DEV0103,35.3,100.0,4.08,19.6,0.49,False
T005589,2025-05-26,15,HH073,DEV0105,22.6,100.0,4.72,22.0,0.25,False
T005590,2025-05-26,13,HH078,DEV0114,13.9,93.3,27.96,151.4,0.78,False
T005591,2025-05-26,19,HH079,DEV0115,11.7,100.0,43.44,324.9,0.25,False
T005592,2025-05-26,16,HH081,DEV0117,10.4,100.0,21.5,101.6,0.76,False
T005593,2025-05-26,18,HH083,DEV0122,8.0,87.8,30.89,195.1,0.5,False
T005594,2025-05-26,18,HH094,DEV0136,15.8,100.0,41.59,228.2,0.16,False
T005595,2025-05-26,18,HH097,DEV0141,15.2,100.0,4.41,25.6,0.26,False
T005596,2025-05-26,18,HH099,DEV0144,21.1,100.0,6.08,34.9,0.31,False
T005597,2025-05-26,14,HH105,DEV0151,23.2,100.0,3.84,18.9,0.2,False
T005598,2025-05-26,16,HH111,DEV0162,30.2,100.0,30.71,212.4,0.61,False
T005599,2025-05-26,17,HH117,DEV0171,18.5,100.0,2.93,12.7,0.36,False
T005600,2025-05-26,15,HH118,DEV0172,31.8,100.0,31.71,149.3,0.19,False
T005601,2025-05-26,16,HH119,DEV0174,28.3,100.0,21.44,142.7,0.24,False
T005602,2025-05-26,15,HH120,DEV0176,23.5,100.0,4.9,27.9,0.39,False
T005603,2025-05-26,17,HH123,DEV0180,22.2,100.0,16.26,71.0,0.26,False
T005604,2025-05-26,16,HH124,DEV0181,33.2,100.0,29.66,176.0,0.66,False
T005605,2025-05-26,19,HH126,DEV0184,10.7,85.0,5.65,26.1,0.2,False
T005606,2025-05-26,18,HH127,DEV0185,11.8,99.1,51.62,356.4,0.27,False
T005607,2025-05-26,15,HH129,DEV0188,35.8,100.0,3.79,19.6,0.45,False
T005608,2025-05-26,12,HH134,DEV0197,37.8,100.0,15.24,79.9,0.22,False
T005609,2025-05-27,18,HH005,DEV0006,6.2,86.0,3.11,16.9,0.46,False
T005610,2025-05-27,15,HH006,DEV0007,25.6,100.0,15.33,93.1,0.82,False
T005611,2025-05-27,16,HH012,DEV0016,23.3,57.0,1.14,5.3,0.1,True
T005612,2025-05-27,12,HH016,DEV0021,30.3,100.0,31.71,182.3,0.46,False
T005613,2025-05-27,17,HH019,DEV0026,39.0,100.0,20.5,96.4,0.28,False
T005614,2025-05-27,13,HH021,DEV0028,7.2,86.8,21.57,101.5,0.45,False
T005615,2025-05-27,18,HH022,DEV0030,35.9,100.0,2.88,12.7,0.49,False
T005616,2025-05-27,17,HH023,DEV0032,21.0,100.0,46.85,204.5,0.14,False
T005617,2025-05-27,15,HH028,DEV0040,13.7,100.0,33.31,145.9,0.35,False
T005618,2025-05-27,19,HH033,DEV0048,11.9,93.1,5.2,22.6,0.18,False
T005619,2025-05-27,13,HH042,DEV0062,7.4,92.3,24.96,115.3,0.26,False
T005620,2025-05-27,19,HH043,DEV0065,15.8,86.0,2.95,18.6,0.41,False
T005621,2025-05-27,13,HH045,DEV0067,14.2,93.2,40.59,196.6,0.66,False
T005622,2025-05-27,14,HH047,DEV0070,16.3,100.0,20.17,115.1,0.11,False
T005623,2025-05-27,14,HH051,DEV0075,26.3,99.1,3.57,20.1,0.51,False
T005624,2025-05-27,16,HH053,DEV0078,8.2,100.0,18.36,121.4,0.17,False
T005625,2025-05-27,19,HH054,DEV0079,34.8,100.0,3.06,13.4,0.42,False
T005626,2025-05-27,19,HH064,DEV0095,17.3,92.1,2.32,15.5,0.76,False
T005627,2025-05-27,16,HH065,DEV0096,29.3,100.0,35.0,192.4,0.89,False
T005628,2025-05-27,17,HH069,DEV0101,10.6,100.0,49.35,294.0,0.22,False
T005629,2025-05-27,14,HH073,DEV0105,24.3,96.4,4.4,25.0,0.26,False
T005630,2025-05-27,13,HH074,DEV0107,14.6,96.6,41.24,243.5,0.27,False
T005631,2025-05-27,16,HH075,DEV0109,14.1,93.5,32.38,164.6,0.42,False
T005632,2025-05-27,18,HH076,DEV0110,32.6,100.0,24.13,129.9,0.41,False
T005633,2025-05-27,16,HH081,DEV0118,26.3,100.0,15.4,78.1,0.79,False
T005634,2025-05-27,18,HH083,DEV0122,11.1,90.9,30.87,195.4,0.42,False
T005635,2025-05-27,17,HH084,DEV0123,6.9,86.0,3.96,22.2,0.56,False
T005636,2025-05-27,19,HH085,DEV0124,13.0,92.9,26.86,144.8,0.09,False
T005637,2025-05-27,16,HH088,DEV0129,17.6,90.8,33.74,149.8,0.3,False
T005638,2025-05-27,19,HH089,DEV0130,19.1,100.0,3.64,26.0,0.1,False
T005639,2025-05-27,17,HH091,DEV0133,28.4,100.0,3.22,18.7,0.6,False
T005640,2025-05-27,14,HH094,DEV0137,10.9,97.2,4.23,26.1,0.26,False
T005641,2025-05-27,13,HH096,DEV0140,20.4,90.9,5.08,26.2,0.14,False
T005642,2025-05-27,13,HH102,DEV0148,13.9,96.3,21.84,158.4,1.03,False
T005643,2025-05-27,15,HH105,DEV0151,38.2,100.0,3.09,14.8,0.25,False
T005644,2025-05-27,18,HH109,DEV0156,29.0,100.0,5.4,23.5,0.53,False
T005645,2025-05-27,16,HH111,DEV0161,38.3,100.0,4.07,23.9,0.49,False
T005646,2025-05-27,16,HH116,DEV0170,28.8,100.0,23.99,143.0,0.68,False
T005647,2025-05-27,17,HH123,DEV0180,29.7,100.0,14.69,83.3,0.37,False
T005648,2025-05-27,16,HH127,DEV0185,12.3,100.0,51.83,274.0,0.14,False
T005649,2025-05-27,19,HH129,DEV0188,14.6,92.1,4.57,29.5,0.43,False
T005650,2025-05-27,19,HH130,DEV0189,9.7,95.3,6.08,45.3,0.23,False
T005651,2025-05-27,14,HH133,DEV0195,25.1,100.0,17.08,89.8,0.16,False
T005652,2025-05-27,17,HH138,DEV0203,26.5,100.0,25.06,135.3,0.2,False
T005653,2025-05-28,13,HH001,DEV0001,38.9,100.0,21.02,121.1,0.43,False
T005654,2025-05-28,18,HH003,DEV0004,6.3,83.0,30.52,191.8,0.61,False
T005655,2025-05-28,19,HH004,DEV0005,34.5,100.0,4.72,20.6,0.25,False
T005656,2025-05-28,19,HH006,DEV0007,20.5,98.7,16.1,86.6,0.79,False
T005657,2025-05-28,18,HH011,DEV0015,21.8,98.7,45.82,209.2,0.54,False
T005658,2025-05-28,17,HH014,DEV0019,31.5,100.0,3.08,21.8,0.26,False
T005659,2025-05-28,15,HH017,DEV0023,26.2,100.0,4.21,27.7,0.52,False
T005660,2025-05-28,16,HH019,DEV0026,9.6,92.3,27.8,153.3,0.29,False
T005661,2025-05-28,18,HH026,DEV0038,22.2,96.0,36.91,168.5,0.29,False
T005662,2025-05-28,16,HH027,DEV0039,11.1,92.8,2.61,17.2,0.18,False
T005663,2025-05-28,15,HH028,DEV0040,18.3,96.1,30.02,167.9,0.29,False
T005664,2025-05-28,16,HH030,DEV0044,38.9,100.0,2.14,14.7,0.09,False
T005665,2025-05-28,19,HH031,DEV0046,27.7,100.0,37.6,179.5,0.41,False
T005666,2025-05-28,16,HH033,DEV0048,35.3,100.0,4.14,29.2,0.3,False
T005667,2025-05-28,15,HH036,DEV0051,23.0,100.0,4.62,32.9,0.45,False
T005668,2025-05-28,17,HH042,DEV0061,7.9,88.7,33.61,231.3,0.37,False
T005669,2025-05-28,16,HH047,DEV0070,5.0,80.6,18.21,94.0,0.1,False
T005670,2025-05-28,19,HH051,DEV0075,25.9,100.0,3.63,16.9,0.38,False
T005671,2025-05-28,13,HH052,DEV0076,37.3,100.0,2.82,20.0,0.27,False
T005672,2025-05-28,17,HH054,DEV0079,18.7,97.2,3.69,18.9,0.27,False
T005673,2025-05-28,16,HH056,DEV0082,25.1,100.0,3.52,20.1,0.66,False
T005674,2025-05-28,17,HH057,DEV0084,17.6,100.0,2.64,17.8,0.89,False
T005675,2025-05-28,14,HH059,DEV0087,15.9,98.1,4.77,21.9,0.23,False
T005676,2025-05-28,13,HH061,DEV0091,5.7,88.6,4.97,32.9,0.6,False
T005677,2025-05-28,19,HH064,DEV0095,25.9,95.0,2.14,14.6,0.78,False
T005678,2025-05-28,15,HH065,DEV0097,16.6,100.0,6.26,27.0,0.72,False
T005679,2025-05-28,17,HH067,DEV0099,14.4,99.9,6.84,44.5,0.88,False
T005680,2025-05-28,18,HH069,DEV0101,15.9,94.2,43.22,186.8,0.26,False
T005681,2025-05-28,13,HH074,DEV0108,23.7,100.0,4.27,31.6,0.21,False
T005682,2025-05-28,17,HH075,DEV0109,32.0,100.0,27.74,188.4,0.32,False
T005683,2025-05-28,16,HH077,DEV0112,13.1,92.6,5.8,32.5,0.45,False
T005684,2025-05-28,17,HH078,DEV0113,35.2,100.0,3.43,14.7,0.52,False
T005685,2025-05-28,19,HH081,DEV0117,28.1,100.0,17.26,77.3,0.84,False
T005686,2025-05-28,18,HH089,DEV0130,30.2,100.0,3.14,14.5,0.11,False
T005687,2025-05-28,16,HH092,DEV0134,35.8,100.0,28.7,154.9,0.33,False
T005688,2025-05-28,13,HH095,DEV0139,10.8,86.8,18.84,117.2,0.85,False
T005689,2025-05-28,16,HH100,DEV0146,25.5,98.7,4.17,18.0,0.26,False
T005690,2025-05-28,17,HH102,DEV0148,32.8,100.0,17.81,95.7,0.92,False
T005691,2025-05-28,19,HH104,DEV0150,35.2,100.0,21.32,136.2,0.25,False
T005692,2025-05-28,18,HH121,DEV0178,21.5,100.0,34.85,157.1,0.54,False
T005693,2025-05-28,19,HH122,DEV0179,7.4,85.1,25.49,124.1,0.54,False
T005694,2025-05-28,14,HH128,DEV0187,17.7,92.2,3.13,18.6,0.09,False
T005695,2025-05-28,17,HH131,DEV0190,38.0,100.0,2.91,14.1,0.33,False
T005696,2025-05-28,19,HH132,DEV0191,39.1,100.0,15.53,116.3,0.48,False
T005697,2025-05-28,19,HH134,DEV0196,27.1,100.0,5.39,26.4,0.24,False
T005698,2025-05-28,18,HH138,DEV0203,37.9,100.0,21.18,128.9,0.19,False
T005699,2025-05-29,19,HH001,DEV0001,10.7,93.4,28.47,186.6,0.31,False
T005700,2025-05-29,15,HH002,DEV0003,27.6,100.0,4.05,24.6,0.52,False
T005701,2025-05-29,15,HH007,DEV0009,33.1,100.0,16.59,119.0,0.33,False
T005702,2025-05-29,19,HH016,DEV0021,27.0,100.0,33.21,236.0,0.36,False
T005703,2025-05-29,16,HH017,DEV0023,27.0,100.0,4.16,18.2,0.83,False
T005704,2025-05-29,15,HH018,DEV0025,37.7,100.0,25.04,111.8,0.6,False
T005705,2025-05-29,19,HH020,DEV0027,7.1,83.6,2.68,13.6,0.16,False
T005706,2025-05-29,19,HH021,DEV0028,24.8,100.0,20.38,96.6,0.47,False
T005707,2025-05-29,17,HH027,DEV0039,31.3,100.0,2.2,16.0,0.16,False
T005708,2025-05-29,14,HH032,DEV0047,30.3,100.0,4.25,19.2,0.55,False
T005709,2025-05-29,18,HH033,DEV0048,12.8,98.1,5.46,27.6,0.18,False
T005710,2025-05-29,18,HH034,DEV0049,15.5,98.8,6.25,28.8,0.27,False
T005711,2025-05-29,14,HH035,DEV0050,11.4,93.5,27.83,188.7,0.41,False
T005712,2025-05-29,14,HH037,DEV0053,6.2,96.3,4.24,18.2,0.52,False
T005713,2025-05-29,19,HH046,DEV0068,7.4,91.9,39.7,231.7,0.12,False
T005714,2025-05-29,11,HH047,DEV0069,22.6,75.0,26.96,125.1,0.11,True
T005715,2025-05-29,11,HH049,DEV0073,19.2,100.0,3.39,24.5,0.1,False
T005716,2025-05-29,16,HH057,DEV0085,35.0,100.0,4.94,23.7,0.68,False
T005717,2025-05-29,12,HH059,DEV0087,11.5,91.6,4.65,22.7,0.29,False
T005718,2025-05-29,19,HH061,DEV0091,35.1,100.0,3.89,16.8,0.43,False
T005719,2025-05-29,19,HH067,DEV0099,17.6,100.0,6.59,29.9,0.46,False
T005720,2025-05-29,12,HH072,DEV0104,7.5,89.7,24.08,103.9,0.05,False
T005721,2025-05-29,17,HH075,DEV0109,31.5,100.0,27.95,126.5,0.34,False
T005722,2025-05-29,16,HH076,DEV0110,35.9,100.0,22.95,98.7,0.54,False
T005723,2025-05-29,19,HH077,DEV0112,12.7,91.4,5.75,39.6,0.4,False
T005724,2025-05-29,16,HH078,DEV0113,16.4,100.0,4.43,23.2,0.86,False
T005725,2025-05-29,19,HH089,DEV0130,10.0,88.2,3.52,21.2,0.13,False
T005726,2025-05-29,18,HH092,DEV0134,26.5,100.0,32.85,141.4,0.42,False
T005727,2025-05-29,16,HH093,DEV0135,19.6,100.0,3.46,23.4,0.31,False
T005728,2025-05-29,18,HH095,DEV0139,32.7,100.0,16.69,107.8,0.51,False
T005729,2025-05-29,14,HH096,DEV0140,8.7,94.8,6.2,35.6,0.2,False
T005730,2025-05-29,18,HH100,DEV0146,32.9,100.0,3.82,18.0,0.25,False
T005731,2025-05-29,17,HH103,DEV0149,20.5,100.0,3.42,17.4,0.67,False
T005732,2025-05-29,17,HH104,DEV0150,6.6,86.1,26.15,181.8,0.17,False
T005733,2025-05-29,17,HH105,DEV0151,22.2,100.0,3.89,22.5,0.28,False
T005734,2025-05-29,14,HH108,DEV0155,15.2,100.0,38.08,226.7,0.34,False
T005735,2025-05-29,19,HH111,DEV0162,12.1,86.7,32.81,175.4,0.62,False
T005736,2025-05-29,17,HH112,DEV0163,26.6,100.0,24.74,111.2,0.3,False
T005737,2025-05-29,15,HH115,DEV0169,12.1,85.1,29.51,178.7,0.56,False
T005738,2025-05-29,13,HH117,DEV0171,29.7,100.0,2.53,11.7,0.45,False
T005739,2025-05-29,10,HH119,DEV0175,26.4,100.0,18.55,110.0,0.37,False
T005740,2025-05-29,17,HH120,DEV0176,10.8,99.7,5.69,30.8,0.42,False
T005741,2025-05-29,18,HH121,DEV0178,35.4,100.0,28.68,187.4,0.64,False
T005742,2025-05-29,16,HH123,DEV0180,25.6,100.0,15.55,69.6,0.41,False
T005743,2025-05-29,19,HH124,DEV0181,27.9,100.0,32.01,236.4,0.84,False
T005744,2025-05-29,13,HH125,DEV0182,7.8,88.8,26.66,172.8,0.29,False
T005745,2025-05-29,14,HH129,DEV0188,20.4,100.0,4.7,25.0,0.65,False
T005746,2025-05-29,17,HH134,DEV0197,24.9,97.0,17.67,129.6,0.21,False
T005747,2025-05-30,16,HH001,DEV0001,27.0,100.0,25.11,187.7,0.3,False
T005748,2025-05-30,15,HH003,DEV0004,34.8,100.0,25.95,165.7,0.78,False
T005749,2025-05-30,16,HH005,DEV0006,6.2,79.2,2.85,21.1,0.48,False
T005750,2025-05-30,16,HH006,DEV0007,36.9,100.0,13.0,64.9,0.69,False
T005751,2025-05-30,19,HH009,DEV0013,10.0,93.0,4.65,21.9,0.17,False
T005752,2025-05-30,13,HH012,DEV0016,7.5,52.2,1.52,7.8,0.12,True
T005753,2025-05-30,15,HH016,DEV0021,17.7,92.5,34.05,229.4,0.31,False
T005754,2025-05-30,19,HH018,DEV0024,6.3,96.9,6.16,44.1,0.55,False
T005755,2025-05-30,16,HH021,DEV0029,39.6,100.0,2.42,10.4,0.29,False
T005756,2025-05-30,15,HH022,DEV0031,31.1,100.0,13.99,91.8,0.49,False
T005757,2025-05-30,16,HH025,DEV0036,11.9,85.7,4.28,20.1,0.39,False
T005758,2025-05-30,12,HH034,DEV0049,22.4,100.0,5.82,34.3,0.26,False
T005759,2025-05-30,18,HH041,DEV0060,11.3,99.7,4.51,28.7,0.14,False
T005760,2025-05-30,18,HH043,DEV0064,35.2,100.0,29.87,145.5,0.45,False
T005761,2025-05-30,19,HH047,DEV0070,24.9,100.0,18.1,102.5,0.14,False
T005762,2025-05-30,14,HH048,DEV0071,13.4,93.6,32.5,190.0,0.07,False
T005763,2025-05-30,12,HH053,DEV0078,32.8,100.0,13.44,99.2,0.22,False
T005764,2025-05-30,16,HH054,DEV0079,32.0,100.0,3.2,23.6,0.42,False
T005765,2025-05-30,16,HH056,DEV0082,12.1,95.9,3.94,19.6,0.61,False
T005766,2025-05-30,12,HH061,DEV0091,25.2,100.0,4.49,21.7,0.36,False
T005767,2025-05-30,13,HH063,DEV0093,15.6,98.1,23.68,107.3,0.38,False
T005768,2025-05-30,18,HH070,DEV0102,30.6,68.0,1.24,5.6,0.21,True
T005769,2025-05-30,14,HH071,DEV0103,9.9,80.5,4.45,31.2,0.64,False
T005770,2025-05-30,19,HH072,DEV0104,12.0,94.1,24.05,129.9,0.06,False
T005771,2025-05-30,13,HH074,DEV0108,33.9,100.0,3.7,18.1,0.29,False
T005772,2025-05-30,19,HH075,DEV0109,20.9,97.6,31.27,175.4,0.5,False
T005773,2025-05-30,19,HH079,DEV0115,23.5,100.0,37.64,266.8,0.28,False
T005774,2025-05-30,15,HH080,DEV0116,24.1,100.0,5.69,33.8,0.48,False
T005775,2025-05-30,19,HH081,DEV0118,10.9,96.9,17.98,128.9,0.71,False
T005776,2025-05-30,18,HH083,DEV0122,14.7,86.2,27.66,156.4,0.44,False
T005777,2025-05-30,12,HH084,DEV0123,34.6,100.0,3.27,22.6,0.53,False
T005778,2025-05-30,16,HH090,DEV0131,30.0,100.0,39.27,238.7,0.69,False
T005779,2025-05-30,16,HH091,DEV0133,19.7,99.5,3.59,17.4,0.61,False
T005780,2025-05-30,19,HH095,DEV0139,27.7,100.0,17.93,78.3,0.61,False
T005781,2025-05-30,8,HH097,DEV0141,18.4,94.5,3.96,27.8,0.36,False
T005782,2025-05-30,13,HH098,DEV0143,21.1,100.0,4.5,20.5,0.64,False
T005783,2025-05-30,15,HH100,DEV0145,29.7,100.0,28.61,206.2,0.32,False
T005784,2025-05-30,17,HH108,DEV0155,21.4,95.1,33.08,229.1,0.53,False
T005785,2025-05-30,10,HH111,DEV0162,23.4,100.0,33.7,205.6,0.37,False
T005786,2025-05-30,19,HH112,DEV0163,21.1,100.0,26.59,197.3,0.27,False
T005787,2025-05-30,17,HH113,DEV0165,30.6,100.0,5.2,25.7,0.24,False
T005788,2025-05-30,14,HH114,DEV0166,7.4,85.2,4.9,21.4,0.49,False
T005789,2025-05-30,19,HH122,DEV0179,19.0,100.0,26.57,168.1,0.53,False
T005790,2025-05-30,17,HH124,DEV0181,10.2,100.0,39.87,209.2,0.7,False
T005791,2025-05-30,16,HH125,DEV0183,11.4,93.7,4.44,29.1,0.36,False
T005792,2025-05-30,17,HH126,DEV0184,37.4,100.0,4.76,34.9,0.23,False
T005793,2025-05-30,17,HH129,DEV0188,16.3,100.0,4.94,22.5,0.65,False
T005794,2025-05-30,18,HH133,DEV0195,5.6,99.5,21.41,99.2,0.15,False
T005795,2025-05-30,17,HH134,DEV0196,11.9,89.7,5.76,36.8,0.21,False
T005796,2025-05-31,16,HH001,DEV0001,19.2,100.0,27.8,148.4,0.29,False
T005797,2025-05-31,15,HH005,DEV0006,25.6,94.9,2.7,14.2,0.36,False
T005798,2025-05-31,12,HH009,DEV0013,36.4,100.0,3.56,26.4,0.21,False
T005799,2025-05-31,19,HH015,DEV0020,28.4,100.0,2.43,10.6,0.71,False
T005800,2025-05-31,18,HH017,DEV0023,38.6,100.0,3.5,15.7,0.8,False
T005801,2025-05-31,18,HH018,DEV0024,33.3,100.0,4.54,21.7,0.6,False
T005802,2025-05-31,16,HH027,DEV0039,20.8,100.0,2.53,16.7,0.19,False
T005803,2025-05-31,17,HH031,DEV0046,10.7,96.2,44.44,299.1,0.34,False
T005804,2025-05-31,16,HH032,DEV0047,24.1,97.8,4.5,26.5,0.63,False
T005805,2025-05-31,16,HH039,DEV0058,17.1,91.0,3.55,19.2,1.08,False
T005806,2025-05-31,9,HH042,DEV0063,23.8,100.0,5.72,29.8,0.26,False
T005807,2025-05-31,13,HH043,DEV0064,26.2,100.0,34.02,226.0,0.44,False
T005808,2025-05-31,14,HH046,DEV0068,14.0,98.6,39.77,177.5,0.09,False
T005809,2025-05-31,14,HH053,DEV0078,29.8,100.0,14.04,97.7,0.14,False
T005810,2025-05-31,16,HH055,DEV0080,22.6,100.0,23.53,137.5,0.88,False
T005811,2025-05-31,16,HH059,DEV0087,32.9,100.0,3.89,20.2,0.28,False
T005812,2025-05-31,15,HH064,DEV0095,12.8,98.3,2.65,15.1,0.93,False
T005813,2025-05-31,19,HH068,DEV0100,12.1,85.6,31.88,208.9,0.76,False
T005814,2025-05-31,11,HH071,DEV0103,10.0,92.3,5.18,25.9,0.34,False
T005815,2025-05-31,12,HH073,DEV0105,6.5,87.8,4.96,24.8,0.24,False
T005816,2025-05-31,16,HH078,DEV0114,25.2,100.0,26.33,126.8,0.46,False
T005817,2025-05-31,15,HH083,DEV0122,37.4,100.0,24.23,149.9,0.48,False
T005818,2025-05-31,15,HH092,DEV0134,28.9,100.0,31.78,144.7,0.48,False
T005819,2025-05-31,11,HH094,DEV0136,21.9,98.0,37.6,243.4,0.29,False
T005820,2025-05-31,17,HH095,DEV0138,27.6,96.2,19.4,94.5,0.46,False
T005821,2025-05-31,19,HH096,DEV0140,29.4,100.0,5.08,29.4,0.2,False
T005822,2025-05-31,16,HH097,DEV0141,19.3,100.0,4.2,25.4,0.5,False
T005823,2025-05-31,17,HH099,DEV0144,21.9,95.8,5.69,37.8,0.3,False
T005824,2025-05-31,16,HH103,DEV0149,26.8,96.4,2.99,13.5,0.91,False
T005825,2025-05-31,12,HH104,DEV0150,11.4,91.5,26.36,145.5,0.19,False
T005826,2025-05-31,19,HH106,DEV0152,36.8,100.0,33.31,207.2,0.17,False
T005827,2025-05-31,18,HH108,DEV0155,8.9,79.3,31.63,139.2,0.4,False
T005828,2025-05-31,15,HH111,DEV0161,39.0,100.0,4.03,24.2,0.38,False
T005829,2025-05-31,15,HH115,DEV0169,39.6,100.0,24.4,176.3,0.52,False
T005830,2025-05-31,19,HH117,DEV0171,22.0,95.7,2.65,15.5,0.39,False
T005831,2025-05-31,15,HH126,DEV0184,13.5,87.5,5.63,31.1,0.23,False
T005832,2025-05-31,16,HH127,DEV0186,6.9,80.2,37.01,250.0,0.22,False
T005833,2025-05-31,15,HH128,DEV0187,20.0,96.7,3.22,21.0,0.15,False
T005834,2025-05-31,17,HH131,DEV0190,29.9,100.0,3.29,16.6,0.41,False
T005835,2025-05-31,14,HH132,DEV0192,10.6,95.4,4.24,22.1,0.42,False
T005836,2025-05-31,19,HH133,DEV0195,24.6,100.0,17.19,82.0,0.13,False
T005837,2025-05-31,14,HH135,DEV0198,6.3,78.0,4.16,18.7,0.15,False
T005838,2025-05-31,19,HH136,DEV0199,35.7,100.0,29.64,165.1,0.34,False
T005839,2025-05-31,17,HH139,DEV0204,19.3,93.7,27.29,121.9,0.3,False
T005840,2025-06-01,19,HH001,DEV0001,11.0,87.3,26.25,134.8,0.43,False
T005841,2025-06-01,14,HH003,DEV0004,8.2,94.3,34.25,253.9,0.73,False
T005842,2025-06-01,18,HH006,DEV0007,34.1,100.0,13.58,71.1,0.7,False
T005843,2025-06-01,17,HH008,DEV0011,31.7,100.0,4.37,19.0,1.13,False
T005844,2025-06-01,15,HH012,DEV0016,21.4,73.3,1.76,9.9,0.12,True
T005845,2025-06-01,16,HH018,DEV0024,39.0,100.0,4.15,20.4,0.68,False
T005846,2025-06-01,16,HH020,DEV0027,32.5,100.0,2.36,12.3,0.16,False
T005847,2025-06-01,16,HH024,DEV0035,34.3,100.0,35.94,247.1,0.74,False
T005848,2025-06-01,15,HH026,DEV0038,30.1,100.0,34.95,218.6,0.2,False
T005849,2025-06-01,14,HH028,DEV0040,31.9,100.0,26.29,149.2,0.27,False
T005850,2025-06-01,15,HH029,DEV0043,7.6,92.8,45.08,202.3,0.34,False
T005851,2025-06-01,18,HH030,DEV0044,21.6,100.0,2.74,12.0,0.1,False
T005852,2025-06-01,16,HH031,DEV0046,13.5,89.8,39.68,239.7,0.32,False
T005853,2025-06-01,15,HH032,DEV0047,8.2,91.4,5.08,33.7,0.72,False
T005854,2025-06-01,14,HH035,DEV0050,16.2,94.9,26.67,143.9,0.34,False
T005855,2025-06-01,18,HH041,DEV0060,6.3,90.2,4.28,25.3,0.16,False
T005856,2025-06-01,17,HH042,DEV0063,20.3,100.0,5.98,37.1,0.27,False
T005857,2025-06-01,18,HH046,DEV0068,26.2,100.0,34.69,192.7,0.13,False
T005858,2025-06-01,18,HH048,DEV0071,16.8,92.2,30.53,138.7,0.08,False
T005859,2025-06-01,17,HH049,DEV0073,27.3,100.0,3.05,21.5,0.09,False
T005860,2025-06-01,18,HH063,DEV0094,25.5,100.0,2.53,16.2,0.6,False
T005861,2025-06-01,16,HH064,DEV0095,14.9,100.0,2.64,11.7,0.82,False
T005862,2025-06-01,17,HH067,DEV0099,29.8,100.0,5.62,30.8,0.59,False
T005863,2025-06-01,18,HH068,DEV0100,35.1,100.0,28.17,162.2,0.74,False
T005864,2025-06-01,19,HH069,DEV0101,35.8,100.0,35.44,218.5,0.21,False
T005865,2025-06-01,15,HH071,DEV0103,6.2,91.2,5.36,35.2,0.56,False
T005866,2025-06-01,17,HH079,DEV0115,34.4,100.0,32.28,179.5,0.25,False
T005867,2025-06-01,19,HH084,DEV0123,11.2,92.7,4.07,17.7,0.86,False
T005868,2025-06-01,18,HH085,DEV0124,26.9,100.0,24.56,121.4,0.08,False
T005869,2025-06-01,14,HH088,DEV0129,35.2,100.0,29.87,209.3,0.29,False
T005870,2025-06-01,19,HH089,DEV0130,30.4,100.0,3.13,16.0,0.11,False
T005871,2025-06-01,19,HH096,DEV0140,25.7,100.0,5.35,23.1,0.13,False
T005872,2025-06-01,18,HH098,DEV0142,36.7,100.0,34.82,152.9,0.52,False
T005873,2025-06-01,19,HH100,DEV0146,39.9,100.0,3.43,23.0,0.24,False
T005874,2025-06-01,19,HH102,DEV0148,11.2,86.4,19.94,89.4,0.98,False
T005875,2025-06-01,16,HH104,DEV0150,10.8,99.3,29.12,140.1,0.19,False
T005876,2025-06-01,19,HH112,DEV0163,15.1,99.3,28.37,159.0,0.4,False
T005877,2025-06-01,18,HH113,DEV0164,9.5,81.1,15.46,91.7,0.4,False
T005878,2025-06-01,19,HH117,DEV0171,33.8,100.0,2.38,10.5,0.4,False
T005879,2025-06-01,13,HH125,DEV0183,38.1,100.0,3.34,15.1,0.38,False
T005880,2025-06-01,12,HH126,DEV0184,30.9,100.0,5.25,32.6,0.28,False
T005881,2025-06-01,17,HH127,DEV0185,9.4,90.3,47.83,250.7,0.29,False
T005882,2025-06-01,19,HH129,DEV0188,32.1,100.0,4.01,18.9,0.45,False
T005883,2025-06-01,14,HH130,DEV0189,11.6,100.0,6.28,40.2,0.15,False
T005884,2025-06-01,14,HH132,DEV0191,36.5,100.0,16.19,83.4,0.3,False
T005885,2025-06-01,17,HH135,DEV0198,6.1,90.2,4.88,30.4,0.13,False
T005886,2025-06-02,16,HH002,DEV0003,24.1,100.0,4.25,20.9,0.75,False
T005887,2025-06-02,15,HH003,DEV0004,39.5,100.0,24.08,148.5,0.59,False
T005888,2025-06-02,15,HH005,DEV0006,19.3,100.0,3.15,16.5,0.4,False
T005889,2025-06-02,13,HH006,DEV0007,24.7,99.9,15.5,76.6,0.61,False
T005890,2025-06-02,17,HH012,DEV0016,8.9,60.5,1.76,10.1,0.13,True
T005891,2025-06-02,18,HH017,DEV0023,38.5,100.0,3.51,21.2,0.66,False
T005892,2025-06-02,15,HH018,DEV0025,25.2,100.0,30.07,220.3,0.48,False
T005893,2025-06-02,16,HH019,DEV0026,20.7,98.9,26.26,133.0,0.19,False
T005894,2025-06-02,14,HH024,DEV0034,20.7,100.0,46.39,229.8,0.71,False
T005895,2025-06-02,19,HH026,DEV0038,16.3,94.9,39.29,239.6,0.26,False
T005896,2025-06-02,17,HH027,DEV0039,5.9,87.9,2.62,17.0,0.19,False
T005897,2025-06-02,13,HH029,DEV0042,10.5,100.0,46.63,285.4,0.6,False
T005898,2025-06-02,14,HH033,DEV0048,20.7,100.0,5.08,34.3,0.21,False
T005899,2025-06-02,19,HH034,DEV0049,24.7,100.0,5.65,33.3,0.17,False
T005900,2025-06-02,18,HH035,DEV0050,20.6,100.0,26.92,120.3,0.3,False
T005901,2025-06-02,13,HH039,DEV0056,29.5,100.0,30.88,197.4,0.74,False
T005902,2025-06-02,19,HH040,DEV0059,37.4,100.0,1.94,9.2,0.53,False
T005903,2025-06-02,17,HH042,DEV0061,24.7,100.0,31.32,170.3,0.26,False
T005904,2025-06-02,17,HH045,DEV0067,28.7,100.0,36.65,193.0,0.77,False
T005905,2025-06-02,19,HH046,DEV0068,32.9,100.0,31.54,154.5,0.09,False
T005906,2025-06-02,13,HH047,DEV0070,7.6,83.8,18.36,93.7,0.17,False
T005907,2025-06-02,16,HH049,DEV0073,15.3,100.0,3.56,15.4,0.09,False
T005908,2025-06-02,17,HH050,DEV0074,25.5,100.0,3.43,19.1,0.3,False
T005909,2025-06-02,15,HH054,DEV0079,28.8,100.0,3.35,21.1,0.36,False
T005910,2025-06-02,18,HH058,DEV0086,11.4,92.8,2.93,14.0,0.47,False
T005911,2025-06-02,18,HH061,DEV0090,27.0,100.0,5.55,24.6,0.46,False
T005912,2025-06-02,19,HH063,DEV0093,29.6,100.0,20.2,100.9,0.43,False
T005913,2025-06-02,16,HH064,DEV0095,6.3,84.9,2.44,11.2,0.84,False
T005914,2025-06-02,17,HH065,DEV0097,21.2,94.9,5.53,25.5,0.56,False
T005915,2025-06-02,17,HH068,DEV0100,29.4,100.0,30.64,171.5,0.8,False
T005916,2025-06-02,17,HH072,DEV0104,18.0,97.4,23.26,151.0,0.07,False
T005917,2025-06-02,17,HH073,DEV0105,33.5,100.0,4.06,29.3,0.25,False
T005918,2025-06-02,19,HH079,DEV0115,37.5,100.0,30.75,178.5,0.15,False
T005919,2025-06-02,17,HH083,DEV0122,32.9,100.0,25.97,150.8,0.44,False
T005920,2025-06-02,10,HH085,DEV0124,6.5,88.0,27.4,154.1,0.06,False
T005921,2025-06-02,18,HH089,DEV0130,20.3,100.0,3.59,17.8,0.17,False
T005922,2025-06-02,19,HH100,DEV0145,15.8,97.8,33.35,167.3,0.23,False
T005923,2025-06-02,15,HH101,DEV0147,17.3,100.0,2.98,20.0,0.08,False
T005924,2025-06-02,12,HH102,DEV0148,14.6,98.2,22.15,148.1,0.92,False
T005925,2025-06-02,19,HH105,DEV0151,8.8,83.7,3.75,17.9,0.2,False
T005926,2025-06-02,17,HH108,DEV0155,16.6,92.3,33.97,147.5,0.56,False
T005927,2025-06-02,18,HH110,DEV0159,31.7,100.0,2.46,15.1,0.38,False
T005928,2025-06-02,17,HH111,DEV0161,20.3,100.0,5.26,30.3,0.69,False
T005929,2025-06-02,16,HH114,DEV0166,19.2,99.4,5.05,28.1,0.6,False
T005930,2025-06-02,14,HH115,DEV0169,35.5,100.0,26.06,119.5,0.67,False
T005931,2025-06-02,15,HH117,DEV0171,22.7,100.0,2.78,13.2,0.51,False
T005932,2025-06-02,18,HH119,DEV0174,39.3,100.0,18.15,105.7,0.21,False
T005933,2025-06-02,18,HH122,DEV0179,22.2,96.8,24.47,132.8,0.72,False
T005934,2025-06-02,19,HH124,DEV0181,36.8,100.0,28.06,168.8,0.7,False
T005935,2025-06-02,15,HH130,DEV0189,33.9,100.0,4.69,20.2,0.22,False
T005936,2025-06-02,17,HH133,DEV0194,17.3,90.8,42.13,292.3,0.16,False
T005937,2025-06-02,19,HH137,DEV0202,25.5,62.1,1.87,9.0,1.32,True
T005938,2025-06-02,18,HH138,DEV0203,5.3,98.0,31.6,221.6,0.27,False
T005939,2025-06-03,13,HH003,DEV0004,37.8,100.0,24.76,117.4,0.61,False
T005940,2025-06-03,19,HH004,DEV0005,35.1,100.0,4.67,34.8,0.17,False
T005941,2025-06-03,18,HH013,DEV0017,27.1,96.7,3.69,25.6,0.7,False
T005942,2025-06-03,16,HH021,DEV0029,33.8,100.0,2.65,12.8,0.49,False
T005943,2025-06-03,18,HH022,DEV0031,8.1,78.8,14.35,98.0,0.54,False
T005944,2025-06-03,15,HH023,DEV0032,7.5,93.5,51.0,258.9,0.17,False
T005945,2025-06-03,14,HH031,DEV0046,18.2,100.0,42.52,198.9,0.3,False
T005946,2025-06-03,19,HH032,DEV0047,16.4,90.6,4.53,20.0,0.38,False
T005947,2025-06-03,19,HH033,DEV0048,11.8,91.2,5.08,23.9,0.22,False
T005948,2025-06-03,14,HH043,DEV0065,34.1,100.0,2.77,20.4,0.62,False
T005949,2025-06-03,14,HH044,DEV0066,10.7,87.6,24.06,112.5,0.54,False
T005950,2025-06-03,16,HH045,DEV0067,31.5,100.0,35.21,166.5,0.79,False
T005951,2025-06-03,15,HH046,DEV0068,23.6,100.0,35.91,181.5,0.09,False
T005952,2025-06-03,16,HH049,DEV0073,18.9,96.0,3.24,18.2,0.09,False
T005953,2025-06-03,14,HH052,DEV0076,28.9,99.1,3.16,13.8,0.37,False
T005954,2025-06-03,18,HH059,DEV0087,25.9,100.0,4.3,23.0,0.31,False
T005955,2025-06-03,15,HH063,DEV0093,7.3,83.8,21.96,98.0,0.44,False
T005956,2025-06-03,18,HH068,DEV0100,10.2,95.4,36.97,166.3,0.78,False
T005957,2025-06-03,15,HH069,DEV0101,12.7,100.0,48.19,285.7,0.24,False
T005958,2025-06-03,16,HH077,DEV0111,35.3,100.0,5.05,23.2,0.45,False
T005959,2025-06-03,19,HH078,DEV0113,6.3,81.0,3.96,25.4,0.62,False
T005960,2025-06-03,19,HH079,DEV0115,37.4,100.0,30.8,174.3,0.16,False
T005961,2025-06-03,18,HH082,DEV0121,16.1,100.0,36.24,183.2,0.66,False
T005962,2025-06-03,19,HH084,DEV0123,15.9,91.5,3.78,19.4,0.81,False
T005963,2025-06-03,15,HH086,DEV0125,25.5,100.0,2.61,13.2,0.27,False
T005964,2025-06-03,19,HH090,DEV0132,29.6,100.0,40.9,245.2,0.75,False
T005965,2025-06-03,13,HH097,DEV0141,35.6,100.0,3.35,15.4,0.31,False
T005966,2025-06-03,15,HH098,DEV0143,35.4,100.0,3.68,22.3,0.48,False
T005967,2025-06-03,13,HH099,DEV0144,30.7,100.0,5.34,34.5,0.36,False
T005968,2025-06-03,18,HH103,DEV0149,39.6,100.0,2.6,12.0,0.82,False
T005969,2025-06-03,17,HH104,DEV0150,13.5,100.0,28.46,132.5,0.28,False
T005970,2025-06-03,17,HH107,DEV0154,14.6,100.0,2.82,18.2,0.24,False
T005971,2025-06-03,18,HH108,DEV0155,7.7,83.7,34.14,209.5,0.49,False
T005972,2025-06-03,17,HH112,DEV0163,36.2,100.0,21.5,137.4,0.29,False
T005973,2025-06-03,14,HH115,DEV0169,34.3,100.0,26.54,154.9,0.8,False
T005974,2025-06-03,18,HH117,DEV0171,12.5,94.7,2.96,13.9,0.42,False
T005975,2025-06-03,14,HH120,DEV0176,24.7,100.0,4.82,22.7,0.36,False
T005976,2025-06-03,12,HH121,DEV0178,16.4,100.0,37.12,177.5,0.47,False
T005977,2025-06-03,15,HH126,DEV0184,9.5,90.0,6.12,28.4,0.32,False
T005978,2025-06-03,17,HH128,DEV0187,18.7,100.0,3.41,15.6,0.16,False
T005979,2025-06-03,16,HH131,DEV0190,8.4,87.8,3.73,18.8,0.3,False
T005980,2025-06-03,18,HH136,DEV0199,8.4,84.3,34.97,176.9,0.34,False
T005981,2025-06-03,13,HH138,DEV0203,35.7,100.0,21.93,102.9,0.2,False
T005982,2025-06-04,15,HH002,DEV0003,16.7,88.0,3.99,23.4,0.46,False
T005983,2025-06-04,17,HH003,DEV0004,10.7,86.1,29.99,141.7,0.72,False
T005984,2025-06-04,13,HH006,DEV0007,7.1,82.8,15.59,100.3,0.8,False
T005985,2025-06-04,16,HH007,DEV0009,5.1,89.1,20.82,120.1,0.23,False
T005986,2025-06-04,10,HH011,DEV0015,20.3,100.0,47.5,231.8,0.61,False
T005987,2025-06-04,18,HH015,DEV0020,9.2,84.6,2.56,15.2,0.57,False
T005988,2025-06-04,18,HH021,DEV0029,17.8,100.0,3.29,17.8,0.44,False
T005989,2025-06-04,16,HH022,DEV0031,12.5,89.7,15.67,80.7,0.37,False
T005990,2025-06-04,19,HH024,DEV0035,25.2,100.0,40.92,184.1,0.67,False
T005991,2025-06-04,15,HH025,DEV0036,7.1,83.7,4.44,23.3,0.5,False
T005992,2025-06-04,19,HH032,DEV0047,13.8,97.4,5.1,29.1,0.43,False
T005993,2025-06-04,15,HH036,DEV0052,20.7,100.0,5.87,31.3,0.45,False
T005994,2025-06-04,12,HH037,DEV0053,26.9,100.0,3.44,20.4,0.6,False
T005995,2025-06-04,19,HH041,DEV0060,27.9,100.0,3.68,22.8,0.14,False
T005996,2025-06-04,14,HH042,DEV0062,5.3,81.6,22.44,128.0,0.34,False
T005997,2025-06-04,16,HH044,DEV0066,8.0,96.5,27.7,134.6,0.65,False
T005998,2025-06-04,16,HH052,DEV0077,17.5,100.0,4.21,31.0,0.29,False
T005999,2025-06-04,18,HH055,DEV0081,22.8,100.0,3.24,18.3,0.79,False
T006000,2025-06-04,17,HH057,DEV0085,26.7,100.0,5.57,30.1,0.54,False
T006001,2025-06-04,19,HH058,DEV0086,14.8,99.2,3.04,14.2,0.48,False
T006002,2025-06-04,15,HH059,DEV0087,13.6,93.0,4.6,33.3,0.19,False
T006003,2025-06-04,15,HH060,DEV0089,39.8,100.0,15.95,73.7,0.95,False
T006004,2025-06-04,18,HH063,DEV0093,9.2,91.1,23.5,148.8,0.47,False
T006005,2025-06-04,13,HH064,DEV0095,22.6,100.0,2.4,11.8,0.73,False
T006006,2025-06-04,16,HH069,DEV0101,28.5,100.0,39.47,214.1,0.23,False
T006007,2025-06-04,18,HH072,DEV0104,11.2,93.1,24.0,156.7,0.08,False
T006008,2025-06-04,16,HH073,DEV0106,38.2,100.0,3.96,24.5,0.27,False
T006009,2025-06-04,15,HH074,DEV0108,38.7,100.0,3.43,17.3,0.19,False
T006010,2025-06-04,19,HH075,DEV0109,27.1,100.0,29.74,147.9,0.42,False
T006011,2025-06-04,18,HH076,DEV0110,30.3,100.0,24.95,162.8,0.74,False
T006012,2025-06-04,16,HH083,DEV0122,28.6,100.0,27.63,146.5,0.33,False
T006013,2025-06-04,16,HH084,DEV0123,6.6,87.8,4.06,18.7,0.77,False
T006014,2025-06-04,15,HH090,DEV0131,12.0,87.8,42.52,232.3,0.87,False
T006015,2025-06-04,15,HH099,DEV0144,30.2,100.0,5.37,34.7,0.27,False
T006016,2025-06-04,14,HH100,DEV0146,16.4,100.0,4.77,32.7,0.19,False
T006017,2025-06-04,14,HH101,DEV0147,28.5,100.0,2.57,17.4,0.05,False
T006018,2025-06-04,15,HH102,DEV0148,20.6,97.2,20.3,150.6,0.92,False
T006019,2025-06-04,14,HH105,DEV0151,25.7,100.0,3.72,23.2,0.19,False
T006020,2025-06-04,16,HH106,DEV0152,30.7,100.0,36.52,254.5,0.19,False
T006021,2025-06-04,19,HH108,DEV0155,15.4,90.1,33.54,159.7,0.44,False
T006022,2025-06-04,11,HH109,DEV0157,24.8,99.7,4.65,21.3,0.38,False
T006023,2025-06-04,16,HH113,DEV0164,30.2,100.0,15.08,86.0,0.28,False
T006024,2025-06-04,15,HH118,DEV0172,36.0,100.0,29.76,143.1,0.17,False
T006025,2025-06-04,14,HH123,DEV0180,22.0,100.0,16.3,89.2,0.26,False
T006026,2025-06-04,18,HH125,DEV0183,25.0,100.0,4.05,17.6,0.22,False
T006027,2025-06-04,13,HH127,DEV0185,38.5,100.0,36.35,192.1,0.28,False
T006028,2025-06-04,15,HH133,DEV0193,25.7,100.0,2.82,13.6,0.13,False
T006029,2025-06-04,18,HH140,DEV0206,27.3,100.0,18.76,132.5,0.36,False
T006030,2025-06-05,14,HH002,DEV0003,25.0,100.0,4.2,21.1,0.72,False
T006031,2025-06-05,17,HH003,DEV0004,27.4,100.0,28.89,128.8,0.63,False
T006032,2025-06-05,16,HH004,DEV0005,25.6,100.0,5.36,33.5,0.25,False
T006033,2025-06-05,15,HH008,DEV0012,29.1,100.0,4.4,23.4,1.08,False
T006034,2025-06-05,18,HH010,DEV0014,28.6,100.0,42.55,241.7,0.26,False
T006035,2025-06-05,17,HH017,DEV0023,31.2,100.0,3.92,28.1,0.41,False
T006036,2025-06-05,17,HH018,DEV0025,18.1,87.6,27.94,126.3,0.44,False
T006037,2025-06-05,16,HH022,DEV0030,8.1,99.6,4.12,25.9,0.41,False
T006038,2025-06-05,17,HH023,DEV0033,14.8,86.2,27.91,199.7,0.18,False
T006039,2025-06-05,13,HH028,DEV0040,17.1,97.5,31.04,135.6,0.36,False
T006040,2025-06-05,16,HH029,DEV0043,8.6,89.3,42.71,205.1,0.44,False
T006041,2025-06-05,14,HH034,DEV0049,12.4,99.2,6.51,46.0,0.27,False
T006042,2025-06-05,19,HH036,DEV0052,27.3,100.0,5.38,24.8,0.39,False
T006043,2025-06-05,17,HH050,DEV0074,31.7,100.0,3.14,14.8,0.29,False
T006044,2025-06-05,19,HH052,DEV0076,13.5,98.0,3.8,22.1,0.41,False
T006045,2025-06-05,16,HH055,DEV0080,32.2,100.0,20.61,150.4,0.73,False
T006046,2025-06-05,19,HH065,DEV0097,14.3,100.0,6.43,28.2,0.6,False
T006047,2025-06-05,19,HH068,DEV0100,32.9,100.0,29.12,133.1,0.83,False
T006048,2025-06-05,13,HH070,DEV0102,13.7,52.5,1.28,6.0,0.16,True
T006049,2025-06-05,16,HH073,DEV0106,37.6,100.0,3.99,17.4,0.2,False
T006050,2025-06-05,19,HH076,DEV0110,35.7,100.0,23.02,157.6,0.47,False
T006051,2025-06-05,13,HH081,DEV0118,19.8,97.4,16.22,80.9,0.82,False
T006052,2025-06-05,17,HH083,DEV0122,11.6,96.2,32.76,235.7,0.25,False
T006053,2025-06-05,17,HH085,DEV0124,32.9,100.0,22.55,118.3,0.11,False
T006054,2025-06-05,19,HH086,DEV0126,38.3,100.0,19.19,120.7,0.39,False
T006055,2025-06-05,17,HH094,DEV0136,34.7,100.0,32.26,176.2,0.17,False
T006056,2025-06-05,12,HH096,DEV0140,36.6,100.0,4.56,20.6,0.16,False
T006057,2025-06-05,16,HH098,DEV0142,19.6,100.0,44.22,257.0,0.56,False
T006058,2025-06-05,18,HH099,DEV0144,33.3,100.0,5.14,26.3,0.36,False
T006059,2025-06-05,19,HH100,DEV0145,32.0,100.0,27.68,180.2,0.22,False
T006060,2025-06-05,14,HH102,DEV0148,9.4,88.6,20.98,116.9,1.1,False
T006061,2025-06-05,16,HH103,DEV0149,14.0,90.9,3.31,14.3,0.9,False
T006062,2025-06-05,13,HH109,DEV0156,10.9,100.0,6.77,41.7,0.47,False
T006063,2025-06-05,16,HH113,DEV0165,14.5,91.5,5.78,28.2,0.51,False
T006064,2025-06-05,17,HH114,DEV0168,20.3,93.1,26.27,194.0,0.62,False
T006065,2025-06-05,14,HH115,DEV0169,11.2,94.0,33.47,156.6,0.44,False
T006066,2025-06-05,15,HH120,DEV0176,11.5,88.7,4.94,29.1,0.36,False
T006067,2025-06-05,17,HH121,DEV0177,12.7,94.9,4.69,22.8,0.59,False
T006068,2025-06-05,19,HH123,DEV0180,14.0,99.5,17.86,118.9,0.26,False
T006069,2025-06-05,15,HH125,DEV0182,30.3,100.0,22.93,113.2,0.42,False
T006070,2025-06-05,16,HH127,DEV0185,39.7,100.0,35.64,203.7,0.25,False
T006071,2025-06-05,17,HH132,DEV0191,23.9,99.7,19.34,131.6,0.41,False
T006072,2025-06-05,14,HH137,DEV0200,38.5,100.0,2.15,12.6,1.31,False
T006073,2025-06-06,19,HH003,DEV0004,24.3,100.0,30.13,141.0,0.57,False
T006074,2025-06-06,19,HH004,DEV0005,6.7,87.6,5.83,25.8,0.21,False
T006075,2025-06-06,19,HH009,DEV0013,23.9,100.0,4.26,20.2,0.28,False
T006076,2025-06-06,19,HH013,DEV0017,31.8,100.0,3.61,27.0,0.74,False
T006077,2025-06-06,16,HH015,DEV0020,26.6,99.6,2.48,13.9,0.4,False
T006078,2025-06-06,19,HH016,DEV0021,11.4,92.3,36.82,257.0,0.39,False
T006079,2025-06-06,11,HH017,DEV0023,7.0,76.5,3.96,19.1,0.65,False
T006080,2025-06-06,13,HH022,DEV0031,33.3,100.0,13.54,66.4,0.57,False
T006081,2025-06-06,11,HH023,DEV0032,14.8,99.1,49.98,316.8,0.16,False
T006082,2025-06-06,16,HH026,DEV0038,15.1,90.1,37.48,183.6,0.34,False
T006083,2025-06-06,16,HH027,DEV0039,33.2,100.0,2.14,12.8,0.28,False
T006084,2025-06-06,15,HH033,DEV0048,33.0,100.0,4.29,26.5,0.32,False
T006085,2025-06-06,17,HH037,DEV0053,36.0,100.0,3.01,13.6,0.64,False
T006086,2025-06-06,15,HH042,DEV0063,20.1,96.1,5.7,32.2,0.33,False
T006087,2025-06-06,17,HH047,DEV0070,19.7,100.0,19.35,114.5,0.15,False
T006088,2025-06-06,19,HH049,DEV0073,13.3,90.9,3.26,23.5,0.11,False
T006089,2025-06-06,15,HH056,DEV0083,34.3,76.9,9.34,44.5,0.6,True
T006090,2025-06-06,19,HH057,DEV0084,7.2,97.3,2.88,13.6,0.74,False
T006091,2025-06-06,15,HH058,DEV0086,16.2,85.6,2.5,12.2,0.47,False
T006092,2025-06-06,19,HH062,DEV0092,38.9,100.0,19.98,92.8,0.32,False
T006093,2025-06-06,17,HH065,DEV0097,23.4,99.6,5.72,29.5,0.77,False
T006094,2025-06-06,15,HH067,DEV0099,12.5,84.4,5.75,28.6,0.67,False
T006095,2025-06-06,18,HH068,DEV0100,31.0,100.0,29.95,151.8,0.69,False
T006096,2025-06-06,12,HH073,DEV0106,16.1,91.8,4.85,29.4,0.29,False
T006097,2025-06-06,18,HH074,DEV0107,5.1,97.4,46.41,255.4,0.37,False
T006098,2025-06-06,17,HH075,DEV0109,9.7,89.1,32.4,212.4,0.33,False
T006099,2025-06-06,17,HH082,DEV0121,11.5,91.8,34.68,164.7,0.75,False
T006100,2025-06-06,14,HH084,DEV0123,13.7,100.0,4.31,19.4,0.52,False
T006101,2025-06-06,11,HH085,DEV0124,25.3,100.0,25.1,114.1,0.09,False
T006102,2025-06-06,17,HH087,DEV0128,10.5,94.1,2.67,16.0,0.31,False
T006103,2025-06-06,19,HH088,DEV0129,6.8,79.2,33.37,176.1,0.29,False
T006104,2025-06-06,17,HH089,DEV0130,21.7,98.5,3.45,15.1,0.1,False
T006105,2025-06-06,16,HH090,DEV0131,37.5,100.0,35.06,163.6,0.73,False
T006106,2025-06-06,17,HH091,DEV0133,26.1,100.0,3.33,22.9,0.48,False
T006107,2025-06-06,18,HH092,DEV0134,26.4,99.8,32.81,149.8,0.3,False
T006108,2025-06-06,17,HH094,DEV0136,20.8,99.7,38.99,232.7,0.16,False
T006109,2025-06-06,18,HH097,DEV0141,17.6,100.0,4.28,19.6,0.48,False
T006110,2025-06-06,19,HH099,DEV0144,33.6,100.0,5.11,25.4,0.18,False
T006111,2025-06-06,19,HH100,DEV0146,16.6,100.0,4.75,25.0,0.18,False
T006112,2025-06-06,15,HH102,DEV0148,13.2,90.6,20.51,132.3,0.89,False
T006113,2025-06-06,17,HH104,DEV0150,26.9,100.0,24.05,123.9,0.23,False
T006114,2025-06-06,18,HH106,DEV0152,24.4,99.4,39.51,234.3,0.13,False
T006115,2025-06-06,16,HH109,DEV0157,39.9,100.0,3.73,21.7,0.49,False
T006116,2025-06-06,19,HH110,DEV0158,5.8,81.5,2.5,12.7,0.38,False
T006117,2025-06-06,11,HH111,DEV0161,36.5,100.0,4.19,20.9,0.44,False
T006118,2025-06-06,14,HH118,DEV0172,20.5,100.0,36.97,197.3,0.25,False
T006119,2025-06-06,13,HH121,DEV0177,39.5,100.0,3.45,24.5,0.48,False
T006120,2025-06-06,8,HH122,DEV0179,10.8,98.7,28.84,131.6,0.45,False
T006121,2025-06-06,19,HH125,DEV0183,7.5,95.6,4.76,30.8,0.23,False
T006122,2025-06-06,15,HH130,DEV0189,30.1,100.0,4.96,26.5,0.2,False
T006123,2025-06-06,13,HH138,DEV0203,20.5,100.0,27.11,168.5,0.24,False
T006124,2025-06-06,17,HH140,DEV0206,15.7,100.0,21.75,104.4,0.38,False
T006125,2025-06-07,18,HH001,DEV0001,18.4,100.0,28.07,129.1,0.25,False
T006126,2025-06-07,14,HH006,DEV0007,25.9,100.0,15.26,68.5,0.75,False
T006127,2025-06-07,12,HH009,DEV0013,9.9,95.6,4.8,23.3,0.28,False
T006128,2025-06-07,17,HH011,DEV0015,30.6,100.0,41.36,204.8,0.54,False
T006129,2025-06-07,15,HH012,DEV0016,39.1,74.9,1.22,8.7,0.07,True
T006130,2025-06-07,14,HH014,DEV0019,24.2,100.0,3.41,24.5,0.34,False
T006131,2025-06-07,19,HH015,DEV0020,11.6,99.1,2.98,13.4,0.32,False
T006132,2025-06-07,16,HH022,DEV0031,21.8,99.2,15.71,75.3,0.36,False
T006133,2025-06-07,16,HH025,DEV0037,34.1,100.0,38.75,267.4,0.43,False
T006134,2025-06-07,19,HH026,DEV0038,16.0,96.5,40.26,194.0,0.21,False
T006135,2025-06-07,19,HH030,DEV0044,23.3,100.0,2.68,12.7,0.1,False
T006136,2025-06-07,16,HH034,DEV0049,15.9,99.5,6.27,39.4,0.26,False
T006137,2025-06-07,14,HH036,DEV0052,23.2,100.0,5.68,33.7,0.49,False
T006138,2025-06-07,19,HH037,DEV0053,11.8,98.7,4.08,28.2,0.76,False
T006139,2025-06-07,18,HH040,DEV0059,14.0,91.7,2.41,17.4,0.64,False
T006140,2025-06-07,14,HH042,DEV0063,20.2,100.0,5.98,42.1,0.31,False
T006141,2025-06-07,19,HH045,DEV0067,29.6,100.0,36.19,180.6,1.01,False
T006142,2025-06-07,18,HH046,DEV0068,33.7,100.0,31.16,182.9,0.1,False
T006143,2025-06-07,12,HH056,DEV0083,34.8,72.9,8.35,41.1,0.47,True
T006144,2025-06-07,18,HH060,DEV0088,22.0,100.0,5.69,25.1,0.53,False
T006145,2025-06-07,12,HH063,DEV0093,12.9,98.2,24.49,153.1,0.32,False
T006146,2025-06-07,16,HH070,DEV0102,19.4,51.1,1.04,7.5,0.29,True
T006147,2025-06-07,19,HH073,DEV0105,35.9,100.0,3.91,17.9,0.22,False
T006148,2025-06-07,12,HH076,DEV0110,35.0,100.0,23.27,119.4,0.51,False
T006149,2025-06-07,16,HH077,DEV0112,29.3,100.0,5.16,22.9,0.46,False
T006150,2025-06-07,16,HH080,DEV0116,10.6,93.5,6.22,39.4,0.73,False
T006151,2025-06-07,16,HH082,DEV0121,39.3,100.0,26.22,188.3,0.41,False
T006152,2025-06-07,16,HH092,DEV0134,32.6,100.0,30.13,185.7,0.31,False
T006153,2025-06-07,16,HH096,DEV0140,30.9,100.0,4.98,30.9,0.15,False
T006154,2025-06-07,10,HH098,DEV0143,33.0,100.0,3.82,17.5,0.5,False
T006155,2025-06-07,19,HH108,DEV0155,33.9,100.0,29.68,127.3,0.4,False
T006156,2025-06-07,11,HH111,DEV0161,10.8,94.3,5.51,27.9,0.33,False
T006157,2025-06-07,19,HH115,DEV0169,36.3,100.0,25.73,172.7,0.51,False
T006158,2025-06-07,19,HH119,DEV0175,33.3,100.0,16.81,72.2,0.27,False
T006159,2025-06-07,19,HH120,DEV0176,12.3,86.4,4.74,21.3,0.46,False
T006160,2025-06-07,19,HH124,DEV0181,37.1,100.0,27.93,138.0,0.66,False
T006161,2025-06-07,15,HH131,DEV0190,23.5,100.0,3.6,18.3,0.39,False
T006162,2025-06-07,12,HH134,DEV0197,16.0,100.0,20.58,121.9,0.19,False
T006163,2025-06-07,14,HH140,DEV0206,12.2,89.8,20.03,98.6,0.58,False
T006164,2025-06-08,18,HH003,DEV0004,29.8,100.0,27.94,202.7,0.52,False
T006165,2025-06-08,19,HH009,DEV0013,22.1,100.0,4.36,18.9,0.29,False
T006166,2025-06-08,19,HH010,DEV0014,39.9,100.0,35.82,195.6,0.33,False
T006167,2025-06-08,12,HH012,DEV0016,24.5,65.3,1.39,6.6,0.08,True
T006168,2025-06-08,15,HH013,DEV0018,33.0,100.0,5.03,30.1,0.64,False
T006169,2025-06-08,19,HH015,DEV0020,13.2,94.6,2.77,18.7,0.33,False
T006170,2025-06-08,15,HH017,DEV0023,32.0,100.0,3.88,25.1,0.49,False
T006171,2025-06-08,11,HH018,DEV0024,24.0,100.0,5.17,26.5,0.46,False
T006172,2025-06-08,15,HH021,DEV0028,14.5,100.0,23.17,173.2,0.28,False
T006173,2025-06-08,19,HH022,DEV0031,7.5,96.0,17.96,111.2,0.34,False
T006174,2025-06-08,14,HH027,DEV0039,31.4,100.0,2.2,11.6,0.2,False
T006175,2025-06-08,19,HH035,DEV0050,12.8,92.2,26.91,115.4,0.5,False
T006176,2025-06-08,16,HH038,DEV0055,5.1,79.2,2.74,18.0,0.75,False
T006177,2025-06-08,19,HH039,DEV0058,9.2,83.7,3.58,18.2,0.63,False
T006178,2025-06-08,19,HH041,DEV0060,21.0,100.0,4.03,18.7,0.14,False
T006179,2025-06-08,19,HH043,DEV0065,22.7,94.5,3.02,16.9,0.47,False
T006180,2025-06-08,16,HH048,DEV0071,19.6,100.0,32.56,226.7,0.06,False
T006181,2025-06-08,15,HH050,DEV0074,19.3,99.9,3.71,16.6,0.54,False
T006182,2025-06-08,14,HH051,DEV0075,8.7,81.0,3.54,22.8,0.55,False
T006183,2025-06-08,18,HH057,DEV0085,20.9,100.0,6.01,28.7,0.76,False
T006184,2025-06-08,12,HH058,DEV0086,39.7,100.0,2.17,13.4,0.4,False
T006185,2025-06-08,17,HH059,DEV0087,11.9,95.2,4.83,27.2,0.18,False
T006186,2025-06-08,18,HH061,DEV0091,27.4,100.0,4.36,23.5,0.67,False
T006187,2025-06-08,14,HH063,DEV0094,24.6,95.8,2.42,11.7,0.4,False
T006188,2025-06-08,18,HH065,DEV0096,15.5,91.4,37.58,167.3,0.87,False
T006189,2025-06-08,15,HH067,DEV0099,35.3,100.0,5.18,23.2,0.53,False
T006190,2025-06-08,16,HH069,DEV0101,28.2,100.0,39.63,228.9,0.29,False
T006191,2025-06-08,15,HH071,DEV0103,22.8,100.0,4.86,33.8,0.49,False
T006192,2025-06-08,16,HH077,DEV0112,29.1,100.0,5.18,32.0,0.43,False
T006193,2025-06-08,19,HH082,DEV0120,14.0,99.3,3.92,18.3,0.73,False
T006194,2025-06-08,14,HH083,DEV0122,10.4,91.6,31.43,157.2,0.26,False
T006195,2025-06-08,19,HH084,DEV0123,23.2,100.0,3.84,19.9,0.66,False
T006196,2025-06-08,18,HH091,DEV0133,22.1,100.0,3.51,25.8,0.41,False
T006197,2025-06-08,15,HH092,DEV0134,19.1,95.9,34.33,201.6,0.42,False
T006198,2025-06-08,17,HH097,DEV0141,35.2,100.0,3.37,16.3,0.46,False
T006199,2025-06-08,18,HH107,DEV0154,9.2,97.3,2.91,17.5,0.31,False
T006200,2025-06-08,15,HH109,DEV0156,24.2,100.0,5.76,34.6,0.58,False
T006201,2025-06-08,15,HH112,DEV0163,30.7,100.0,23.35,109.4,0.34,False
T006202,2025-06-08,19,HH113,DEV0164,7.9,93.2,18.42,102.6,0.35,False
T006203,2025-06-08,19,HH115,DEV0169,5.4,81.7,30.81,159.1,0.6,False
T006204,2025-06-08,19,HH117,DEV0171,35.5,100.0,2.32,12.1,0.41,False
T006205,2025-06-08,17,HH119,DEV0174,8.2,89.2,24.23,134.2,0.3,False
T006206,2025-06-08,19,HH121,DEV0178,9.0,92.8,37.21,160.8,0.69,False
T006207,2025-06-08,17,HH122,DEV0179,7.2,79.0,23.56,108.9,0.57,False
T006208,2025-06-08,16,HH125,DEV0182,29.3,100.0,23.26,107.5,0.37,False
T006209,2025-06-08,16,HH126,DEV0184,38.5,100.0,4.67,25.8,0.3,False
T006210,2025-06-08,15,HH128,DEV0187,15.0,88.9,3.11,13.7,0.12,False
T006211,2025-06-08,14,HH130,DEV0189,15.0,100.0,6.03,32.9,0.19,False
T006212,2025-06-08,19,HH131,DEV0190,25.0,100.0,3.53,22.0,0.5,False
T006213,2025-06-08,13,HH135,DEV0198,20.4,100.0,4.62,32.8,0.17,False
T006214,2025-06-08,12,HH137,DEV0202,6.6,54.0,2.42,10.5,1.2,True
T006215,2025-06-08,17,HH139,DEV0204,6.1,82.1,27.9,153.9,0.25,False
T006216,2025-06-08,10,HH140,DEV0206,15.3,99.7,21.77,127.4,0.56,False
T006217,2025-06-09,14,HH002,DEV0002,11.3,96.6,48.43,321.7,0.67,False
T006218,2025-06-09,16,HH003,DEV0004,28.7,100.0,28.38,153.4,0.64,False
T006219,2025-06-09,16,HH007,DEV0008,22.9,100.0,2.93,14.3,0.22,False
T006220,2025-06-09,18,HH010,DEV0014,9.0,97.3,52.61,225.5,0.33,False
T006221,2025-06-09,17,HH012,DEV0016,36.8,73.2,1.24,5.8,0.07,True
T006222,2025-06-09,19,HH013,DEV0017,25.8,97.9,3.82,23.8,0.93,False
T006223,2025-06-09,11,HH015,DEV0020,11.7,83.5,2.44,11.4,0.37,False
T006224,2025-06-09,19,HH019,DEV0026,11.0,89.6,26.42,131.3,0.21,False
T006225,2025-06-09,13,HH022,DEV0031,19.0,100.0,16.44,116.4,0.35,False
T006226,2025-06-09,19,HH025,DEV0037,7.9,95.6,51.54,370.1,0.54,False
T006227,2025-06-09,17,HH026,DEV0038,11.9,89.6,38.86,166.7,0.34,False
T006228,2025-06-09,19,HH031,DEV0046,5.6,84.9,41.22,278.1,0.36,False
T006229,2025-06-09,14,HH034,DEV0049,34.3,100.0,4.93,24.7,0.19,False
T006230,2025-06-09,13,HH035,DEV0050,13.6,96.9,28.24,138.6,0.38,False
T006231,2025-06-09,19,HH036,DEV0052,8.7,89.9,6.01,30.6,0.61,False
T006232,2025-06-09,17,HH038,DEV0054,33.3,100.0,21.28,92.2,0.57,False
T006233,2025-06-09,16,HH039,DEV0057,27.1,100.0,5.54,24.3,0.92,False
T006234,2025-06-09,18,HH044,DEV0066,37.7,100.0,19.5,108.7,0.63,False
T006235,2025-06-09,19,HH045,DEV0067,12.9,93.5,41.41,232.7,0.97,False
T006236,2025-06-09,17,HH050,DEV0074,27.2,100.0,3.35,15.9,0.33,False
T006237,2025-06-09,17,HH052,DEV0077,36.6,100.0,3.23,17.8,0.33,False
T006238,2025-06-09,19,HH055,DEV0080,21.5,97.6,23.14,161.8,0.71,False
T006239,2025-06-09,15,HH056,DEV0082,18.9,89.4,3.32,16.7,0.37,False
T006240,2025-06-09,14,HH058,DEV0086,32.3,100.0,2.44,16.0,0.43,False
T006241,2025-06-09,19,HH059,DEV0087,23.7,100.0,4.43,30.4,0.23,False
T006242,2025-06-09,15,HH069,DEV0101,22.3,100.0,42.89,211.0,0.23,False
T006243,2025-06-09,12,HH073,DEV0106,29.2,100.0,4.53,19.7,0.22,False
T006244,2025-06-09,12,HH075,DEV0109,15.3,100.0,34.56,237.6,0.43,False
T006245,2025-06-09,17,HH078,DEV0113,7.3,95.2,4.66,34.6,0.88,False
T006246,2025-06-09,19,HH082,DEV0120,17.8,93.1,3.46,15.1,0.86,False
T006247,2025-06-09,17,HH084,DEV0123,36.4,100.0,3.18,15.6,0.72,False
T006248,2025-06-09,16,HH085,DEV0124,36.5,100.0,21.34,117.0,0.08,False
T006249,2025-06-09,10,HH088,DEV0129,31.5,100.0,31.58,154.6,0.3,False
T006250,2025-06-09,19,HH090,DEV0132,15.7,90.7,43.55,262.2,0.75,False
T006251,2025-06-09,17,HH097,DEV0141,6.1,96.7,4.71,30.5,0.42,False
T006252,2025-06-09,18,HH100,DEV0146,9.9,95.0,4.85,29.9,0.26,False
T006253,2025-06-09,19,HH103,DEV0149,26.6,100.0,3.16,18.5,0.82,False
T006254,2025-06-09,17,HH105,DEV0151,6.2,82.0,3.79,26.7,0.19,False
T006255,2025-06-09,19,HH106,DEV0152,9.5,88.7,41.74,307.5,0.19,False
T006256,2025-06-09,19,HH108,DEV0155,6.1,91.3,38.27,281.8,0.54,False
T006257,2025-06-09,15,HH112,DEV0163,33.0,100.0,22.58,136.5,0.26,False
T006258,2025-06-09,19,HH113,DEV0164,10.8,93.4,17.85,78.9,0.49,False
T006259,2025-06-09,19,HH116,DEV0170,20.6,98.3,26.17,134.3,0.95,False
T006260,2025-06-09,16,HH120,DEV0176,10.8,83.4,4.65,21.5,0.38,False
T006261,2025-06-09,14,HH130,DEV0189,25.2,100.0,5.31,31.2,0.17,False
T006262,2025-06-09,17,HH138,DEV0203,9.5,84.2,25.46,120.3,0.23,False
T006263,2025-06-09,12,HH139,DEV0204,19.1,100.0,29.69,182.7,0.23,False
T006264,2025-06-09,15,HH140,DEV0206,15.6,90.0,19.19,94.7,0.37,False
T006265,2025-06-10,16,HH003,DEV0004,31.7,100.0,27.18,125.5,0.48,False
T006266,2025-06-10,15,HH005,DEV0006,32.2,100.0,2.64,18.6,0.29,False
T006267,2025-06-10,16,HH007,DEV0008,22.0,94.0,2.74,12.6,0.33,False
T006268,2025-06-10,17,HH012,DEV0016,37.7,72.7,1.19,5.1,0.09,True
T006269,2025-06-10,19,HH023,DEV0032,35.1,100.0,38.49,217.0,0.15,False
T006270,2025-06-10,17,HH024,DEV0035,30.4,100.0,38.07,280.6,0.63,False
T006271,2025-06-10,15,HH030,DEV0044,8.0,98.5,3.17,18.7,0.08,False
T006272,2025-06-10,17,HH032,DEV0047,27.9,100.0,4.4,28.4,0.45,False
T006273,2025-06-10,16,HH033,DEV0048,5.2,87.4,5.26,32.2,0.2,False
T006274,2025-06-10,17,HH035,DEV0050,37.5,100.0,21.19,138.1,0.41,False
T006275,2025-06-10,18,HH041,DEV0060,36.3,100.0,3.25,19.8,0.17,False
T006276,2025-06-10,18,HH042,DEV0061,15.4,99.1,34.84,160.3,0.45,False
T006277,2025-06-10,16,HH048,DEV0071,29.2,100.0,28.67,129.1,0.09,False
T006278,2025-06-10,18,HH049,DEV0073,39.5,100.0,2.54,12.6,0.09,False
T006279,2025-06-10,19,HH051,DEV0075,20.1,100.0,3.92,16.8,0.47,False
T006280,2025-06-10,16,HH053,DEV0078,27.1,100.0,14.58,82.2,0.22,False
T006281,2025-06-10,14,HH056,DEV0082,10.4,88.9,3.69,16.0,0.4,False
T006282,2025-06-10,14,HH057,DEV0084,13.0,86.1,2.34,10.9,0.51,False
T006283,2025-06-10,14,HH063,DEV0094,34.1,100.0,2.24,11.0,0.45,False
T006284,2025-06-10,12,HH065,DEV0096,32.7,100.0,33.31,155.8,0.57,False
T006285,2025-06-10,13,HH067,DEV0099,21.6,97.9,6.1,27.8,0.79,False
T006286,2025-06-10,15,HH068,DEV0100,33.1,100.0,29.03,133.5,0.62,False
T006287,2025-06-10,15,HH069,DEV0101,35.1,100.0,35.82,245.5,0.29,False
T006288,2025-06-10,15,HH070,DEV0102,27.1,76.2,1.62,12.0,0.2,True
T006289,2025-06-10,16,HH072,DEV0104,28.8,100.0,20.86,95.3,0.07,False
T006290,2025-06-10,19,HH074,DEV0107,13.2,97.2,42.26,228.7,0.21,False
T006291,2025-06-10,15,HH078,DEV0114,21.5,97.7,26.81,171.2,0.77,False
T006292,2025-06-10,17,HH080,DEV0116,11.5,96.3,6.36,27.8,0.53,False
T006293,2025-06-10,16,HH083,DEV0122,33.5,100.0,25.74,171.2,0.39,False
T006294,2025-06-10,14,HH089,DEV0130,7.7,77.9,3.16,16.2,0.14,False
T006295,2025-06-10,13,HH091,DEV0133,36.3,100.0,2.87,13.8,0.53,False
T006296,2025-06-10,16,HH092,DEV0134,30.4,100.0,31.11,190.9,0.33,False
T006297,2025-06-10,19,HH093,DEV0135,36.5,100.0,2.73,13.4,0.38,False
T006298,2025-06-10,16,HH094,DEV0137,7.0,100.0,4.56,26.8,0.21,False
T006299,2025-06-10,16,HH095,DEV0138,10.4,85.8,21.34,136.2,0.84,False
T006300,2025-06-10,15,HH100,DEV0146,14.2,90.2,4.33,22.1,0.25,False
T006301,2025-06-10,17,HH107,DEV0153,35.4,100.0,2.45,11.5,0.39,False
T006302,2025-06-10,17,HH111,DEV0161,32.0,100.0,4.49,29.3,0.63,False
T006303,2025-06-10,18,HH113,DEV0165,12.2,99.1,6.52,27.9,0.35,False
T006304,2025-06-10,17,HH118,DEV0173,18.8,98.1,3.65,22.3,0.22,False
T006305,2025-06-10,17,HH123,DEV0180,24.6,100.0,15.76,87.1,0.3,False
T006306,2025-06-10,18,HH126,DEV0184,21.6,100.0,5.96,35.4,0.27,False
T006307,2025-06-10,18,HH131,DEV0190,18.1,96.0,3.66,24.2,0.53,False
T006308,2025-06-10,19,HH133,DEV0193,6.3,93.6,3.32,17.2,0.14,False
T006309,2025-06-10,16,HH136,DEV0199,11.9,89.9,35.98,204.6,0.56,False
T006310,2025-06-10,18,HH139,DEV0205,13.7,100.0,5.78,36.5,0.31,False
T006311,2025-06-11,15,HH003,DEV0004,37.9,100.0,24.72,124.3,0.76,False
T006312,2025-06-11,19,HH004,DEV0005,32.4,100.0,4.87,28.7,0.2,False
T006313,2025-06-11,17,HH005,DEV0006,25.5,100.0,2.91,16.4,0.52,False
T006314,2025-06-11,17,HH006,DEV0007,37.9,100.0,12.79,68.4,0.54,False
T006315,2025-06-11,12,HH010,DEV0014,39.8,100.0,35.88,164.7,0.39,False
T006316,2025-06-11,18,HH012,DEV0016,11.0,59.1,1.64,12.0,0.08,True
T006317,2025-06-11,15,HH013,DEV0018,31.5,100.0,5.14,24.2,1.08,False
T006318,2025-06-11,16,HH017,DEV0022,35.2,100.0,14.45,102.0,0.52,False
T006319,2025-06-11,14,HH020,DEV0027,18.0,94.3,2.67,19.2,0.12,False
T006320,2025-06-11,17,HH022,DEV0031,34.7,100.0,13.26,61.5,0.5,False
T006321,2025-06-11,17,HH023,DEV0033,19.3,100.0,31.55,223.9,0.19,False
T006322,2025-06-11,14,HH025,DEV0036,15.1,97.9,4.8,24.0,0.3,False
T006323,2025-06-11,18,HH029,DEV0043,20.0,100.0,42.32,317.1,0.33,False
T006324,2025-06-11,19,HH033,DEV0048,9.9,93.3,5.33,37.1,0.21,False
T006325,2025-06-11,19,HH036,DEV0052,12.6,91.8,5.86,42.3,0.64,False
T006326,2025-06-11,15,HH037,DEV0053,25.1,100.0,3.52,21.0,0.45,False
T006327,2025-06-11,16,HH042,DEV0063,28.6,100.0,5.36,26.3,0.31,False
T006328,2025-06-11,15,HH049,DEV0073,26.1,100.0,3.1,15.9,0.09,False
T006329,2025-06-11,18,HH050,DEV0074,17.4,100.0,3.8,20.5,0.4,False
T006330,2025-06-11,19,HH052,DEV0077,35.3,100.0,3.3,23.1,0.39,False
T006331,2025-06-11,16,HH054,DEV0079,30.1,100.0,3.29,14.8,0.37,False
T006332,2025-06-11,16,HH058,DEV0086,33.6,100.0,2.39,17.0,0.43,False
T006333,2025-06-11,13,HH061,DEV0090,15.3,100.0,6.44,27.7,0.54,False
T006334,2025-06-11,9,HH066,DEV0098,39.7,78.6,2.53,14.8,0.36,True
T006335,2025-06-11,18,HH068,DEV0100,29.9,100.0,30.42,156.5,0.79,False
T006336,2025-06-11,16,HH069,DEV0101,34.3,100.0,36.27,216.9,0.23,False
T006337,2025-06-11,18,HH077,DEV0111,31.0,100.0,5.38,27.7,0.35,False
T006338,2025-06-11,16,HH079,DEV0115,32.6,100.0,33.16,170.1,0.22,False
T006339,2025-06-11,13,HH082,DEV0120,36.2,100.0,2.93,15.0,0.63,False
T006340,2025-06-11,15,HH083,DEV0122,6.8,85.7,30.53,160.4,0.3,False
T006341,2025-06-11,14,HH088,DEV0129,16.7,100.0,38.4,231.9,0.2,False
T006342,2025-06-11,18,HH090,DEV0131,34.2,100.0,36.91,241.2,0.91,False
T006343,2025-06-11,17,HH093,DEV0135,26.6,100.0,3.16,14.2,0.45,False
T006344,2025-06-11,13,HH096,DEV0140,32.2,100.0,4.88,24.4,0.11,False
T006345,2025-06-11,15,HH098,DEV0142,7.9,91.9,46.18,303.9,0.51,False
T006346,2025-06-11,19,HH106,DEV0152,36.8,100.0,33.31,199.4,0.26,False
T006347,2025-06-11,19,HH107,DEV0153,8.2,91.6,3.17,14.1,0.3,False
T006348,2025-06-11,17,HH108,DEV0155,5.6,82.9,34.69,229.6,0.68,False
T006349,2025-06-11,19,HH109,DEV0157,7.1,100.0,5.76,26.2,0.38,False
T006350,2025-06-11,13,HH110,DEV0158,16.5,100.0,2.76,18.0,0.29,False
T006351,2025-06-11,12,HH111,DEV0161,34.5,100.0,4.32,22.9,0.39,False
T006352,2025-06-11,17,HH116,DEV0170,31.9,100.0,22.95,110.1,0.86,False
T006353,2025-06-11,18,HH125,DEV0183,12.4,89.8,4.18,19.4,0.41,False
T006354,2025-06-11,17,HH128,DEV0187,31.7,100.0,2.87,19.5,0.13,False
T006355,2025-06-11,13,HH129,DEV0188,6.4,93.7,5.15,24.8,0.86,False
T006356,2025-06-11,17,HH133,DEV0195,18.4,100.0,18.6,126.4,0.16,False
T006357,2025-06-11,19,HH135,DEV0198,24.9,100.0,4.36,23.1,0.11,False
T006358,2025-06-11,14,HH136,DEV0199,9.4,82.7,33.79,153.7,0.43,False
T006359,2025-06-11,17,HH137,DEV0200,26.3,100.0,2.58,16.7,1.09,False
T006360,2025-06-11,19,HH140,DEV0206,9.9,85.7,19.57,84.7,0.58,False
T006361,2025-06-12,18,HH002,DEV0003,17.2,90.9,4.13,22.0,0.59,False
T006362,2025-06-12,13,HH005,DEV0006,15.4,100.0,3.3,23.1,0.59,False
T006363,2025-06-12,17,HH013,DEV0017,20.8,100.0,4.2,22.9,0.64,False
T006364,2025-06-12,16,HH015,DEV0020,34.1,100.0,2.24,12.2,0.43,False
T006365,2025-06-12,17,HH018,DEV0024,22.9,96.3,4.99,27.7,0.5,False
T006366,2025-06-12,18,HH019,DEV0026,17.3,100.0,27.79,149.6,0.27,False
T006367,2025-06-12,12,HH021,DEV0028,37.8,100.0,16.86,112.0,0.28,False
T006368,2025-06-12,19,HH023,DEV0033,29.1,100.0,27.72,155.8,0.2,False
T006369,2025-06-12,16,HH026,DEV0038,30.9,100.0,34.55,188.9,0.28,False
T006370,2025-06-12,19,HH029,DEV0043,27.2,100.0,38.51,220.8,0.4,False
T006371,2025-06-12,18,HH030,DEV0044,35.5,100.0,2.26,14.4,0.11,False
T006372,2025-06-12,16,HH035,DEV0050,20.3,100.0,27.02,177.3,0.51,False
T006373,2025-06-12,19,HH036,DEV0052,33.1,100.0,4.95,31.1,0.52,False
T006374,2025-06-12,14,HH037,DEV0053,20.0,96.5,3.6,18.8,0.6,False
T006375,2025-06-12,17,HH041,DEV0060,20.2,100.0,4.07,25.1,0.11,False
T006376,2025-06-12,15,HH043,DEV0064,37.1,100.0,29.0,174.4,0.41,False
T006377,2025-06-12,12,HH044,DEV0066,12.4,98.4,26.93,130.3,0.63,False
T006378,2025-06-12,17,HH045,DEV0067,33.0,100.0,34.44,196.7,0.89,False
T006379,2025-06-12,12,HH052,DEV0076,33.2,100.0,3.01,22.4,0.42,False
T006380,2025-06-12,13,HH053,DEV0078,8.1,90.3,16.45,72.7,0.18,False
T006381,2025-06-12,18,HH054,DEV0079,23.2,100.0,3.61,24.6,0.5,False
T006382,2025-06-12,16,HH055,DEV0081,29.1,100.0,2.98,18.2,0.72,False
T006383,2025-06-12,18,HH057,DEV0085,24.9,100.0,5.71,34.9,0.57,False
T006384,2025-06-12,14,HH061,DEV0090,15.9,100.0,6.39,45.2,0.5,False
T006385,2025-06-12,14,HH062,DEV0092,37.3,100.0,20.5,120.7,0.31,False
T006386,2025-06-12,14,HH066,DEV0098,19.3,56.8,2.44,11.3,0.41,True
T006387,2025-06-12,11,HH067,DEV0099,27.2,100.0,5.82,25.0,0.68,False
T006388,2025-06-12,19,HH069,DEV0101,11.9,96.2,46.52,223.3,0.15,False
T006389,2025-06-12,17,HH071,DEV0103,21.4,92.4,4.48,20.1,0.49,False
T006390,2025-06-12,17,HH074,DEV0107,35.2,100.0,32.59,153.2,0.26,False
T006391,2025-06-12,16,HH082,DEV0121,19.6,97.9,33.84,204.3,0.68,False
T006392,2025-06-12,17,HH084,DEV0123,29.6,100.0,3.52,17.0,0.75,False
T006393,2025-06-12,15,HH086,DEV0126,23.3,100.0,23.85,134.4,0.36,False
T006394,2025-06-12,18,HH087,DEV0128,6.4,89.0,2.64,13.2,0.28,False
T006395,2025-06-12,17,HH091,DEV0133,18.6,94.1,3.4,21.8,0.37,False
T006396,2025-06-12,13,HH093,DEV0135,8.3,94.1,3.69,18.7,0.35,False
T006397,2025-06-12,18,HH095,DEV0139,13.7,91.2,19.23,123.4,0.58,False
T006398,2025-06-12,13,HH098,DEV0142,24.6,100.0,41.47,223.7,0.61,False
T006399,2025-06-12,18,HH099,DEV0144,30.3,100.0,5.37,38.6,0.32,False
T006400,2025-06-12,17,HH100,DEV0145,7.7,88.9,33.06,198.1,0.19,False
T006401,2025-06-12,15,HH106,DEV0152,16.7,100.0,43.9,291.0,0.16,False
T006402,2025-06-12,14,HH114,DEV0168,33.1,100.0,24.15,106.7,0.58,False
T006403,2025-06-12,19,HH123,DEV0180,32.2,100.0,14.17,66.6,0.37,False
T006404,2025-06-12,19,HH126,DEV0184,36.8,100.0,4.8,21.7,0.26,False
T006405,2025-06-12,15,HH127,DEV0185,20.1,98.8,46.5,226.1,0.19,False
T006406,2025-06-12,16,HH132,DEV0191,23.0,100.0,19.64,91.4,0.33,False
T006407,2025-06-12,15,HH134,DEV0197,25.2,100.0,18.33,133.1,0.16,False
T006408,2025-06-12,19,HH137,DEV0201,32.1,100.0,40.13,210.0,1.19,False
T006409,2025-06-12,13,HH140,DEV0206,10.7,92.6,21.13,96.0,0.6,False
T006410,2025-06-13,18,HH001,DEV0001,7.7,88.6,27.84,144.7,0.3,False
T006411,2025-06-13,16,HH002,DEV0003,8.8,83.5,4.18,21.9,0.6,False
T006412,2025-06-13,17,HH004,DEV0005,35.0,100.0,4.68,34.8,0.24,False
T006413,2025-06-13,15,HH011,DEV0015,21.1,100.0,47.02,201.7,0.63,False
T006414,2025-06-13,16,HH013,DEV0017,19.0,100.0,4.29,24.0,0.81,False
T006415,2025-06-13,19,HH014,DEV0019,28.4,100.0,3.22,16.6,0.35,False
T006416,2025-06-13,19,HH017,DEV0022,35.6,100.0,14.36,65.4,0.45,False
T006417,2025-06-13,15,HH018,DEV0024,29.9,100.0,4.77,22.0,0.58,False
T006418,2025-06-13,18,HH019,DEV0026,25.2,100.0,25.13,118.0,0.3,False
T006419,2025-06-13,16,HH022,DEV0030,37.8,100.0,2.8,12.8,0.42,False
T006420,2025-06-13,17,HH023,DEV0033,22.0,100.0,30.5,173.7,0.14,False
T006421,2025-06-13,18,HH025,DEV0036,5.5,91.0,4.96,22.4,0.39,False
T006422,2025-06-13,15,HH026,DEV0038,17.0,100.0,41.5,239.5,0.25,False
T006423,2025-06-13,16,HH032,DEV0047,19.5,100.0,4.91,23.9,0.59,False
T006424,2025-06-13,16,HH038,DEV0054,18.1,100.0,26.13,149.3,0.72,False
T006425,2025-06-13,15,HH039,DEV0057,39.2,100.0,4.62,34.1,0.98,False
T006426,2025-06-13,17,HH040,DEV0059,16.9,96.5,2.47,13.3,0.4,False
T006427,2025-06-13,19,HH042,DEV0062,34.5,100.0,19.26,120.2,0.36,False
T006428,2025-06-13,16,HH044,DEV0066,6.5,91.1,26.49,156.3,0.81,False
T006429,2025-06-13,10,HH045,DEV0067,21.5,100.0,40.35,281.5,0.95,False
T006430,2025-06-13,18,HH057,DEV0084,21.0,100.0,2.53,17.8,0.89,False
T006431,2025-06-13,15,HH058,DEV0086,31.8,100.0,2.46,11.4,0.43,False
T006432,2025-06-13,19,HH060,DEV0088,28.0,100.0,5.26,26.4,0.58,False
T006433,2025-06-13,19,HH061,DEV0090,7.6,80.5,5.54,25.6,0.53,False
T006434,2025-06-13,14,HH063,DEV0093,9.2,100.0,26.06,130.9,0.4,False
T006435,2025-06-13,19,HH067,DEV0099,8.6,81.3,5.82,32.1,0.76,False
T006436,2025-06-13,13,HH068,DEV0100,8.2,83.1,32.52,174.7,0.78,False
T006437,2025-06-13,19,HH069,DEV0101,7.6,88.8,44.8,205.8,0.24,False
T006438,2025-06-13,12,HH070,DEV0102,39.3,84.6,1.49,7.6,0.21,True
T006439,2025-06-13,19,HH075,DEV0109,12.6,94.0,33.22,163.2,0.53,False
T006440,2025-06-13,11,HH077,DEV0111,29.9,100.0,5.47,24.6,0.31,False
T006441,2025-06-13,19,HH081,DEV0118,22.7,100.0,16.16,75.8,0.58,False
T006442,2025-06-13,16,HH083,DEV0122,26.5,100.0,28.44,144.6,0.35,False
T006443,2025-06-13,18,HH084,DEV0123,30.3,100.0,3.49,22.0,0.48,False
T006444,2025-06-13,14,HH087,DEV0128,26.6,100.0,2.35,14.6,0.29,False
T006445,2025-06-13,15,HH092,DEV0134,15.4,92.3,34.36,155.0,0.27,False
T006446,2025-06-13,16,HH101,DEV0147,38.7,100.0,2.21,14.1,0.08,False
T006447,2025-06-13,19,HH115,DEV0169,29.3,100.0,28.56,162.7,0.42,False
T006448,2025-06-13,13,HH117,DEV0171,32.8,100.0,2.42,13.6,0.43,False
T006449,2025-06-13,19,HH119,DEV0175,24.6,100.0,19.0,138.3,0.32,False
T006450,2025-06-13,17,HH121,DEV0177,28.4,100.0,4.08,19.1,0.68,False
T006451,2025-06-13,15,HH122,DEV0179,14.8,95.1,26.35,155.4,0.62,False
T006452,2025-06-13,18,HH123,DEV0180,14.7,94.6,16.7,79.6,0.39,False
T006453,2025-06-13,14,HH127,DEV0185,22.6,100.0,45.74,255.5,0.22,False
T006454,2025-06-13,13,HH128,DEV0187,14.4,100.0,3.6,18.0,0.15,False
T006455,2025-06-13,19,HH130,DEV0189,20.2,100.0,5.67,36.6,0.2,False
T006456,2025-06-13,19,HH131,DEV0190,14.9,90.4,3.55,21.7,0.32,False
T006457,2025-06-13,19,HH136,DEV0199,37.6,100.0,28.77,205.6,0.58,False
T006458,2025-06-14,10,HH005,DEV0006,38.9,100.0,2.38,11.1,0.59,False
T006459,2025-06-14,19,HH006,DEV0007,27.4,100.0,14.96,95.1,0.88,False
T006460,2025-06-14,13,HH007,DEV0008,15.6,96.9,3.09,16.2,0.21,False
T006461,2025-06-14,14,HH009,DEV0013,17.8,90.4,4.07,19.0,0.22,False
T006462,2025-06-14,19,HH011,DEV0015,25.5,100.0,44.4,256.2,0.49,False
T006463,2025-06-14,15,HH012,DEV0016,36.5,69.1,1.11,5.6,0.11,True
T006464,2025-06-14,15,HH013,DEV0017,34.1,100.0,3.49,16.9,0.99,False
T006465,2025-06-14,18,HH015,DEV0020,8.6,94.7,2.93,14.0,0.47,False
T006466,2025-06-14,19,HH019,DEV0026,5.0,82.8,26.15,134.3,0.29,False
T006467,2025-06-14,16,HH025,DEV0036,38.5,100.0,3.57,16.2,0.28,False
T006468,2025-06-14,16,HH029,DEV0042,23.5,97.2,38.41,254.2,0.5,False
T006469,2025-06-14,17,HH033,DEV0048,13.4,100.0,5.54,33.4,0.22,False
T006470,2025-06-14,17,HH034,DEV0049,11.2,87.5,5.72,37.7,0.26,False
T006471,2025-06-14,16,HH037,DEV0053,7.6,78.9,3.35,15.7,0.51,False
T006472,2025-06-14,19,HH039,DEV0056,10.8,93.5,36.23,196.5,0.98,False
T006473,2025-06-14,19,HH040,DEV0059,11.1,91.5,2.49,12.5,0.5,False
T006474,2025-06-14,15,HH041,DEV0060,33.6,100.0,3.39,17.1,0.15,False
T006475,2025-06-14,14,HH043,DEV0064,17.2,100.0,38.17,265.1,0.54,False
T006476,2025-06-14,14,HH045,DEV0067,27.9,100.0,37.06,173.7,0.56,False
T006477,2025-06-14,19,HH046,DEV0068,26.9,100.0,34.36,192.4,0.07,False
T006478,2025-06-14,18,HH048,DEV0072,27.6,100.0,5.65,38.9,0.08,False
T006479,2025-06-14,18,HH052,DEV0076,34.7,100.0,2.94,13.8,0.38,False
T006480,2025-06-14,19,HH056,DEV0083,15.0,58.8,9.59,70.8,0.43,True
T006481,2025-06-14,16,HH057,DEV0085,24.1,100.0,5.77,29.2,0.55,False
T006482,2025-06-14,9,HH059,DEV0087,29.6,100.0,4.08,20.6,0.19,False
T006483,2025-06-14,18,HH064,DEV0095,36.1,100.0,1.98,11.4,0.62,False
T006484,2025-06-14,16,HH066,DEV0098,17.9,54.4,2.37,11.6,0.34,True
T006485,2025-06-14,14,HH067,DEV0099,24.1,98.7,5.97,42.6,0.46,False
T006486,2025-06-14,14,HH069,DEV0101,22.8,100.0,42.61,227.2,0.18,False
T006487,2025-06-14,19,HH071,DEV0103,14.0,100.0,5.42,28.5,0.36,False
T006488,2025-06-14,19,HH072,DEV0104,23.3,94.3,20.81,106.3,0.07,False
T006489,2025-06-14,16,HH074,DEV0107,25.0,98.2,36.84,173.2,0.32,False
T006490,2025-06-14,17,HH081,DEV0117,11.6,96.1,20.29,122.5,0.53,False
T006491,2025-06-14,16,HH086,DEV0125,10.0,94.8,2.97,17.7,0.27,False
T006492,2025-06-14,17,HH087,DEV0128,17.0,100.0,2.66,14.6,0.22,False
T006493,2025-06-14,16,HH089,DEV0130,6.2,77.8,3.22,13.9,0.11,False
T006494,2025-06-14,19,HH090,DEV0131,33.0,100.0,37.59,272.1,0.46,False
T006495,2025-06-14,13,HH098,DEV0142,10.9,85.0,40.77,199.0,0.48,False
T006496,2025-06-14,19,HH100,DEV0145,10.1,84.5,30.26,159.7,0.18,False
T006497,2025-06-14,16,HH107,DEV0153,9.9,87.9,2.96,16.7,0.28,False
T006498,2025-06-14,15,HH109,DEV0156,28.9,100.0,5.4,35.8,0.62,False
T006499,2025-06-14,14,HH113,DEV0165,32.6,100.0,5.06,22.4,0.43,False
T006500,2025-06-14,19,HH114,DEV0166,16.0,93.5,4.88,26.6,0.42,False
T006501,2025-06-14,15,HH115,DEV0169,18.5,100.0,32.93,198.8,0.57,False
T006502,2025-06-14,19,HH116,DEV0170,19.7,96.4,25.84,142.5,1.06,False
T006503,2025-06-14,15,HH117,DEV0171,24.1,100.0,2.73,12.9,0.47,False
T006504,2025-06-14,14,HH119,DEV0174,24.8,100.0,22.48,107.0,0.28,False
T006505,2025-06-14,19,HH120,DEV0176,5.8,89.7,5.37,23.2,0.46,False
T006506,2025-06-14,15,HH121,DEV0177,24.4,100.0,4.31,27.6,0.44,False
T006507,2025-06-14,14,HH126,DEV0184,7.1,80.7,5.6,40.2,0.25,False
T006508,2025-06-14,14,HH128,DEV0187,18.2,100.0,3.44,19.8,0.13,False
T006509,2025-06-15,16,HH002,DEV0003,37.8,100.0,3.48,16.2,0.59,False
T006510,2025-06-15,16,HH004,DEV0005,38.4,100.0,4.44,30.3,0.22,False
T006511,2025-06-15,19,HH010,DEV0014,20.0,100.0,47.68,240.4,0.37,False
T006512,2025-06-15,16,HH020,DEV0027,22.0,100.0,2.73,11.9,0.14,False
T006513,2025-06-15,16,HH028,DEV0040,10.2,90.6,31.05,153.2,0.47,False
T006514,2025-06-15,12,HH041,DEV0060,36.7,100.0,3.23,16.2,0.1,False
T006515,2025-06-15,16,HH042,DEV0062,26.6,100.0,21.58,115.6,0.3,False
T006516,2025-06-15,19,HH044,DEV0066,14.0,94.2,25.09,108.4,0.61,False
T006517,2025-06-15,17,HH051,DEV0075,22.0,100.0,3.82,18.4,0.59,False
T006518,2025-06-15,18,HH055,DEV0081,7.1,84.2,3.24,18.8,0.68,False
T006519,2025-06-15,13,HH060,DEV0089,14.4,92.9,20.8,140.1,0.67,False
T006520,2025-06-15,16,HH061,DEV0090,7.4,76.0,5.21,29.3,0.49,False
T006521,2025-06-15,19,HH064,DEV0095,27.1,100.0,2.26,9.9,0.67,False
T006522,2025-06-15,17,HH065,DEV0096,14.5,88.1,36.44,184.1,0.61,False
T006523,2025-06-15,17,HH069,DEV0101,31.1,100.0,38.03,234.8,0.17,False
T006524,2025-06-15,18,HH072,DEV0104,5.1,84.9,23.39,129.6,0.09,False
T006525,2025-06-15,16,HH074,DEV0108,11.5,98.6,4.88,30.7,0.28,False
T006526,2025-06-15,15,HH076,DEV0110,30.1,100.0,25.02,170.6,0.52,False
T006527,2025-06-15,18,HH077,DEV0111,10.2,93.6,6.51,29.7,0.42,False
T006528,2025-06-15,17,HH082,DEV0120,17.2,100.0,3.81,16.5,0.89,False
T006529,2025-06-15,16,HH083,DEV0122,21.5,100.0,30.38,215.6,0.35,False
T006530,2025-06-15,15,HH095,DEV0139,30.1,100.0,17.34,81.3,0.48,False
T006531,2025-06-15,17,HH097,DEV0141,5.9,95.7,4.67,29.8,0.44,False
T006532,2025-06-15,17,HH101,DEV0147,28.2,100.0,2.58,14.7,0.08,False
T006533,2025-06-15,12,HH102,DEV0148,28.3,100.0,19.0,98.1,0.94,False
T006534,2025-06-15,16,HH104,DEV0150,29.0,100.0,23.36,145.9,0.21,False
T006535,2025-06-15,15,HH106,DEV0152,11.7,96.5,44.66,240.0,0.2,False
T006536,2025-06-15,18,HH107,DEV0153,5.2,92.4,3.31,14.9,0.24,False
T006537,2025-06-15,16,HH109,DEV0157,24.7,100.0,4.67,22.0,0.65,False
T006538,2025-06-15,18,HH111,DEV0162,33.1,100.0,29.44,177.1,0.39,False
T006539,2025-06-15,19,HH112,DEV0163,21.3,98.0,25.85,187.5,0.42,False
T006540,2025-06-15,15,HH113,DEV0164,8.4,97.8,19.31,87.1,0.32,False
T006541,2025-06-15,14,HH114,DEV0168,26.9,100.0,26.39,113.4,0.42,False
T006542,2025-06-15,15,HH119,DEV0175,33.8,100.0,16.68,81.6,0.33,False
T006543,2025-06-15,19,HH121,DEV0177,7.7,90.2,4.7,28.2,0.47,False
T006544,2025-06-15,15,HH123,DEV0180,23.8,100.0,15.93,99.2,0.31,False
T006545,2025-06-15,15,HH125,DEV0182,35.9,100.0,21.09,113.7,0.22,False
T006546,2025-06-15,19,HH132,DEV0192,21.3,94.7,3.67,16.4,0.23,False
T006547,2025-06-15,12,HH134,DEV0196,32.2,100.0,5.02,34.5,0.17,False
T006548,2025-06-15,12,HH135,DEV0198,19.7,89.6,4.05,21.9,0.15,False
T006549,2025-06-15,19,HH136,DEV0199,29.5,100.0,32.5,192.7,0.57,False
T006550,2025-06-15,18,HH138,DEV0203,18.5,96.3,26.54,114.4,0.23,False
T006551,2025-06-15,14,HH139,DEV0205,26.2,100.0,4.94,25.0,0.34,False
T006552,2025-06-16,17,HH002,DEV0002,31.3,100.0,39.02,269.0,0.56,False
T006553,2025-06-16,19,HH005,DEV0006,9.9,83.7,2.88,14.0,0.42,False
T006554,2025-06-16,19,HH006,DEV0007,16.7,94.2,15.97,110.3,0.67,False
T006555,2025-06-16,17,HH007,DEV0008,28.2,100.0,2.73,14.4,0.2,False
T006556,2025-06-16,19,HH009,DEV0013,22.3,100.0,4.35,21.1,0.18,False
T006557,2025-06-16,17,HH010,DEV0014,12.6,83.3,42.15,183.1,0.36,False
T006558,2025-06-16,14,HH012,DEV0016,35.9,76.8,1.39,7.3,0.13,True
T006559,2025-06-16,17,HH016,DEV0021,27.8,100.0,32.85,145.3,0.47,False
T006560,2025-06-16,14,HH020,DEV0027,28.0,100.0,2.52,17.4,0.12,False
T006561,2025-06-16,18,HH024,DEV0034,10.2,92.0,47.86,307.2,0.75,False
T006562,2025-06-16,18,HH029,DEV0042,27.5,100.0,37.77,189.8,0.34,False
T006563,2025-06-16,13,HH030,DEV0044,21.6,100.0,2.74,12.1,0.1,False
T006564,2025-06-16,17,HH035,DEV0050,6.1,85.6,26.94,124.9,0.28,False
T006565,2025-06-16,17,HH041,DEV0060,20.0,100.0,4.08,20.4,0.11,False
T006566,2025-06-16,12,HH042,DEV0061,10.0,83.6,30.62,199.7,0.25,False
T006567,2025-06-16,17,HH043,DEV0064,9.1,91.0,37.74,237.6,0.5,False
T006568,2025-06-16,18,HH044,DEV0066,12.9,100.0,27.26,194.6,0.67,False
T006569,2025-06-16,14,HH048,DEV0072,14.5,100.0,6.67,33.3,0.06,False
T006570,2025-06-16,12,HH050,DEV0074,15.1,100.0,3.91,17.9,0.61,False
T006571,2025-06-16,19,HH051,DEV0075,31.7,100.0,3.35,16.8,0.59,False
T006572,2025-06-16,14,HH052,DEV0077,34.3,100.0,3.35,21.5,0.37,False
T006573,2025-06-16,16,HH053,DEV0078,33.0,100.0,13.4,77.4,0.14,False
T006574,2025-06-16,18,HH055,DEV0080,19.6,99.5,24.28,168.0,0.73,False
T006575,2025-06-16,18,HH057,DEV0085,18.8,100.0,6.17,43.2,0.84,False
T006576,2025-06-16,19,HH061,DEV0091,5.7,90.6,5.09,25.5,0.38,False
T006577,2025-06-16,13,HH070,DEV0102,38.2,87.8,1.64,9.1,0.16,True
T006578,2025-06-16,15,HH072,DEV0104,35.2,100.0,18.99,105.7,0.06,False
T006579,2025-06-16,15,HH073,DEV0105,38.0,100.0,3.78,26.7,0.21,False
T006580,2025-06-16,16,HH074,DEV0108,13.9,96.6,4.63,30.9,0.27,False
T006581,2025-06-16,18,HH080,DEV0116,9.0,83.4,5.58,39.8,0.68,False
T006582,2025-06-16,17,HH082,DEV0121,11.2,96.4,36.79,158.0,0.59,False
T006583,2025-06-16,19,HH086,DEV0126,13.9,84.8,22.06,118.4,0.4,False
T006584,2025-06-16,17,HH087,DEV0128,27.4,100.0,2.32,17.4,0.26,False
T006585,2025-06-16,18,HH088,DEV0129,35.8,100.0,29.6,213.4,0.29,False
T006586,2025-06-16,14,HH090,DEV0131,23.1,100.0,43.14,203.7,0.59,False
T006587,2025-06-16,14,HH091,DEV0133,10.5,86.5,3.42,21.1,0.37,False
T006588,2025-06-16,15,HH092,DEV0134,18.6,93.3,33.41,148.3,0.36,False
T006589,2025-06-16,15,HH094,DEV0136,20.6,100.0,39.22,183.6,0.27,False
T006590,2025-06-16,19,HH095,DEV0139,23.6,100.0,18.95,83.6,0.5,False
T006591,2025-06-16,14,HH096,DEV0140,9.0,86.7,5.6,36.2,0.13,False
T006592,2025-06-16,17,HH097,DEV0141,19.3,100.0,4.2,18.6,0.43,False
T006593,2025-06-16,13,HH099,DEV0144,18.1,100.0,6.31,32.1,0.27,False
T006594,2025-06-16,17,HH100,DEV0145,8.5,96.0,35.62,167.0,0.26,False
T006595,2025-06-16,19,HH101,DEV0147,40.0,100.0,2.16,9.3,0.05,False
T006596,2025-06-16,17,HH103,DEV0149,29.1,100.0,3.05,15.1,0.85,False
T006597,2025-06-16,17,HH107,DEV0153,22.4,100.0,2.95,15.6,0.21,False
T006598,2025-06-16,19,HH110,DEV0158,6.1,80.7,2.46,14.3,0.43,False
T006599,2025-06-16,17,HH112,DEV0163,15.0,91.2,25.69,133.8,0.25,False
T006600,2025-06-16,12,HH117,DEV0171,24.2,100.0,2.73,18.2,0.3,False
T006601,2025-06-16,17,HH118,DEV0173,7.0,95.8,4.08,22.0,0.32,False
T006602,2025-06-16,17,HH119,DEV0175,37.6,100.0,15.72,111.6,0.32,False
T006603,2025-06-16,14,HH122,DEV0179,25.6,100.0,24.4,158.6,0.83,False
T006604,2025-06-16,17,HH124,DEV0181,17.0,96.1,35.14,250.8,0.68,False
T006605,2025-06-16,18,HH125,DEV0182,22.7,100.0,25.43,110.3,0.38,False
T006606,2025-06-16,14,HH137,DEV0202,7.9,53.7,2.33,12.0,1.11,True
T006607,2025-06-16,19,HH139,DEV0204,6.8,84.8,28.63,125.0,0.33,False
T006608,2025-06-16,16,HH140,DEV0206,10.3,87.6,19.94,139.9,0.52,False
T006609,2025-06-17,13,HH006,DEV0007,39.0,100.0,12.57,71.1,0.79,False
T006610,2025-06-17,16,HH009,DEV0013,29.5,100.0,3.95,29.5,0.29,False
T006611,2025-06-17,17,HH017,DEV0022,37.4,100.0,13.96,71.1,0.69,False
T006612,2025-06-17,14,HH018,DEV0025,7.1,92.0,34.11,177.9,0.6,False
T006613,2025-06-17,18,HH025,DEV0037,23.8,100.0,44.81,245.1,0.29,False
T006614,2025-06-17,17,HH027,DEV0039,19.2,96.0,2.46,12.7,0.21,False
T006615,2025-06-17,16,HH028,DEV0040,22.6,100.0,29.88,187.6,0.29,False
T006616,2025-06-17,16,HH031,DEV0045,14.7,100.0,43.42,282.7,0.29,False
T006617,2025-06-17,16,HH033,DEV0048,37.2,100.0,4.02,21.4,0.23,False
T006618,2025-06-17,17,HH034,DEV0049,13.1,88.8,5.68,39.3,0.2,False
T006619,2025-06-17,16,HH035,DEV0050,33.8,100.0,22.44,106.3,0.24,False
T006620,2025-06-17,17,HH036,DEV0052,18.8,96.0,5.71,30.8,0.5,False
T006621,2025-06-17,17,HH039,DEV0056,20.2,100.0,34.95,229.9,1.08,False
T006622,2025-06-17,17,HH040,DEV0059,35.1,100.0,2.01,11.1,0.62,False
T006623,2025-06-17,15,HH042,DEV0061,25.7,100.0,30.91,177.1,0.24,False
T006624,2025-06-17,19,HH044,DEV0066,24.9,100.0,23.51,114.1,0.81,False
T006625,2025-06-17,18,HH047,DEV0069,19.8,52.2,16.69,99.6,0.1,True
T006626,2025-06-17,15,HH050,DEV0074,14.1,98.1,3.87,22.8,0.45,False
T006627,2025-06-17,15,HH051,DEV0075,13.8,97.5,4.1,17.8,0.34,False
T006628,2025-06-17,13,HH053,DEV0078,20.9,100.0,15.82,118.3,0.17,False
T006629,2025-06-17,16,HH054,DEV0079,10.6,91.8,3.82,16.4,0.31,False
T006630,2025-06-17,15,HH055,DEV0081,21.9,100.0,3.28,16.1,0.7,False
T006631,2025-06-17,15,HH060,DEV0088,25.9,100.0,5.41,25.1,0.63,False
T006632,2025-06-17,18,HH061,DEV0090,15.3,95.9,6.12,45.0,0.42,False
T006633,2025-06-17,12,HH065,DEV0097,38.4,100.0,4.62,31.7,0.93,False
T006634,2025-06-17,18,HH067,DEV0099,22.0,99.1,6.17,34.8,0.72,False
T006635,2025-06-17,16,HH071,DEV0103,24.4,100.0,4.76,29.4,0.37,False
T006636,2025-06-17,17,HH072,DEV0104,38.3,100.0,18.08,128.2,0.06,False
T006637,2025-06-17,17,HH073,DEV0105,15.2,100.0,5.17,31.6,0.2,False
T006638,2025-06-17,19,HH074,DEV0108,29.9,100.0,3.93,19.5,0.23,False
T006639,2025-06-17,16,HH077,DEV0111,16.2,97.9,6.38,39.7,0.44,False
T006640,2025-06-17,19,HH081,DEV0118,22.9,100.0,16.11,98.3,0.54,False
T006641,2025-06-17,19,HH083,DEV0122,33.2,100.0,25.85,139.5,0.32,False
T006642,2025-06-17,12,HH087,DEV0128,11.8,95.5,2.68,16.3,0.27,False
T006643,2025-06-17,16,HH088,DEV0129,38.0,100.0,28.58,135.2,0.28,False
T006644,2025-06-17,16,HH090,DEV0132,19.6,100.0,46.71,259.2,0.62,False
T006645,2025-06-17,13,HH096,DEV0140,20.4,100.0,5.73,37.0,0.1,False
T006646,2025-06-17,16,HH100,DEV0146,24.2,98.1,4.21,19.0,0.18,False
T006647,2025-06-17,19,HH101,DEV0147,34.6,100.0,2.35,10.2,0.08,False
T006648,2025-06-17,18,HH102,DEV0148,6.3,93.6,23.13,103.4,0.79,False
T006649,2025-06-17,19,HH106,DEV0152,34.8,100.0,34.36,194.9,0.18,False
T006650,2025-06-17,14,HH107,DEV0153,8.8,80.9,2.74,16.4,0.28,False
T006651,2025-06-17,15,HH109,DEV0157,5.5,92.7,5.41,27.3,0.51,False
T006652,2025-06-17,18,HH111,DEV0161,20.6,100.0,5.24,28.9,0.38,False
T006653,2025-06-17,18,HH112,DEV0163,38.3,100.0,20.79,154.7,0.45,False
T006654,2025-06-17,16,HH113,DEV0165,21.8,100.0,5.86,26.9,0.41,False
T006655,2025-06-17,14,HH115,DEV0169,36.0,100.0,25.86,115.5,0.52,False
T006656,2025-06-17,13,HH116,DEV0170,38.2,100.0,20.83,97.6,0.95,False
T006657,2025-06-17,14,HH119,DEV0174,12.1,91.5,23.75,135.3,0.2,False
T006658,2025-06-17,16,HH122,DEV0179,32.1,100.0,22.27,132.4,0.57,False
T006659,2025-06-17,18,HH123,DEV0180,14.7,100.0,17.83,131.6,0.32,False
T006660,2025-06-17,16,HH125,DEV0182,7.0,97.8,29.86,161.4,0.32,False
T006661,2025-06-17,9,HH128,DEV0187,30.5,100.0,2.92,13.2,0.16,False
T006662,2025-06-17,18,HH131,DEV0190,13.5,88.5,3.52,15.9,0.53,False
T006663,2025-06-17,17,HH133,DEV0193,23.3,100.0,2.91,14.6,0.14,False
T006664,2025-06-17,15,HH134,DEV0197,35.3,100.0,15.85,102.9,0.21,False
T006665,2025-06-17,16,HH138,DEV0203,39.2,100.0,20.73,140.9,0.23,False
T006666,2025-06-17,13,HH139,DEV0205,38.6,100.0,4.11,20.8,0.32,False
T006667,2025-06-18,15,HH005,DEV0006,30.3,100.0,2.72,16.0,0.51,False
T006668,2025-06-18,18,HH006,DEV0007,18.8,100.0,16.73,101.2,0.7,False
T006669,2025-06-18,16,HH007,DEV0009,31.8,100.0,16.91,104.6,0.28,False
T006670,2025-06-18,17,HH008,DEV0011,14.9,91.9,4.93,29.1,0.87,False
T006671,2025-06-18,16,HH013,DEV0017,7.8,77.2,3.68,25.6,0.58,False
T006672,2025-06-18,14,HH017,DEV0023,25.8,100.0,4.23,29.4,0.67,False
T006673,2025-06-18,13,HH019,DEV0026,5.3,90.7,28.7,147.5,0.27,False
T006674,2025-06-18,15,HH020,DEV0027,32.8,100.0,2.35,13.1,0.19,False
T006675,2025-06-18,19,HH022,DEV0031,25.4,100.0,15.14,93.4,0.51,False
T006676,2025-06-18,18,HH023,DEV0032,6.5,89.3,49.09,228.9,0.14,False
T006677,2025-06-18,18,HH026,DEV0038,12.7,86.7,36.98,201.9,0.21,False
T006678,2025-06-18,16,HH028,DEV0040,24.7,100.0,29.07,141.5,0.32,False
T006679,2025-06-18,15,HH030,DEV0044,14.5,89.2,2.61,14.0,0.06,False
T006680,2025-06-18,16,HH032,DEV0047,7.6,89.6,5.0,23.2,0.52,False
T006681,2025-06-18,14,HH033,DEV0048,21.3,100.0,5.04,23.1,0.3,False
T006682,2025-06-18,16,HH034,DEV0049,28.5,100.0,5.36,25.3,0.23,False
T006683,2025-06-18,18,HH036,DEV0052,23.9,100.0,5.63,25.3,0.66,False
T006684,2025-06-18,13,HH038,DEV0055,23.7,93.0,2.56,15.3,0.55,False
T006685,2025-06-18,18,HH042,DEV0062,30.2,100.0,20.52,94.8,0.44,False
T006686,2025-06-18,16,HH046,DEV0068,27.1,100.0,34.26,169.9,0.09,False
T006687,2025-06-18,15,HH048,DEV0072,31.5,100.0,5.34,29.8,0.08,False
T006688,2025-06-18,17,HH051,DEV0075,7.6,85.0,3.79,19.6,0.56,False
T006689,2025-06-18,17,HH053,DEV0078,26.3,100.0,14.74,97.5,0.23,False
T006690,2025-06-18,19,HH055,DEV0080,37.1,100.0,19.12,89.6,0.67,False
T006691,2025-06-18,15,HH057,DEV0085,16.4,100.0,6.35,28.8,0.79,False
T006692,2025-06-18,15,HH062,DEV0092,18.7,100.0,26.59,122.2,0.39,False
T006693,2025-06-18,15,HH071,DEV0103,28.8,100.0,4.49,21.1,0.57,False
T006694,2025-06-18,14,HH072,DEV0104,31.1,100.0,20.19,149.4,0.09,False
T006695,2025-06-18,16,HH074,DEV0107,21.8,99.9,39.26,196.6,0.24,False
T006696,2025-06-18,16,HH075,DEV0109,19.6,100.0,32.8,159.6,0.38,False
T006697,2025-06-18,18,HH079,DEV0115,17.1,88.6,35.16,259.2,0.16,False
T006698,2025-06-18,19,HH081,DEV0117,10.7,92.3,19.59,88.3,0.84,False
T006699,2025-06-18,14,HH082,DEV0119,15.1,88.4,4.84,27.0,0.71,False
T006700,2025-06-18,15,HH084,DEV0123,19.7,100.0,4.01,27.1,0.54,False
T006701,2025-06-18,13,HH085,DEV0124,32.9,100.0,22.55,101.2,0.06,False
T006702,2025-06-18,18,HH087,DEV0128,30.8,100.0,2.21,15.6,0.22,False
T006703,2025-06-18,14,HH092,DEV0134,9.5,90.9,36.37,187.3,0.42,False
T006704,2025-06-18,13,HH094,DEV0137,34.5,100.0,3.21,17.8,0.28,False
T006705,2025-06-18,15,HH095,DEV0139,29.8,100.0,17.41,127.8,0.67,False
T006706,2025-06-18,19,HH096,DEV0140,5.3,75.3,5.04,31.3,0.14,False
T006707,2025-06-18,18,HH097,DEV0141,23.3,100.0,3.99,22.2,0.29,False
T006708,2025-06-18,19,HH100,DEV0145,32.5,100.0,27.47,132.5,0.25,False
T006709,2025-06-18,18,HH101,DEV0147,29.1,100.0,2.55,13.5,0.09,False
T006710,2025-06-18,19,HH102,DEV0148,30.3,100.0,18.47,98.0,0.81,False
T006711,2025-06-18,19,HH105,DEV0151,19.5,95.0,3.78,17.7,0.23,False
T006712,2025-06-18,13,HH108,DEV0155,22.8,98.7,34.07,182.8,0.39,False
T006713,2025-06-18,18,HH110,DEV0159,8.8,93.5,3.05,18.8,0.43,False
T006714,2025-06-18,13,HH114,DEV0167,15.9,100.0,6.48,29.1,0.45,False
T006715,2025-06-18,15,HH115,DEV0169,20.7,100.0,32.04,199.1,0.57,False
T006716,2025-06-18,19,HH116,DEV0170,13.1,95.6,27.8,181.2,0.9,False
T006717,2025-06-18,17,HH119,DEV0175,29.5,100.0,17.77,126.8,0.27,False
T006718,2025-06-18,17,HH122,DEV0179,28.3,100.0,23.52,167.4,0.78,False
T006719,2025-06-18,19,HH123,DEV0180,32.1,100.0,14.19,77.7,0.34,False
T006720,2025-06-18,13,HH126,DEV0184,35.7,100.0,4.89,25.1,0.3,False
T006721,2025-06-18,19,HH127,DEV0186,22.3,96.4,37.44,172.5,0.21,False
T006722,2025-06-18,14,HH129,DEV0188,20.3,91.1,4.18,19.0,0.73,False
T006723,2025-06-18,16,HH133,DEV0193,9.9,79.0,2.63,12.1,0.16,False
T006724,2025-06-18,19,HH137,DEV0201,6.8,79.3,42.84,210.1,1.01,False
T006725,2025-06-19,15,HH004,DEV0005,25.0,100.0,5.4,25.0,0.18,False
T006726,2025-06-19,13,HH006,DEV0007,20.9,93.6,14.98,90.3,0.79,False
T006727,2025-06-19,19,HH007,DEV0009,27.4,100.0,18.0,78.5,0.27,False
T006728,2025-06-19,12,HH008,DEV0011,23.2,100.0,4.92,27.3,0.98,False
T006729,2025-06-19,19,HH009,DEV0013,20.3,93.6,4.1,26.1,0.23,False
T006730,2025-06-19,11,HH014,DEV0019,30.5,100.0,3.13,15.8,0.45,False
T006731,2025-06-19,19,HH016,DEV0021,30.5,100.0,31.62,217.2,0.24,False
T006732,2025-06-19,19,HH023,DEV0033,37.7,100.0,24.36,142.9,0.12,False
T006733,2025-06-19,17,HH024,DEV0035,19.6,100.0,43.98,274.1,0.6,False
T006734,2025-06-19,18,HH029,DEV0042,22.2,100.0,40.53,205.6,0.53,False
T006735,2025-06-19,12,HH031,DEV0045,15.5,100.0,43.01,226.2,0.44,False
T006736,2025-06-19,15,HH035,DEV0050,20.2,93.7,24.91,115.5,0.39,False
T006737,2025-06-19,16,HH039,DEV0058,31.5,100.0,3.29,19.5,0.93,False
T006738,2025-06-19,14,HH041,DEV0060,20.3,98.6,3.99,19.8,0.13,False
T006739,2025-06-19,13,HH043,DEV0064,38.4,100.0,28.4,186.2,0.46,False
T006740,2025-06-19,19,HH046,DEV0068,9.1,86.5,36.39,198.6,0.07,False
T006741,2025-06-19,15,HH056,DEV0082,12.9,100.0,4.09,21.3,0.57,False
T006742,2025-06-19,18,HH060,DEV0089,29.4,100.0,18.71,128.4,0.75,False
T006743,2025-06-19,13,HH062,DEV0092,34.0,100.0,21.58,153.7,0.29,False
T006744,2025-06-19,14,HH065,DEV0096,25.6,100.0,36.83,165.3,0.94,False
T006745,2025-06-19,19,HH067,DEV0099,36.9,100.0,5.05,21.8,0.42,False
T006746,2025-06-19,18,HH070,DEV0102,17.9,61.2,1.43,6.7,0.18,True
T006747,2025-06-19,13,HH071,DEV0103,31.0,100.0,4.35,18.9,0.48,False
T006748,2025-06-19,15,HH077,DEV0112,36.4,100.0,4.64,32.7,0.41,False
T006749,2025-06-19,19,HH082,DEV0121,18.4,100.0,35.25,229.0,0.6,False
T006750,2025-06-19,18,HH083,DEV0122,21.0,100.0,30.57,192.0,0.37,False
T006751,2025-06-19,19,HH084,DEV0123,20.5,96.9,3.82,25.6,0.88,False
T006752,2025-06-19,19,HH085,DEV0124,7.3,95.5,29.62,137.4,0.06,False
T006753,2025-06-19,12,HH086,DEV0125,16.5,100.0,2.92,13.1,0.37,False
T006754,2025-06-19,14,HH087,DEV0128,13.0,87.1,2.37,14.3,0.25,False
T006755,2025-06-19,19,HH088,DEV0129,39.3,100.0,27.98,126.2,0.15,False
T006756,2025-06-19,13,HH089,DEV0130,28.8,100.0,3.2,17.4,0.14,False
T006757,2025-06-19,16,HH097,DEV0141,7.2,83.0,3.94,27.7,0.57,False
T006758,2025-06-19,19,HH100,DEV0145,37.9,100.0,25.27,132.6,0.24,False
T006759,2025-06-19,19,HH102,DEV0148,34.3,100.0,17.41,94.2,0.75,False
T006760,2025-06-19,15,HH109,DEV0156,29.5,100.0,5.36,25.7,0.57,False
T006761,2025-06-19,16,HH112,DEV0163,26.6,100.0,24.74,180.7,0.46,False
T006762,2025-06-19,13,HH113,DEV0165,19.2,93.4,5.57,32.8,0.43,False
T006763,2025-06-19,16,HH114,DEV0167,27.0,100.0,5.62,33.9,0.6,False
T006764,2025-06-19,18,HH120,DEV0176,23.4,100.0,4.9,26.4,0.38,False
T006765,2025-06-19,16,HH122,DEV0179,37.1,100.0,20.63,125.1,0.53,False
T006766,2025-06-19,16,HH123,DEV0180,14.2,95.1,16.9,104.3,0.31,False
T006767,2025-06-19,19,HH126,DEV0184,28.2,100.0,5.46,23.9,0.2,False
T006768,2025-06-19,18,HH127,DEV0185,16.9,100.0,49.11,213.8,0.14,False
T006769,2025-06-19,19,HH129,DEV0188,13.7,91.5,4.59,21.4,0.41,False
T006770,2025-06-19,15,HH131,DEV0190,19.8,100.0,3.77,19.9,0.3,False
T006771,2025-06-19,19,HH132,DEV0192,37.8,100.0,3.11,17.8,0.4,False
T006772,2025-06-19,16,HH134,DEV0197,14.0,89.0,18.37,106.5,0.19,False
T006773,2025-06-19,19,HH135,DEV0198,16.7,100.0,4.83,26.0,0.15,False
T006774,2025-06-19,13,HH136,DEV0199,39.1,100.0,28.07,133.5,0.43,False
T006775,2025-06-19,13,HH139,DEV0205,26.5,100.0,4.92,31.0,0.22,False
T006776,2025-06-19,19,HH140,DEV0206,23.0,100.0,19.87,96.8,0.56,False
T006777,2025-06-20,19,HH003,DEV0004,16.3,100.0,33.31,167.8,0.71,False
T006778,2025-06-20,16,HH004,DEV0005,37.6,100.0,4.49,20.6,0.23,False
T006779,2025-06-20,10,HH005,DEV0006,10.3,100.0,3.5,22.0,0.42,False
T006780,2025-06-20,14,HH011,DEV0015,15.8,93.5,46.3,290.5,0.65,False
T006781,2025-06-20,16,HH014,DEV0019,25.5,100.0,3.35,14.8,0.31,False
T006782,2025-06-20,15,HH019,DEV0026,15.4,90.9,25.38,166.4,0.18,False
T006783,2025-06-20,19,HH027,DEV0039,26.0,100.0,2.37,10.8,0.2,False
T006784,2025-06-20,19,HH030,DEV0044,38.3,100.0,2.16,10.0,0.13,False
T006785,2025-06-20,15,HH032,DEV0047,39.4,100.0,3.7,18.3,0.46,False
T006786,2025-06-20,16,HH034,DEV0049,9.4,88.5,5.93,37.0,0.17,False
T006787,2025-06-20,14,HH037,DEV0053,14.5,90.0,3.55,18.6,0.5,False
T006788,2025-06-20,11,HH040,DEV0059,20.3,100.0,2.47,10.9,0.48,False
T006789,2025-06-20,19,HH050,DEV0074,27.3,100.0,3.34,19.5,0.5,False
T006790,2025-06-20,19,HH051,DEV0075,6.3,92.7,4.23,24.9,0.62,False
T006791,2025-06-20,14,HH052,DEV0077,16.9,91.5,3.81,16.8,0.33,False
T006792,2025-06-20,16,HH054,DEV0079,33.3,100.0,3.13,20.5,0.43,False
T006793,2025-06-20,13,HH059,DEV0087,28.2,100.0,4.16,27.0,0.19,False
T006794,2025-06-20,18,HH062,DEV0092,29.7,100.0,22.99,115.6,0.5,False
T006795,2025-06-20,12,HH064,DEV0095,6.7,96.5,2.78,20.1,0.59,False
T006796,2025-06-20,17,HH065,DEV0097,18.5,93.8,5.64,38.8,0.6,False
T006797,2025-06-20,19,HH073,DEV0106,31.2,100.0,4.4,31.4,0.18,False
T006798,2025-06-20,18,HH075,DEV0109,23.1,98.9,30.91,229.9,0.51,False
T006799,2025-06-20,14,HH082,DEV0119,11.8,97.9,5.68,39.8,0.84,False
T006800,2025-06-20,17,HH084,DEV0123,30.6,100.0,3.47,22.0,0.54,False
T006801,2025-06-20,15,HH089,DEV0130,28.4,100.0,3.22,23.3,0.14,False
T006802,2025-06-20,15,HH095,DEV0138,17.1,98.0,22.89,135.3,0.82,False
T006803,2025-06-20,19,HH096,DEV0140,37.9,100.0,4.47,21.1,0.14,False
T006804,2025-06-20,16,HH100,DEV0145,15.1,88.0,29.65,179.9,0.18,False
T006805,2025-06-20,18,HH102,DEV0148,38.7,100.0,16.24,107.3,0.65,False
T006806,2025-06-20,17,HH104,DEV0150,5.8,87.0,26.7,133.0,0.25,False
T006807,2025-06-20,13,HH106,DEV0152,39.7,100.0,31.78,141.3,0.16,False
T006808,2025-06-20,16,HH109,DEV0157,21.7,100.0,4.85,24.5,0.42,False
T006809,2025-06-20,19,HH110,DEV0158,38.5,100.0,2.03,12.2,0.39,False
T006810,2025-06-20,15,HH111,DEV0162,34.2,100.0,28.95,153.0,0.43,False
T006811,2025-06-20,17,HH123,DEV0180,9.0,84.7,15.81,75.5,0.39,False
T006812,2025-06-20,16,HH129,DEV0188,13.5,100.0,5.1,29.8,0.55,False
T006813,2025-06-20,19,HH133,DEV0194,8.0,86.0,44.69,232.7,0.11,False
T006814,2025-06-20,18,HH134,DEV0197,18.8,100.0,19.89,92.0,0.22,False
T006815,2025-06-20,13,HH135,DEV0198,26.3,100.0,4.27,29.9,0.11,False
T006816,2025-06-20,14,HH139,DEV0205,35.3,100.0,4.33,28.5,0.38,False
T006817,2025-06-20,17,HH140,DEV0206,7.3,88.4,20.92,148.6,0.6,False
T006818,2025-06-21,15,HH003,DEV0004,11.2,86.7,30.03,145.1,0.56,False
T006819,2025-06-21,18,HH007,DEV0009,19.2,100.0,20.04,127.7,0.32,False
T006820,2025-06-21,19,HH008,DEV0011,9.4,92.2,5.3,28.6,0.8,False
T006821,2025-06-21,19,HH018,DEV0024,11.4,95.1,5.69,24.5,0.55,False
T006822,2025-06-21,16,HH026,DEV0038,7.5,78.9,35.72,177.8,0.3,False
T006823,2025-06-21,19,HH029,DEV0042,39.9,100.0,31.31,211.8,0.51,False
T006824,2025-06-21,17,HH031,DEV0045,22.2,100.0,39.6,254.1,0.4,False
T006825,2025-06-21,16,HH033,DEV0048,31.8,100.0,4.36,29.8,0.15,False
T006826,2025-06-21,17,HH036,DEV0052,24.6,100.0,5.58,30.5,0.42,False
T006827,2025-06-21,19,HH038,DEV0055,8.1,86.6,2.91,12.9,0.6,False
T006828,2025-06-21,14,HH039,DEV0057,26.0,100.0,5.62,31.0,1.03,False
T006829,2025-06-21,18,HH040,DEV0059,31.2,100.0,2.13,11.5,0.59,False
T006830,2025-06-21,19,HH043,DEV0065,27.4,100.0,3.05,20.9,0.36,False
T006831,2025-06-21,15,HH045,DEV0067,8.6,90.6,42.16,219.8,0.65,False
T006832,2025-06-21,15,HH050,DEV0074,28.8,100.0,3.28,15.5,0.44,False
T006833,2025-06-21,16,HH051,DEV0075,22.5,94.9,3.55,20.1,0.41,False
T006834,2025-06-21,19,HH053,DEV0078,6.6,95.9,17.86,117.8,0.14,False
T006835,2025-06-21,19,HH060,DEV0089,6.4,100.0,24.8,121.4,0.59,False
T006836,2025-06-21,15,HH061,DEV0091,14.9,93.0,4.68,22.6,0.46,False
T006837,2025-06-21,12,HH063,DEV0093,11.9,93.2,23.35,116.4,0.56,False
T006838,2025-06-21,14,HH065,DEV0097,27.0,100.0,5.48,27.4,0.86,False
T006839,2025-06-21,16,HH069,DEV0101,17.5,94.2,42.33,212.1,0.22,False
T006840,2025-06-21,14,HH075,DEV0109,20.9,100.0,32.27,144.7,0.4,False
T006841,2025-06-21,19,HH079,DEV0115,18.0,100.0,40.34,173.0,0.21,False
T006842,2025-06-21,18,HH080,DEV0116,24.4,100.0,5.67,28.0,0.69,False
T006843,2025-06-21,12,HH082,DEV0119,33.1,100.0,4.42,23.7,0.63,False
T006844,2025-06-21,14,HH083,DEV0122,13.2,99.8,33.53,161.1,0.26,False
T006845,2025-06-21,18,HH085,DEV0124,23.7,99.5,25.47,143.7,0.1,False
T006846,2025-06-21,12,HH087,DEV0128,34.4,100.0,2.1,9.5,0.19,False
T006847,2025-06-21,19,HH091,DEV0133,36.2,100.0,2.87,15.1,0.49,False
T006848,2025-06-21,16,HH092,DEV0134,9.4,100.0,40.5,294.5,0.26,False
T006849,2025-06-21,13,HH097,DEV0141,16.6,100.0,4.34,20.5,0.33,False
T006850,2025-06-21,15,HH103,DEV0149,10.3,94.8,3.63,18.1,0.92,False
T006851,2025-06-21,13,HH104,DEV0150,18.8,92.2,24.14,131.0,0.25,False
T006852,2025-06-21,19,HH105,DEV0151,27.4,100.0,3.63,16.8,0.24,False
T006853,2025-06-21,16,HH108,DEV0155,29.0,100.0,31.88,216.5,0.42,False
T006854,2025-06-21,17,HH109,DEV0157,37.1,100.0,3.9,17.2,0.62,False
T006855,2025-06-21,10,HH114,DEV0166,9.0,83.7,4.7,30.3,0.38,False
T006856,2025-06-21,18,HH116,DEV0170,28.9,100.0,23.96,171.6,0.86,False
T006857,2025-06-21,18,HH117,DEV0171,7.8,98.5,3.27,22.3,0.46,False
T006858,2025-06-21,18,HH119,DEV0175,39.5,100.0,15.25,94.8,0.28,False
T006859,2025-06-21,19,HH121,DEV0178,20.4,98.9,34.87,154.0,0.71,False
T006860,2025-06-21,18,HH128,DEV0187,22.1,100.0,3.27,16.3,0.1,False
T006861,2025-06-21,13,HH130,DEV0189,35.5,100.0,4.58,25.8,0.18,False
T006862,2025-06-22,19,HH004,DEV0005,27.7,99.3,5.16,23.4,0.16,False
T006863,2025-06-22,18,HH007,DEV0008,28.6,100.0,2.71,14.5,0.28,False
T006864,2025-06-22,12,HH009,DEV0013,38.3,100.0,3.46,16.2,0.23,False
T006865,2025-06-22,14,HH013,DEV0017,11.2,100.0,4.71,34.9,0.7,False
T006866,2025-06-22,17,HH020,DEV0027,28.5,100.0,2.5,13.0,0.14,False
T006867,2025-06-22,14,HH021,DEV0029,11.5,100.0,3.54,23.4,0.29,False
T006868,2025-06-22,16,HH028,DEV0040,22.6,100.0,29.88,178.3,0.31,False
T006869,2025-06-22,19,HH029,DEV0043,29.0,100.0,37.56,217.7,0.35,False
T006870,2025-06-22,19,HH031,DEV0045,38.2,100.0,31.46,153.8,0.51,False
T006871,2025-06-22,14,HH036,DEV0052,8.5,90.3,6.05,36.8,0.61,False
T006872,2025-06-22,13,HH038,DEV0055,22.5,100.0,2.87,12.9,0.73,False
T006873,2025-06-22,19,HH039,DEV0058,33.4,100.0,3.2,22.6,0.63,False
T006874,2025-06-22,19,HH042,DEV0062,33.5,100.0,19.55,135.9,0.32,False
T006875,2025-06-22,19,HH047,DEV0069,19.4,75.0,28.65,124.9,0.12,True
T006876,2025-06-22,15,HH051,DEV0075,21.4,95.4,3.63,21.0,0.38,False
T006877,2025-06-22,13,HH052,DEV0077,10.9,93.2,4.2,24.1,0.23,False
T006878,2025-06-22,13,HH053,DEV0078,30.3,100.0,13.94,70.0,0.19,False
T006879,2025-06-22,19,HH055,DEV0080,35.9,100.0,19.49,108.7,0.66,False
T006880,2025-06-22,17,HH058,DEV0086,39.5,100.0,2.18,13.4,0.33,False
T006881,2025-06-22,16,HH063,DEV0093,25.7,100.0,21.32,114.0,0.37,False
T006882,2025-06-22,19,HH066,DEV0098,37.4,77.4,2.6,12.1,0.27,True
T006883,2025-06-22,17,HH067,DEV0099,24.1,100.0,6.07,39.5,0.67,False
T006884,2025-06-22,17,HH070,DEV0102,13.1,50.8,1.24,5.9,0.24,True
T006885,2025-06-22,19,HH071,DEV0103,7.4,98.4,5.73,30.8,0.41,False
T006886,2025-06-22,18,HH076,DEV0110,13.5,98.1,30.29,163.4,0.5,False
T006887,2025-06-22,17,HH077,DEV0111,11.2,100.0,6.93,39.1,0.29,False
T006888,2025-06-22,18,HH079,DEV0115,17.8,91.1,36.09,183.8,0.15,False
T006889,2025-06-22,18,HH081,DEV0117,30.3,100.0,16.73,124.0,0.56,False
T006890,2025-06-22,19,HH082,DEV0119,35.6,100.0,4.25,18.6,0.77,False
T006891,2025-06-22,16,HH087,DEV0128,10.7,93.7,2.66,16.2,0.2,False
T006892,2025-06-22,13,HH091,DEV0133,24.3,100.0,3.41,16.4,0.4,False
T006893,2025-06-22,18,HH092,DEV0134,35.6,100.0,28.79,133.9,0.34,False
T006894,2025-06-22,16,HH093,DEV0135,29.8,100.0,3.02,16.2,0.3,False
T006895,2025-06-22,15,HH094,DEV0137,37.3,100.0,3.07,17.4,0.28,False
T006896,2025-06-22,19,HH099,DEV0144,15.4,100.0,6.51,30.3,0.24,False
T006897,2025-06-22,17,HH112,DEV0163,18.3,100.0,27.53,121.7,0.4,False
T006898,2025-06-22,15,HH114,DEV0166,20.6,100.0,5.0,30.8,0.67,False
T006899,2025-06-22,18,HH115,DEV0169,5.8,85.2,32.06,163.2,0.6,False
T006900,2025-06-22,17,HH116,DEV0170,6.5,99.0,31.17,142.6,0.96,False
T006901,2025-06-22,19,HH117,DEV0171,35.4,100.0,2.33,13.3,0.38,False
T006902,2025-06-22,13,HH119,DEV0175,25.9,100.0,18.67,107.8,0.23,False
T006903,2025-06-22,17,HH121,DEV0178,29.7,100.0,31.21,191.2,0.7,False
T006904,2025-06-22,18,HH126,DEV0184,14.7,100.0,6.48,34.4,0.26,False
T006905,2025-06-22,13,HH127,DEV0186,24.8,100.0,37.98,223.1,0.29,False
T006906,2025-06-22,15,HH131,DEV0190,30.2,100.0,3.28,21.4,0.53,False
T006907,2025-06-22,15,HH138,DEV0203,21.9,100.0,26.63,123.9,0.21,False
T006908,2025-06-22,19,HH140,DEV0206,32.7,100.0,17.36,92.3,0.32,False
T006909,2025-06-23,15,HH001,DEV0001,15.3,97.5,28.27,148.8,0.29,False
T006910,2025-06-23,17,HH003,DEV0004,6.6,78.7,28.71,164.6,0.75,False
T006911,2025-06-23,17,HH008,DEV0012,5.0,93.3,5.47,24.1,0.91,False
T006912,2025-06-23,13,HH013,DEV0017,28.2,100.0,3.81,17.1,0.92,False
T006913,2025-06-23,13,HH020,DEV0027,28.9,100.0,2.49,17.1,0.11,False
T006914,2025-06-23,19,HH025,DEV0037,30.0,100.0,41.16,230.0,0.54,False
T006915,2025-06-23,12,HH029,DEV0043,30.2,100.0,36.92,182.1,0.34,False
T006916,2025-06-23,12,HH031,DEV0046,31.9,100.0,35.41,160.8,0.31,False
T006917,2025-06-23,16,HH033,DEV0048,39.4,100.0,3.88,20.9,0.23,False
T006918,2025-06-23,12,HH034,DEV0049,38.0,100.0,4.65,22.7,0.24,False
T006919,2025-06-23,19,HH036,DEV0051,32.2,100.0,4.07,22.6,0.63,False
T006920,2025-06-23,16,HH040,DEV0059,16.1,89.5,2.28,11.9,0.69,False
T006921,2025-06-23,19,HH042,DEV0063,13.5,99.7,6.46,36.9,0.29,False
T006922,2025-06-23,19,HH043,DEV0064,32.6,100.0,31.07,159.9,0.38,False
T006923,2025-06-23,12,HH044,DEV0066,33.4,100.0,20.85,101.5,0.55,False
T006924,2025-06-23,14,HH046,DEV0068,28.6,100.0,33.56,201.8,0.08,False
T006925,2025-06-23,16,HH051,DEV0075,29.8,100.0,3.44,14.8,0.52,False
T006926,2025-06-23,19,HH052,DEV0076,13.5,92.9,3.57,18.3,0.28,False
T006927,2025-06-23,16,HH055,DEV0081,38.7,100.0,2.57,11.5,0.65,False
T006928,2025-06-23,19,HH056,DEV0083,20.5,56.1,7.8,53.3,0.66,True
T006929,2025-06-23,18,HH061,DEV0090,15.3,97.8,6.27,36.6,0.46,False
T006930,2025-06-23,17,HH064,DEV0095,8.1,100.0,2.85,19.3,0.53,False
T006931,2025-06-23,13,HH066,DEV0098,15.8,51.3,2.31,14.8,0.42,True
T006932,2025-06-23,19,HH068,DEV0100,36.5,100.0,27.56,158.6,0.94,False
T006933,2025-06-23,19,HH069,DEV0101,16.9,100.0,45.87,242.3,0.21,False
T006934,2025-06-23,15,HH071,DEV0103,7.5,97.7,5.68,27.2,0.39,False
T006935,2025-06-23,19,HH072,DEV0104,12.1,91.6,23.31,124.2,0.08,False
T006936,2025-06-23,16,HH075,DEV0109,15.8,94.9,32.26,235.0,0.6,False
T006937,2025-06-23,16,HH083,DEV0122,13.5,84.8,27.6,205.7,0.27,False
T006938,2025-06-23,18,HH084,DEV0123,20.0,97.4,3.87,17.9,0.68,False
T006939,2025-06-23,18,HH102,DEV0148,28.9,100.0,18.84,91.3,0.59,False
T006940,2025-06-23,18,HH103,DEV0149,12.1,83.9,3.09,16.6,0.66,False
T006941,2025-06-23,19,HH107,DEV0153,38.1,100.0,2.35,11.3,0.34,False
T006942,2025-06-23,15,HH110,DEV0160,12.5,97.1,30.2,153.4,0.29,False
T006943,2025-06-23,15,HH115,DEV0169,14.3,94.8,32.52,196.5,0.64,False
T006944,2025-06-23,16,HH117,DEV0171,39.2,100.0,2.19,11.3,0.44,False
T006945,2025-06-23,17,HH120,DEV0176,33.7,100.0,4.24,24.9,0.38,False
T006946,2025-06-23,16,HH125,DEV0182,10.2,85.9,24.91,127.9,0.3,False
T006947,2025-06-23,19,HH126,DEV0184,14.0,100.0,6.54,34.5,0.2,False
T006948,2025-06-23,16,HH127,DEV0186,7.1,80.8,37.21,189.7,0.28,False
T006949,2025-06-23,17,HH129,DEV0188,19.1,88.8,4.11,30.8,0.58,False
T006950,2025-06-23,14,HH131,DEV0190,30.5,100.0,3.27,15.0,0.36,False
T006951,2025-06-23,16,HH132,DEV0192,33.0,100.0,3.35,23.0,0.27,False
T006952,2025-06-24,17,HH002,DEV0003,29.1,100.0,3.97,20.9,0.66,False
T006953,2025-06-24,18,HH004,DEV0005,39.8,100.0,4.33,23.1,0.26,False
T006954,2025-06-24,14,HH005,DEV0006,15.6,100.0,3.29,15.8,0.44,False
T006955,2025-06-24,17,HH011,DEV0015,24.3,100.0,45.12,235.2,0.48,False
T006956,2025-06-24,14,HH012,DEV0016,26.2,75.5,1.68,11.8,0.11,True
T006957,2025-06-24,13,HH028,DEV0040,6.7,95.3,34.22,250.7,0.47,False
T006958,2025-06-24,19,HH031,DEV0045,22.4,100.0,39.5,182.0,0.29,False
T006959,2025-06-24,19,HH033,DEV0048,12.5,94.3,5.24,33.7,0.18,False
T006960,2025-06-24,19,HH034,DEV0049,12.7,98.5,6.44,31.2,0.2,False
T006961,2025-06-24,16,HH037,DEV0053,35.9,100.0,3.01,13.5,0.7,False
T006962,2025-06-24,14,HH040,DEV0059,29.0,100.0,2.2,9.8,0.59,False
T006963,2025-06-24,17,HH044,DEV0066,22.7,100.0,24.19,138.4,0.73,False
T006964,2025-06-24,15,HH045,DEV0067,39.2,100.0,31.25,151.9,0.75,False
T006965,2025-06-24,17,HH051,DEV0075,23.3,100.0,3.76,16.9,0.61,False
T006966,2025-06-24,15,HH057,DEV0084,34.2,100.0,2.11,11.0,0.9,False
T006967,2025-06-24,17,HH063,DEV0093,14.2,100.0,24.62,113.6,0.31,False
T006968,2025-06-24,19,HH067,DEV0099,11.0,92.7,6.54,41.0,0.82,False
T006969,2025-06-24,13,HH071,DEV0103,33.1,100.0,4.21,24.6,0.49,False
T006970,2025-06-24,19,HH075,DEV0109,37.6,100.0,25.46,139.1,0.47,False
T006971,2025-06-24,14,HH077,DEV0112,14.7,100.0,6.23,34.7,0.39,False
T006972,2025-06-24,19,HH079,DEV0115,22.7,100.0,38.03,225.8,0.17,False
T006973,2025-06-24,17,HH082,DEV0121,5.2,85.4,34.66,165.6,0.55,False
T006974,2025-06-24,17,HH085,DEV0124,12.2,93.0,27.15,168.5,0.08,False
T006975,2025-06-24,15,HH086,DEV0126,11.1,92.0,25.16,122.7,0.46,False
T006976,2025-06-24,19,HH088,DEV0129,37.3,100.0,28.9,146.2,0.28,False
T006977,2025-06-24,16,HH089,DEV0130,5.4,86.0,3.63,20.9,0.1,False
T006978,2025-06-24,17,HH091,DEV0133,33.9,100.0,2.97,15.7,0.38,False
T006979,2025-06-24,19,HH103,DEV0149,39.7,100.0,2.59,11.4,0.86,False
T006980,2025-06-24,16,HH108,DEV0155,22.6,100.0,34.75,153.0,0.44,False
T006981,2025-06-24,16,HH110,DEV0158,36.9,100.0,2.08,10.7,0.27,False
T006982,2025-06-24,12,HH113,DEV0164,11.0,83.0,15.56,70.4,0.35,False
T006983,2025-06-24,19,HH114,DEV0166,14.2,95.2,5.11,25.5,0.33,False
T006984,2025-06-24,19,HH117,DEV0171,25.6,100.0,2.68,15.2,0.3,False
T006985,2025-06-24,17,HH118,DEV0172,27.4,100.0,33.76,145.1,0.26,False
T006986,2025-06-24,16,HH122,DEV0179,16.8,88.4,23.5,114.2,0.56,False
T006987,2025-06-24,16,HH123,DEV0180,34.1,100.0,13.77,91.0,0.24,False
T006988,2025-06-24,13,HH126,DEV0184,30.8,100.0,5.26,34.2,0.23,False
T006989,2025-06-24,18,HH128,DEV0187,11.0,93.0,3.44,15.3,0.16,False
T006990,2025-06-24,15,HH131,DEV0190,30.9,100.0,3.25,21.9,0.43,False
T006991,2025-06-24,19,HH132,DEV0192,26.9,100.0,3.66,20.6,0.36,False
T006992,2025-06-24,14,HH134,DEV0197,17.5,96.6,19.37,123.2,0.24,False
T006993,2025-06-24,18,HH137,DEV0201,6.6,82.3,44.75,320.6,1.14,False
T006994,2025-06-24,19,HH140,DEV0206,8.1,89.2,20.92,122.0,0.31,False
T006995,2025-06-25,18,HH002,DEV0002,33.3,100.0,37.89,254.1,0.55,False
T006996,2025-06-25,10,HH004,DEV0005,11.7,84.2,5.22,38.9,0.14,False
T006997,2025-06-25,17,HH007,DEV0008,20.6,98.5,2.96,15.4,0.27,False
T006998,2025-06-25,18,HH009,DEV0013,7.4,84.1,4.29,26.2,0.18,False
T006999,2025-06-25,16,HH011,DEV0015,7.3,97.9,53.97,241.6,0.42,False
T007000,2025-06-25,18,HH017,DEV0022,10.1,89.5,17.72,92.2,0.76,False
T007001,2025-06-25,14,HH021,DEV0028,24.3,100.0,20.51,97.2,0.44,False
T007002,2025-06-25,16,HH023,DEV0033,20.0,100.0,31.28,160.9,0.14,False
T007003,2025-06-25,19,HH027,DEV0039,9.1,79.6,2.26,11.5,0.27,False
T007004,2025-06-25,18,HH029,DEV0042,33.2,100.0,34.8,201.6,0.28,False
T007005,2025-06-25,19,HH031,DEV0046,25.6,100.0,38.69,222.3,0.49,False
T007006,2025-06-25,15,HH032,DEV0047,30.3,100.0,4.25,19.1,0.41,False
T007007,2025-06-25,16,HH033,DEV0048,26.6,100.0,4.7,29.2,0.23,False
T007008,2025-06-25,19,HH034,DEV0049,13.9,98.2,6.33,27.9,0.31,False
T007009,2025-06-25,13,HH036,DEV0052,9.7,96.7,6.44,43.6,0.57,False
T007010,2025-06-25,15,HH038,DEV0054,13.8,85.6,22.9,139.7,0.59,False
T007011,2025-06-25,17,HH039,DEV0058,6.0,94.5,4.25,24.7,0.95,False
T007012,2025-06-25,11,HH041,DEV0060,20.5,96.3,3.87,24.7,0.16,False
T007013,2025-06-25,18,HH043,DEV0064,13.9,92.8,36.36,159.3,0.5,False
T007014,2025-06-25,19,HH044,DEV0066,28.2,100.0,22.47,165.2,0.7,False
T007015,2025-06-25,16,HH047,DEV0070,37.3,100.0,15.11,69.0,0.14,False
T007016,2025-06-25,15,HH048,DEV0072,28.4,100.0,5.58,28.1,0.06,False
T007017,2025-06-25,14,HH058,DEV0086,39.5,100.0,2.18,13.0,0.51,False
T007018,2025-06-25,17,HH059,DEV0087,29.8,100.0,4.07,18.3,0.27,False
T007019,2025-06-25,14,HH062,DEV0092,18.6,92.5,24.17,138.8,0.41,False
T007020,2025-06-25,13,HH063,DEV0094,6.5,84.1,2.64,15.0,0.43,False
T007021,2025-06-25,18,HH068,DEV0100,7.1,78.4,30.95,185.1,0.59,False
T007022,2025-06-25,12,HH069,DEV0101,12.4,100.0,48.36,217.5,0.22,False
T007023,2025-06-25,18,HH072,DEV0104,19.3,99.1,23.38,163.9,0.05,False
T007024,2025-06-25,17,HH073,DEV0106,35.5,100.0,4.13,18.2,0.19,False
T007025,2025-06-25,14,HH081,DEV0117,14.5,87.6,17.54,94.3,0.7,False
T007026,2025-06-25,19,HH088,DEV0129,12.9,84.7,33.11,182.4,0.28,False
T007027,2025-06-25,18,HH092,DEV0134,7.9,89.7,36.56,160.7,0.46,False
T007028,2025-06-25,19,HH095,DEV0139,13.3,86.1,18.07,91.5,0.82,False
T007029,2025-06-25,19,HH098,DEV0143,30.9,100.0,3.94,22.8,0.81,False
T007030,2025-06-25,19,HH099,DEV0144,12.9,100.0,6.71,45.3,0.27,False
T007031,2025-06-25,13,HH101,DEV0147,19.0,98.5,2.86,18.0,0.05,False
T007032,2025-06-25,17,HH104,DEV0150,39.7,100.0,19.84,136.0,0.18,False
T007033,2025-06-25,16,HH107,DEV0154,6.5,85.0,2.59,12.5,0.34,False
T007034,2025-06-25,14,HH111,DEV0161,27.3,100.0,4.8,30.2,0.38,False
T007035,2025-06-25,19,HH114,DEV0167,13.1,91.9,6.07,34.8,0.49,False
T007036,2025-06-25,16,HH117,DEV0171,35.2,100.0,2.33,10.6,0.35,False
T007037,2025-06-25,18,HH120,DEV0176,14.0,89.2,4.81,27.4,0.41,False
T007038,2025-06-25,17,HH122,DEV0179,27.4,100.0,23.81,113.6,0.78,False
T007039,2025-06-25,16,HH127,DEV0185,20.3,91.4,41.99,245.4,0.2,False
T007040,2025-06-25,16,HH129,DEV0188,10.6,98.2,5.17,36.7,0.51,False
T007041,2025-06-25,14,HH133,DEV0193,10.2,85.4,2.86,13.7,0.14,False
T007042,2025-06-25,17,HH135,DEV0198,33.3,100.0,3.87,24.9,0.11,False
T007043,2025-06-25,19,HH136,DEV0199,36.9,100.0,29.09,168.9,0.5,False
T007044,2025-06-25,19,HH137,DEV0201,8.0,85.8,45.99,309.8,0.76,False
T007045,2025-06-26,17,HH002,DEV0003,5.9,81.5,4.23,20.7,0.55,False
T007046,2025-06-26,19,HH007,DEV0009,12.0,100.0,21.82,154.1,0.27,False
T007047,2025-06-26,19,HH014,DEV0019,24.0,100.0,3.42,19.8,0.24,False
T007048,2025-06-26,18,HH015,DEV0020,9.7,90.0,2.73,18.0,0.58,False
T007049,2025-06-26,19,HH017,DEV0023,30.3,100.0,3.97,29.2,0.62,False
T007050,2025-06-26,15,HH021,DEV0029,18.6,90.2,2.86,20.6,0.29,False
T007051,2025-06-26,18,HH022,DEV0031,30.5,100.0,14.11,99.1,0.42,False
T007052,2025-06-26,18,HH024,DEV0035,25.7,100.0,40.64,210.6,0.52,False
T007053,2025-06-26,17,HH026,DEV0038,39.3,100.0,30.35,148.2,0.24,False
T007054,2025-06-26,14,HH031,DEV0045,6.4,93.9,44.56,221.0,0.39,False
T007055,2025-06-26,16,HH033,DEV0048,23.5,100.0,4.9,24.3,0.23,False
T007056,2025-06-26,17,HH034,DEV0049,23.6,100.0,5.73,29.4,0.16,False
T007057,2025-06-26,16,HH036,DEV0052,34.2,100.0,4.87,23.8,0.62,False
T007058,2025-06-26,17,HH038,DEV0055,15.8,97.8,3.03,15.0,0.8,False
T007059,2025-06-26,15,HH039,DEV0056,19.1,100.0,35.43,232.3,0.6,False
T007060,2025-06-26,18,HH041,DEV0060,28.7,100.0,3.64,19.6,0.1,False
T007061,2025-06-26,19,HH045,DEV0067,27.0,100.0,37.52,188.9,0.77,False
T007062,2025-06-26,17,HH058,DEV0086,7.2,87.9,2.9,16.5,0.33,False
T007063,2025-06-26,18,HH062,DEV0092,37.0,100.0,20.6,89.4,0.42,False
T007064,2025-06-26,15,HH063,DEV0094,37.8,100.0,2.11,11.2,0.32,False
T007065,2025-06-26,13,HH068,DEV0100,30.6,100.0,30.12,209.8,0.51,False
T007066,2025-06-26,18,HH077,DEV0111,38.5,100.0,4.8,28.7,0.29,False
T007067,2025-06-26,15,HH078,DEV0113,20.3,96.9,4.06,18.0,0.6,False
T007068,2025-06-26,15,HH079,DEV0115,11.0,91.5,39.6,173.0,0.21,False
T007069,2025-06-26,17,HH081,DEV0117,14.8,91.5,18.42,117.1,0.85,False
T007070,2025-06-26,14,HH088,DEV0129,28.6,100.0,32.92,141.2,0.26,False
T007071,2025-06-26,17,HH089,DEV0130,8.5,92.1,3.76,26.5,0.09,False
T007072,2025-06-26,19,HH094,DEV0137,13.6,100.0,4.23,26.0,0.25,False
T007073,2025-06-26,16,HH100,DEV0145,6.5,94.8,35.95,170.1,0.23,False
T007074,2025-06-26,13,HH101,DEV0147,21.1,95.4,2.67,17.7,0.06,False
T007075,2025-06-26,16,HH104,DEV0150,8.2,94.9,28.52,153.8,0.15,False
T007076,2025-06-26,16,HH106,DEV0152,8.2,78.7,37.15,258.4,0.25,False
T007077,2025-06-26,17,HH108,DEV0155,11.9,84.9,32.75,211.8,0.62,False
T007078,2025-06-26,16,HH110,DEV0159,32.4,100.0,2.43,14.9,0.37,False
T007079,2025-06-26,15,HH114,DEV0167,11.5,98.2,6.68,30.6,0.58,False
T007080,2025-06-26,19,HH115,DEV0169,11.7,100.0,35.67,156.8,0.48,False
T007081,2025-06-26,17,HH118,DEV0173,7.3,97.2,4.13,20.7,0.19,False
T007082,2025-06-26,13,HH120,DEV0176,17.1,100.0,5.31,33.3,0.49,False
T007083,2025-06-26,16,HH122,DEV0179,20.6,92.3,23.52,138.3,0.57,False
T007084,2025-06-26,16,HH123,DEV0180,16.8,100.0,17.39,100.8,0.33,False
T007085,2025-06-26,13,HH135,DEV0198,23.3,99.4,4.41,20.5,0.09,False
T007086,2025-06-26,14,HH136,DEV0199,22.4,100.0,35.77,160.7,0.34,False
T007087,2025-06-26,18,HH138,DEV0203,8.8,83.9,25.61,144.0,0.27,False
T007088,2025-06-26,18,HH139,DEV0205,38.3,100.0,4.13,29.9,0.21,False
T007089,2025-06-26,16,HH140,DEV0206,23.9,100.0,19.63,128.6,0.33,False
T007090,2025-06-27,15,HH012,DEV0016,19.7,65.8,1.57,6.8,0.09,True
T007091,2025-06-27,17,HH016,DEV0021,15.9,97.5,37.12,276.5,0.23,False
T007092,2025-06-27,16,HH019,DEV0026,32.7,100.0,22.61,110.9,0.24,False
T007093,2025-06-27,19,HH022,DEV0030,31.8,100.0,3.07,13.2,0.48,False
T007094,2025-06-27,16,HH023,DEV0033,24.6,98.3,28.8,190.5,0.18,False
T007095,2025-06-27,13,HH025,DEV0037,22.0,100.0,45.86,276.9,0.44,False
T007096,2025-06-27,15,HH033,DEV0048,29.3,100.0,4.52,22.2,0.17,False
T007097,2025-06-27,16,HH035,DEV0050,35.8,100.0,21.76,97.0,0.44,False
T007098,2025-06-27,14,HH044,DEV0066,29.4,100.0,22.1,100.5,0.62,False
T007099,2025-06-27,19,HH045,DEV0067,13.2,85.3,37.04,183.3,0.7,False
T007100,2025-06-27,15,HH048,DEV0071,12.2,100.0,35.56,156.8,0.07,False
T007101,2025-06-27,18,HH049,DEV0073,28.8,100.0,2.99,13.1,0.11,False
T007102,2025-06-27,19,HH057,DEV0084,29.8,100.0,2.25,10.4,0.78,False
T007103,2025-06-27,17,HH058,DEV0086,22.8,100.0,2.78,12.0,0.5,False
T007104,2025-06-27,15,HH060,DEV0088,16.6,93.4,5.61,30.0,0.88,False
T007105,2025-06-27,13,HH064,DEV0095,8.4,92.6,2.61,15.1,0.6,False
T007106,2025-06-27,19,HH065,DEV0096,6.4,92.9,42.84,226.2,0.7,False
T007107,2025-06-27,13,HH066,DEV0098,26.4,69.8,2.82,15.7,0.34,True
T007108,2025-06-27,16,HH080,DEV0116,36.4,100.0,4.77,33.8,0.5,False
T007109,2025-06-27,17,HH083,DEV0122,25.7,99.6,28.6,156.7,0.26,False
T007110,2025-06-27,18,HH089,DEV0130,36.8,100.0,2.84,16.0,0.15,False
T007111,2025-06-27,19,HH091,DEV0133,11.3,88.0,3.45,22.9,0.53,False
T007112,2025-06-27,12,HH092,DEV0134,34.5,100.0,29.28,129.2,0.31,False
T007113,2025-06-27,17,HH093,DEV0135,12.4,98.8,3.71,18.9,0.44,False
T007114,2025-06-27,18,HH094,DEV0137,13.6,85.6,3.53,20.9,0.21,False
T007115,2025-06-27,15,HH095,DEV0139,12.0,92.3,19.9,100.3,0.78,False
T007116,2025-06-27,18,HH100,DEV0146,12.8,100.0,4.97,27.7,0.19,False
T007117,2025-06-27,13,HH105,DEV0151,38.9,100.0,3.06,18.3,0.18,False
T007118,2025-06-27,14,HH107,DEV0153,14.3,91.8,2.95,18.1,0.28,False
T007119,2025-06-27,13,HH109,DEV0156,10.4,94.7,6.41,44.4,0.36,False
T007120,2025-06-27,19,HH112,DEV0163,17.6,100.0,27.77,154.0,0.33,False
T007121,2025-06-27,16,HH113,DEV0165,32.2,100.0,5.08,35.3,0.47,False
T007122,2025-06-27,19,HH114,DEV0166,11.1,92.1,5.1,27.9,0.63,False
T007123,2025-06-27,18,HH116,DEV0170,13.9,91.9,26.3,185.3,0.85,False
T007124,2025-06-27,13,HH117,DEV0171,23.1,100.0,2.77,17.4,0.42,False
T007125,2025-06-27,18,HH119,DEV0174,17.6,93.2,22.59,101.7,0.3,False
T007126,2025-06-27,13,HH124,DEV0181,15.0,99.4,37.49,203.8,0.78,False
T007127,2025-06-27,18,HH127,DEV0185,19.5,100.0,47.58,213.4,0.22,False
T007128,2025-06-27,13,HH128,DEV0187,13.4,100.0,3.64,21.0,0.1,False
T007129,2025-06-27,16,HH130,DEV0189,9.1,88.7,5.65,24.9,0.14,False
T007130,2025-06-27,16,HH135,DEV0198,21.6,100.0,4.55,32.2,0.11,False
T007131,2025-06-27,16,HH136,DEV0199,9.8,83.5,33.96,169.2,0.48,False
T007132,2025-06-27,13,HH138,DEV0203,11.2,95.3,28.67,155.8,0.15,False
T007133,2025-06-28,14,HH001,DEV0001,17.0,98.6,28.09,152.8,0.28,False
T007134,2025-06-28,13,HH011,DEV0015,17.9,99.1,48.39,331.0,0.54,False
T007135,2025-06-28,19,HH013,DEV0018,18.5,100.0,6.11,27.5,0.67,False
T007136,2025-06-28,13,HH022,DEV0030,16.4,95.3,3.55,20.1,0.4,False
T007137,2025-06-28,14,HH023,DEV0033,20.3,91.4,27.82,123.0,0.14,False
T007138,2025-06-28,17,HH031,DEV0045,8.0,98.0,45.8,294.5,0.41,False
T007139,2025-06-28,14,HH032,DEV0047,16.6,93.0,4.66,26.8,0.46,False
T007140,2025-06-28,16,HH041,DEV0060,28.5,100.0,3.65,26.3,0.18,False
T007141,2025-06-28,16,HH042,DEV0061,19.2,100.0,33.61,241.1,0.25,False
T007142,2025-06-28,15,HH051,DEV0075,21.7,97.6,3.72,26.0,0.59,False
T007143,2025-06-28,16,HH052,DEV0077,16.7,88.3,3.65,20.5,0.32,False
T007144,2025-06-28,19,HH054,DEV0079,25.4,99.3,3.47,17.7,0.3,False
T007145,2025-06-28,16,HH056,DEV0082,8.5,95.1,4.07,23.1,0.53,False
T007146,2025-06-28,16,HH062,DEV0092,24.3,100.0,24.75,131.4,0.25,False
T007147,2025-06-28,19,HH063,DEV0094,33.9,100.0,2.25,12.4,0.46,False
T007148,2025-06-28,17,HH066,DEV0098,25.3,69.0,2.84,12.8,0.27,True
T007149,2025-06-28,15,HH067,DEV0099,21.3,100.0,6.3,44.4,0.47,False
T007150,2025-06-28,17,HH078,DEV0114,24.8,100.0,26.47,139.6,0.78,False
T007151,2025-06-28,18,HH081,DEV0117,29.4,100.0,16.94,80.4,0.6,False
T007152,2025-06-28,18,HH084,DEV0123,6.5,92.1,4.28,27.8,0.75,False
T007153,2025-06-28,16,HH087,DEV0128,26.9,100.0,2.34,16.3,0.35,False
T007154,2025-06-28,15,HH088,DEV0129,23.9,98.1,34.2,240.3,0.17,False
T007155,2025-06-28,19,HH092,DEV0134,39.9,100.0,26.86,175.9,0.46,False
T007156,2025-06-28,17,HH094,DEV0137,17.4,94.8,3.79,20.9,0.25,False
T007157,2025-06-28,16,HH097,DEV0141,26.2,100.0,3.84,26.6,0.28,False
T007158,2025-06-28,9,HH098,DEV0143,27.0,98.5,4.07,19.7,0.75,False
T007159,2025-06-28,19,HH101,DEV0147,6.8,80.2,2.64,13.5,0.07,False
T007160,2025-06-28,16,HH102,DEV0148,37.3,100.0,16.62,98.3,0.97,False
T007161,2025-06-28,16,HH103,DEV0149,11.4,100.0,3.81,21.1,0.56,False
T007162,2025-06-28,17,HH104,DEV0150,27.0,100.0,24.02,148.9,0.21,False
T007163,2025-06-28,15,HH105,DEV0151,12.7,99.2,4.32,28.4,0.2,False
T007164,2025-06-28,18,HH107,DEV0154,27.3,98.5,2.35,11.2,0.38,False
T007165,2025-06-28,16,HH109,DEV0157,21.5,98.7,4.79,31.9,0.52,False
T007166,2025-06-28,16,HH121,DEV0177,31.0,100.0,3.93,17.5,0.48,False
T007167,2025-06-28,15,HH122,DEV0179,36.1,100.0,20.96,98.6,0.72,False
T007168,2025-06-28,16,HH123,DEV0180,26.3,100.0,15.4,98.1,0.24,False
T007169,2025-06-28,14,HH128,DEV0187,39.4,100.0,2.55,11.6,0.14,False
T007170,2025-06-28,14,HH132,DEV0191,6.5,87.5,20.66,103.4,0.34,False
T007171,2025-06-28,12,HH137,DEV0202,6.3,50.1,2.23,13.4,0.79,True
T007172,2025-06-28,13,HH139,DEV0204,26.4,100.0,26.99,180.2,0.36,False
T007173,2025-06-29,17,HH003,DEV0004,29.2,100.0,28.18,178.3,0.46,False
T007174,2025-06-29,19,HH004,DEV0005,37.2,100.0,4.52,22.3,0.17,False
T007175,2025-06-29,18,HH007,DEV0008,9.0,98.7,3.41,24.9,0.37,False
T007176,2025-06-29,14,HH009,DEV0013,26.8,100.0,4.1,24.1,0.2,False
T007177,2025-06-29,19,HH010,DEV0014,27.9,100.0,42.97,319.2,0.43,False
T007178,2025-06-29,17,HH013,DEV0017,40.0,100.0,3.18,15.5,0.9,False
T007179,2025-06-29,15,HH015,DEV0020,10.5,96.3,2.92,18.4,0.39,False
T007180,2025-06-29,13,HH017,DEV0023,30.9,100.0,3.94,18.5,0.71,False
T007181,2025-06-29,15,HH019,DEV0026,12.1,85.3,24.6,127.9,0.29,False
T007182,2025-06-29,19,HH020,DEV0027,23.0,100.0,2.7,14.0,0.19,False
T007183,2025-06-29,15,HH021,DEV0028,31.2,100.0,18.64,88.3,0.43,False
T007184,2025-06-29,19,HH023,DEV0032,20.4,100.0,47.2,306.7,0.1,False
T007185,2025-06-29,19,HH024,DEV0034,14.7,91.1,44.69,203.3,0.87,False
T007186,2025-06-29,19,HH028,DEV0040,29.0,100.0,27.41,150.2,0.26,False
T007187,2025-06-29,17,HH029,DEV0041,9.2,87.4,5.47,35.7,0.57,False
T007188,2025-06-29,17,HH031,DEV0046,6.8,97.4,47.1,282.1,0.35,False
T007189,2025-06-29,17,HH033,DEV0048,16.0,100.0,5.38,25.2,0.29,False
T007190,2025-06-29,14,HH035,DEV0050,38.3,100.0,20.92,146.9,0.41,False
T007191,2025-06-29,17,HH038,DEV0054,38.8,100.0,19.52,133.7,0.41,False
T007192,2025-06-29,19,HH040,DEV0059,11.8,96.5,2.62,19.3,0.42,False
T007193,2025-06-29,15,HH041,DEV0060,28.1,100.0,3.67,16.6,0.09,False
T007194,2025-06-29,16,HH043,DEV0064,35.2,100.0,29.87,132.9,0.44,False
T007195,2025-06-29,15,HH044,DEV0066,20.2,100.0,24.98,182.3,0.55,False
T007196,2025-06-29,15,HH053,DEV0078,37.5,100.0,12.5,85.5,0.16,False
T007197,2025-06-29,17,HH056,DEV0082,18.3,88.2,3.29,18.0,0.62,False
T007198,2025-06-29,19,HH057,DEV0084,20.4,100.0,2.55,17.7,0.68,False
T007199,2025-06-29,14,HH061,DEV0090,16.5,93.0,5.81,33.1,0.56,False
T007200,2025-06-29,17,HH063,DEV0093,14.9,92.6,22.31,153.2,0.53,False
T007201,2025-06-29,18,HH066,DEV0098,9.6,50.6,2.67,13.7,0.27,True
T007202,2025-06-29,19,HH068,DEV0100,6.5,85.5,34.31,176.7,0.71,False
T007203,2025-06-29,17,HH071,DEV0103,15.9,93.2,4.87,23.0,0.65,False
T007204,2025-06-29,17,HH073,DEV0105,30.1,100.0,4.26,26.1,0.23,False
T007205,2025-06-29,18,HH076,DEV0110,31.6,100.0,24.49,123.4,0.49,False
T007206,2025-06-29,13,HH077,DEV0112,13.3,92.1,5.75,42.4,0.36,False
T007207,2025-06-29,17,HH079,DEV0115,23.8,100.0,37.49,258.8,0.25,False
T007208,2025-06-29,12,HH080,DEV0116,14.5,83.6,5.18,22.6,0.51,False
T007209,2025-06-29,19,HH082,DEV0121,36.2,100.0,27.56,121.3,0.81,False
T007210,2025-06-29,15,HH087,DEV0128,9.6,79.7,2.24,13.7,0.23,False
T007211,2025-06-29,13,HH089,DEV0130,39.8,100.0,2.71,13.5,0.15,False
T007212,2025-06-29,19,HH091,DEV0133,13.1,86.8,3.32,17.4,0.61,False
T007213,2025-06-29,15,HH092,DEV0134,21.6,100.0,35.04,166.3,0.32,False
T007214,2025-06-29,16,HH098,DEV0142,39.3,100.0,33.38,231.8,0.64,False
T007215,2025-06-29,15,HH099,DEV0144,7.1,77.1,5.39,38.6,0.27,False
T007216,2025-06-29,13,HH100,DEV0146,22.6,100.0,4.41,22.7,0.16,False
T007217,2025-06-29,16,HH101,DEV0147,39.5,100.0,2.18,14.2,0.07,False
T007218,2025-06-29,13,HH102,DEV0148,26.2,100.0,19.56,84.8,0.6,False
T007219,2025-06-29,17,HH103,DEV0149,8.9,88.0,3.4,16.0,0.77,False
T007220,2025-06-29,19,HH104,DEV0150,7.3,96.9,29.47,204.3,0.26,False
T007221,2025-06-29,17,HH108,DEV0155,10.4,100.0,40.23,287.0,0.72,False
T007222,2025-06-29,19,HH111,DEV0161,29.7,100.0,4.64,31.4,0.69,False
T007223,2025-06-29,19,HH114,DEV0166,9.9,94.6,5.34,29.8,0.51,False
T007224,2025-06-29,15,HH119,DEV0174,26.7,100.0,21.92,149.1,0.3,False
T007225,2025-06-29,16,HH120,DEV0176,9.1,94.4,5.46,24.8,0.32,False
T007226,2025-06-29,15,HH123,DEV0180,18.0,100.0,17.14,97.0,0.3,False
T007227,2025-06-29,16,HH125,DEV0183,30.5,100.0,3.75,22.1,0.3,False
T007228,2025-06-29,12,HH128,DEV0187,13.7,95.1,3.42,22.1,0.14,False
T007229,2025-06-29,19,HH129,DEV0188,5.9,77.1,4.2,23.6,0.53,False
T007230,2025-06-29,17,HH131,DEV0190,13.9,85.8,3.38,24.7,0.44,False
T007231,2025-06-29,16,HH132,DEV0191,20.6,96.1,19.26,120.1,0.33,False
T007232,2025-06-29,16,HH134,DEV0197,29.3,100.0,17.32,115.7,0.22,False
T007233,2025-06-29,19,HH136,DEV0199,21.4,95.5,34.16,161.8,0.55,False
T007234,2025-06-29,13,HH137,DEV0202,6.8,40.9,1.74,12.3,0.89,True
T007235,2025-06-30,13,HH001,DEV0001,30.1,100.0,24.05,135.5,0.35,False
T007236,2025-06-30,18,HH003,DEV0004,7.1,90.2,33.05,177.9,0.6,False
T007237,2025-06-30,19,HH004,DEV0005,18.0,96.3,5.64,42.1,0.26,False
T007238,2025-06-30,19,HH007,DEV0009,8.6,88.9,19.92,134.1,0.27,False
T007239,2025-06-30,19,HH009,DEV0013,13.7,97.5,4.69,26.2,0.24,False
T007240,2025-06-30,18,HH012,DEV0016,23.6,72.6,1.67,10.1,0.12,True
T007241,2025-06-30,14,HH015,DEV0020,16.0,86.4,2.4,15.3,0.32,False
T007242,2025-06-30,17,HH018,DEV0024,29.6,100.0,4.79,22.9,0.65,False
T007243,2025-06-30,14,HH019,DEV0026,10.9,86.7,25.48,170.8,0.24,False
T007244,2025-06-30,17,HH026,DEV0038,15.5,100.0,42.25,284.1,0.18,False
T007245,2025-06-30,13,HH027,DEV0039,17.6,87.8,2.25,14.6,0.2,False
T007246,2025-06-30,13,HH028,DEV0040,7.4,94.1,33.47,244.9,0.44,False
T007247,2025-06-30,19,HH032,DEV0047,20.7,98.9,4.77,23.5,0.57,False
T007248,2025-06-30,19,HH033,DEV0048,37.8,100.0,3.98,29.3,0.28,False
T007249,2025-06-30,11,HH036,DEV0051,8.1,83.9,4.55,32.9,0.62,False
T007250,2025-06-30,19,HH045,DEV0067,28.9,100.0,36.55,226.7,0.69,False
T007251,2025-06-30,15,HH054,DEV0079,21.8,100.0,3.68,17.3,0.43,False
T007252,2025-06-30,19,HH058,DEV0086,33.1,100.0,2.41,11.1,0.3,False
T007253,2025-06-30,15,HH059,DEV0087,13.8,88.0,4.3,19.1,0.18,False
T007254,2025-06-30,15,HH067,DEV0099,18.7,88.8,5.6,31.8,0.49,False
T007255,2025-06-30,19,HH071,DEV0103,34.5,100.0,4.13,30.9,0.33,False
T007256,2025-06-30,18,HH072,DEV0104,25.6,100.0,21.8,155.9,0.08,False
T007257,2025-06-30,17,HH077,DEV0112,12.9,92.3,5.8,26.5,0.39,False
T007258,2025-06-30,19,HH078,DEV0114,21.8,98.2,26.9,123.4,0.49,False
T007259,2025-06-30,19,HH082,DEV0121,7.8,87.5,34.44,172.7,0.77,False
T007260,2025-06-30,18,HH085,DEV0124,28.1,100.0,24.16,157.1,0.09,False
T007261,2025-06-30,16,HH086,DEV0126,37.0,100.0,19.59,119.2,0.31,False
T007262,2025-06-30,18,HH089,DEV0130,22.0,100.0,3.51,15.7,0.08,False
T007263,2025-06-30,15,HH097,DEV0141,32.5,100.0,3.51,15.9,0.44,False
T007264,2025-06-30,16,HH101,DEV0147,23.6,100.0,2.75,18.1,0.05,False
T007265,2025-06-30,13,HH105,DEV0151,29.1,100.0,3.55,23.8,0.15,False
T007266,2025-06-30,16,HH106,DEV0152,36.6,100.0,33.41,200.1,0.14,False
T007267,2025-06-30,15,HH108,DEV0155,12.6,96.7,37.77,253.8,0.47,False
T007268,2025-06-30,14,HH112,DEV0163,6.8,91.3,28.48,135.8,0.29,False
T007269,2025-06-30,19,HH113,DEV0165,26.3,100.0,5.53,31.6,0.3,False
T007270,2025-06-30,18,HH114,DEV0166,32.1,100.0,4.28,29.0,0.55,False
T007271,2025-06-30,18,HH115,DEV0169,12.5,84.5,29.07,159.8,0.49,False
T007272,2025-06-30,16,HH117,DEV0171,18.2,100.0,2.94,12.7,0.26,False
T007273,2025-06-30,17,HH118,DEV0173,32.6,100.0,3.1,17.0,0.18,False
T007274,2025-06-30,19,HH119,DEV0174,32.4,100.0,20.21,89.2,0.34,False
T007275,2025-06-30,14,HH122,DEV0179,28.3,100.0,23.52,175.2,0.4,False
T007276,2025-06-30,15,HH126,DEV0184,15.7,100.0,6.41,38.5,0.22,False
T007277,2025-06-30,15,HH132,DEV0192,35.0,100.0,3.25,17.1,0.25,False
T007278,2025-06-30,16,HH133,DEV0193,18.7,100.0,3.09,14.5,0.19,False
T007279,2025-06-30,19,HH136,DEV0199,20.2,100.0,36.79,163.2,0.44,False
T007280,2025-06-30,13,HH137,DEV0200,21.4,100.0,2.75,19.9,0.71,False
T007281,2025-06-30,19,HH140,DEV0206,18.9,100.0,20.92,141.4,0.38,False
T007282,2025-07-01,19,HH003,DEV0004,23.6,100.0,30.41,160.7,0.67,False
T007283,2025-07-01,16,HH005,DEV0006,21.7,100.0,3.05,21.6,0.37,False
T007284,2025-07-01,18,HH014,DEV0019,12.9,100.0,3.92,26.8,0.38,False
T007285,2025-07-01,16,HH015,DEV0020,32.9,100.0,2.28,10.4,0.5,False
T007286,2025-07-01,13,HH018,DEV0024,26.4,100.0,5.0,33.5,0.41,False
T007287,2025-07-01,17,HH021,DEV0029,12.4,94.5,3.28,14.3,0.41,False
T007288,2025-07-01,15,HH026,DEV0038,15.1,100.0,42.45,285.1,0.19,False
T007289,2025-07-01,13,HH027,DEV0039,10.7,84.8,2.37,11.5,0.21,False
T007290,2025-07-01,19,HH028,DEV0040,5.5,91.2,33.08,149.9,0.37,False
T007291,2025-07-01,16,HH032,DEV0047,5.8,80.4,4.55,32.7,0.42,False
T007292,2025-07-01,14,HH043,DEV0064,27.4,100.0,33.47,170.2,0.38,False
T007293,2025-07-01,16,HH045,DEV0067,30.6,100.0,35.67,187.7,0.55,False
T007294,2025-07-01,19,HH054,DEV0079,27.5,100.0,3.41,25.2,0.28,False
T007295,2025-07-01,13,HH057,DEV0084,27.1,100.0,2.33,10.0,0.75,False
T007296,2025-07-01,13,HH059,DEV0087,12.5,92.8,4.66,25.2,0.22,False
T007297,2025-07-01,19,HH063,DEV0093,16.1,96.4,23.05,100.6,0.4,False
T007298,2025-07-01,13,HH064,DEV0095,29.7,100.0,2.18,15.9,0.58,False
T007299,2025-07-01,17,HH065,DEV0097,29.3,100.0,5.3,27.8,0.71,False
T007300,2025-07-01,16,HH066,DEV0098,24.5,65.4,2.66,12.2,0.4,True
T007301,2025-07-01,18,HH068,DEV0100,26.8,96.4,30.23,226.6,0.62,False
T007302,2025-07-01,12,HH069,DEV0101,8.6,92.7,46.41,259.1,0.26,False
T007303,2025-07-01,16,HH071,DEV0103,16.6,100.0,5.25,29.6,0.34,False
T007304,2025-07-01,17,HH073,DEV0105,17.9,100.0,5.01,22.6,0.22,False
T007305,2025-07-01,12,HH075,DEV0109,36.1,100.0,26.07,149.8,0.37,False
T007306,2025-07-01,15,HH076,DEV0110,39.0,100.0,21.84,106.4,0.51,False
T007307,2025-07-01,15,HH078,DEV0114,38.1,100.0,21.79,126.4,0.65,False
T007308,2025-07-01,16,HH081,DEV0117,30.7,100.0,16.63,117.2,0.53,False
T007309,2025-07-01,19,HH085,DEV0124,14.3,95.2,27.19,160.0,0.09,False
T007310,2025-07-01,19,HH086,DEV0125,19.6,90.9,2.5,14.7,0.34,False
T007311,2025-07-01,13,HH087,DEV0128,11.5,97.3,2.74,15.2,0.26,False
T007312,2025-07-01,17,HH088,DEV0129,39.7,100.0,27.8,181.7,0.17,False
T007313,2025-07-01,12,HH090,DEV0132,20.6,100.0,46.13,203.6,0.49,False
T007314,2025-07-01,15,HH092,DEV0134,21.0,100.0,35.31,158.0,0.36,False
T007315,2025-07-01,15,HH095,DEV0139,30.4,100.0,17.26,79.2,0.68,False
T007316,2025-07-01,14,HH096,DEV0140,14.6,88.4,5.31,27.3,0.11,False
T007317,2025-07-01,19,HH098,DEV0142,6.9,87.8,44.51,327.0,0.51,False
T007318,2025-07-01,17,HH100,DEV0145,8.9,85.6,31.2,190.0,0.23,False
T007319,2025-07-01,16,HH101,DEV0147,5.1,90.8,3.08,22.0,0.08,False
T007320,2025-07-01,17,HH102,DEV0148,37.0,100.0,16.7,123.8,0.61,False
T007321,2025-07-01,12,HH103,DEV0149,17.3,91.2,3.18,21.1,0.75,False
T007322,2025-07-01,16,HH105,DEV0151,5.9,82.4,3.82,21.1,0.14,False
T007323,2025-07-01,19,HH108,DEV0155,28.8,100.0,31.97,177.7,0.6,False
T007324,2025-07-01,19,HH110,DEV0159,11.4,84.9,2.65,12.8,0.28,False
T007325,2025-07-01,19,HH112,DEV0163,39.6,100.0,20.35,110.3,0.27,False
T007326,2025-07-01,19,HH114,DEV0167,35.5,100.0,4.97,22.2,0.47,False
T007327,2025-07-01,14,HH117,DEV0171,29.4,99.0,2.51,12.9,0.42,False
T007328,2025-07-01,19,HH118,DEV0172,30.6,100.0,32.27,197.3,0.25,False
T007329,2025-07-01,17,HH119,DEV0174,28.9,100.0,21.26,103.2,0.3,False
T007330,2025-07-01,16,HH120,DEV0176,21.0,99.6,5.03,25.4,0.38,False
T007331,2025-07-01,18,HH122,DEV0179,29.0,100.0,23.29,111.2,0.54,False
T007332,2025-07-01,14,HH123,DEV0180,15.8,100.0,17.6,95.4,0.38,False
T007333,2025-07-01,18,HH125,DEV0183,26.1,98.5,3.91,29.0,0.23,False
T007334,2025-07-01,17,HH127,DEV0186,19.9,99.0,39.92,278.9,0.27,False
T007335,2025-07-01,16,HH131,DEV0190,15.3,100.0,3.98,22.5,0.37,False
T007336,2025-07-01,16,HH134,DEV0197,6.8,90.4,20.49,135.4,0.14,False
T007337,2025-07-01,17,HH139,DEV0204,25.7,100.0,27.27,137.9,0.4,False
T007338,2025-07-01,16,HH140,DEV0206,34.8,100.0,16.82,125.4,0.53,False
T007339,2025-07-02,15,HH001,DEV0001,29.1,100.0,24.39,152.9,0.29,False
T007340,2025-07-02,19,HH007,DEV0009,14.2,98.6,20.93,109.8,0.21,False
T007341,2025-07-02,16,HH008,DEV0011,29.9,100.0,4.49,22.8,0.61,False
T007342,2025-07-02,19,HH010,DEV0014,6.2,81.5,44.88,226.9,0.46,False
T007343,2025-07-02,18,HH016,DEV0021,7.5,79.3,32.65,170.1,0.46,False
T007344,2025-07-02,16,HH018,DEV0025,38.5,100.0,24.72,153.9,0.56,False
T007345,2025-07-02,15,HH023,DEV0033,27.2,100.0,28.46,204.0,0.18,False
T007346,2025-07-02,19,HH029,DEV0041,14.2,95.6,5.7,31.4,0.38,False
T007347,2025-07-02,13,HH035,DEV0050,7.0,81.4,25.21,121.3,0.46,False
T007348,2025-07-02,19,HH038,DEV0055,12.4,93.4,3.0,14.7,0.41,False
T007349,2025-07-02,13,HH039,DEV0057,19.6,94.4,5.69,39.8,0.59,False
T007350,2025-07-02,12,HH046,DEV0068,27.9,100.0,33.89,233.7,0.07,False
T007351,2025-07-02,18,HH048,DEV0072,24.1,96.6,5.65,42.0,0.06,False
T007352,2025-07-02,16,HH054,DEV0079,26.4,100.0,3.46,20.0,0.46,False
T007353,2025-07-02,17,HH056,DEV0082,25.5,100.0,3.5,18.1,0.56,False
T007354,2025-07-02,19,HH058,DEV0086,8.9,87.4,2.83,18.1,0.36,False
T007355,2025-07-02,17,HH061,DEV0091,19.2,89.8,4.24,19.7,0.53,False
T007356,2025-07-02,19,HH062,DEV0092,32.4,100.0,22.11,130.3,0.49,False
T007357,2025-07-02,18,HH067,DEV0099,9.5,86.9,6.2,38.2,0.45,False
T007358,2025-07-02,16,HH071,DEV0103,31.6,100.0,4.31,30.4,0.47,False
T007359,2025-07-02,15,HH072,DEV0104,26.5,100.0,21.54,94.3,0.07,False
T007360,2025-07-02,14,HH077,DEV0112,14.0,94.6,5.89,35.5,0.36,False
T007361,2025-07-02,18,HH079,DEV0115,6.0,90.6,41.63,184.6,0.14,False
T007362,2025-07-02,14,HH082,DEV0120,29.7,100.0,3.23,17.8,0.76,False
T007363,2025-07-02,17,HH090,DEV0132,24.3,100.0,43.98,240.4,0.72,False
T007364,2025-07-02,15,HH095,DEV0139,35.6,100.0,15.97,76.9,0.73,False
T007365,2025-07-02,16,HH097,DEV0141,22.4,100.0,4.04,17.9,0.3,False
T007366,2025-07-02,17,HH099,DEV0144,6.5,84.0,5.97,35.2,0.3,False
T007367,2025-07-02,19,HH107,DEV0154,32.5,100.0,2.23,9.6,0.33,False
T007368,2025-07-02,15,HH113,DEV0164,23.0,100.0,16.63,100.9,0.33,False
T007369,2025-07-02,9,HH114,DEV0168,31.5,100.0,24.73,185.1,0.62,False
T007370,2025-07-02,19,HH120,DEV0176,19.9,100.0,5.13,29.0,0.32,False
T007371,2025-07-02,14,HH128,DEV0187,21.2,100.0,3.31,18.1,0.14,False
T007372,2025-07-02,11,HH129,DEV0188,37.9,100.0,3.66,25.2,0.65,False
T007373,2025-07-02,15,HH131,DEV0190,6.5,79.6,3.43,22.8,0.52,False
T007374,2025-07-02,16,HH132,DEV0192,36.7,100.0,3.16,16.5,0.41,False
T007375,2025-07-02,14,HH134,DEV0197,7.3,86.1,19.29,88.1,0.18,False
T007376,2025-07-02,18,HH136,DEV0199,34.9,100.0,30.01,167.7,0.59,False
T007377,2025-07-02,15,HH140,DEV0206,15.6,93.3,20.05,114.7,0.47,False
T007378,2025-07-03,19,HH003,DEV0004,25.0,100.0,29.85,187.9,0.65,False
T007379,2025-07-03,12,HH006,DEV0007,39.8,100.0,12.4,59.9,0.71,False
T007380,2025-07-03,19,HH011,DEV0015,8.6,87.8,47.21,335.6,0.58,False
T007381,2025-07-03,17,HH019,DEV0026,23.2,92.7,23.37,122.1,0.22,False
T007382,2025-07-03,15,HH028,DEV0040,23.9,100.0,29.37,151.4,0.45,False
T007383,2025-07-03,17,HH036,DEV0052,30.4,100.0,5.15,27.1,0.47,False
T007384,2025-07-03,13,HH038,DEV0055,19.1,97.2,2.89,12.7,0.83,False
T007385,2025-07-03,18,HH039,DEV0056,6.6,95.0,38.7,232.6,0.62,False
T007386,2025-07-03,19,HH045,DEV0067,38.1,100.0,31.82,163.4,0.89,False
T007387,2025-07-03,16,HH046,DEV0068,35.7,100.0,30.22,129.7,0.12,False
T007388,2025-07-03,17,HH047,DEV0070,12.0,93.6,19.67,89.6,0.11,False
T007389,2025-07-03,19,HH049,DEV0073,24.0,100.0,3.19,21.9,0.07,False
T007390,2025-07-03,15,HH050,DEV0074,14.2,92.6,3.61,21.1,0.38,False
T007391,2025-07-03,15,HH056,DEV0083,16.8,54.1,8.16,44.1,0.38,True
T007392,2025-07-03,17,HH060,DEV0089,22.6,100.0,20.51,128.1,0.61,False
T007393,2025-07-03,16,HH065,DEV0096,34.8,100.0,32.27,194.1,0.76,False
T007394,2025-07-03,19,HH072,DEV0104,36.7,100.0,18.55,115.7,0.08,False
T007395,2025-07-03,19,HH075,DEV0109,16.9,96.9,32.66,164.2,0.45,False
T007396,2025-07-03,19,HH078,DEV0114,11.4,100.0,31.19,141.5,0.58,False
T007397,2025-07-03,17,HH080,DEV0116,20.6,100.0,5.96,41.4,0.76,False
T007398,2025-07-03,18,HH081,DEV0117,17.4,99.6,19.72,92.8,0.7,False
T007399,2025-07-03,17,HH085,DEV0124,32.7,100.0,22.61,121.2,0.1,False
T007400,2025-07-03,13,HH086,DEV0127,7.7,87.2,3.1,16.1,0.28,False
T007401,2025-07-03,15,HH091,DEV0133,24.1,100.0,3.42,15.0,0.48,False
T007402,2025-07-03,14,HH093,DEV0135,31.7,100.0,2.94,15.6,0.38,False
T007403,2025-07-03,16,HH099,DEV0144,28.2,100.0,5.53,37.9,0.23,False
T007404,2025-07-03,19,HH107,DEV0154,33.8,100.0,2.18,13.5,0.29,False
T007405,2025-07-03,16,HH109,DEV0156,7.6,88.2,6.13,30.2,0.35,False
T007406,2025-07-03,15,HH110,DEV0158,26.5,100.0,2.43,13.1,0.37,False
T007407,2025-07-03,11,HH111,DEV0162,29.9,99.9,30.81,173.0,0.36,False
T007408,2025-07-03,15,HH112,DEV0163,24.0,100.0,25.61,113.6,0.36,False
T007409,2025-07-03,14,HH115,DEV0169,37.1,100.0,25.41,148.8,0.6,False
T007410,2025-07-03,18,HH118,DEV0173,30.3,100.0,3.21,14.9,0.2,False
T007411,2025-07-03,16,HH123,DEV0180,25.7,100.0,15.53,96.6,0.38,False
T007412,2025-07-03,15,HH124,DEV0181,24.2,100.0,33.66,246.9,0.85,False
T007413,2025-07-03,12,HH125,DEV0183,29.8,100.0,3.79,18.8,0.26,False
T007414,2025-07-03,17,HH127,DEV0186,24.9,100.0,37.93,176.9,0.24,False
T007415,2025-07-03,16,HH128,DEV0187,14.7,98.6,3.52,17.8,0.16,False
T007416,2025-07-03,19,HH132,DEV0191,26.7,100.0,18.69,127.4,0.39,False
T007417,2025-07-03,19,HH135,DEV0198,27.6,100.0,4.2,28.1,0.12,False
T007418,2025-07-03,18,HH136,DEV0199,36.9,100.0,29.09,188.6,0.51,False
T007419,2025-07-04,18,HH003,DEV0004,9.8,88.4,31.27,203.0,0.68,False
T007420,2025-07-04,11,HH009,DEV0013,10.7,95.1,4.73,25.5,0.24,False
T007421,2025-07-04,16,HH012,DEV0016,22.3,57.3,1.19,7.2,0.06,True
T007422,2025-07-04,19,HH018,DEV0024,20.1,100.0,5.43,35.7,0.52,False
T007423,2025-07-04,19,HH027,DEV0039,9.1,87.2,2.5,14.3,0.3,False
T007424,2025-07-04,19,HH029,DEV0042,16.2,91.9,39.42,220.6,0.34,False
T007425,2025-07-04,12,HH032,DEV0047,12.8,93.9,4.95,37.0,0.52,False
T007426,2025-07-04,16,HH034,DEV0049,15.1,97.0,6.14,27.7,0.25,False
T007427,2025-07-04,15,HH038,DEV0055,11.0,93.3,3.05,20.7,0.59,False
T007428,2025-07-04,19,HH043,DEV0065,19.8,100.0,3.37,21.8,0.45,False
T007429,2025-07-04,16,HH045,DEV0067,24.8,100.0,38.65,259.5,0.6,False
T007430,2025-07-04,17,HH046,DEV0068,24.1,99.8,35.59,190.4,0.08,False
T007431,2025-07-04,18,HH047,DEV0069,14.5,61.5,24.19,146.5,0.14,True
T007432,2025-07-04,17,HH049,DEV0073,11.7,95.8,3.53,15.2,0.08,False
T007433,2025-07-04,14,HH050,DEV0074,20.6,99.8,3.65,21.1,0.42,False
T007434,2025-07-04,19,HH051,DEV0075,22.9,100.0,3.78,26.2,0.32,False
T007435,2025-07-04,11,HH059,DEV0087,6.0,83.3,4.49,20.9,0.23,False
T007436,2025-07-04,13,HH060,DEV0089,24.0,100.0,20.14,101.6,0.47,False
T007437,2025-07-04,16,HH065,DEV0096,12.5,96.6,41.63,253.3,0.57,False
T007438,2025-07-04,19,HH067,DEV0099,21.1,100.0,6.31,37.5,0.5,False
T007439,2025-07-04,18,HH068,DEV0100,28.3,100.0,31.12,173.3,0.46,False
T007440,2025-07-04,14,HH069,DEV0101,7.1,93.0,47.44,286.5,0.19,False
T007441,2025-07-04,16,HH074,DEV0107,24.1,100.0,38.18,192.2,0.24,False
T007442,2025-07-04,17,HH075,DEV0109,23.4,100.0,31.25,142.8,0.31,False
T007443,2025-07-04,16,HH081,DEV0117,5.3,75.6,16.87,107.1,0.77,False
T007444,2025-07-04,17,HH083,DEV0122,9.7,97.9,34.14,162.4,0.25,False
T007445,2025-07-04,15,HH084,DEV0123,13.1,83.9,3.54,21.0,0.71,False
T007446,2025-07-04,15,HH085,DEV0124,24.6,100.0,25.33,181.4,0.1,False
T007447,2025-07-04,18,HH087,DEV0128,28.0,100.0,2.3,11.0,0.22,False
T007448,2025-07-04,19,HH092,DEV0134,28.2,100.0,32.09,140.2,0.28,False
T007449,2025-07-04,13,HH095,DEV0138,7.5,90.3,23.42,118.3,0.72,False
T007450,2025-07-04,18,HH100,DEV0145,34.4,100.0,26.7,164.6,0.26,False
T007451,2025-07-04,17,HH106,DEV0152,30.3,100.0,36.73,225.1,0.22,False
T007452,2025-07-04,18,HH111,DEV0161,5.1,81.0,5.01,37.0,0.49,False
T007453,2025-07-04,16,HH117,DEV0171,6.4,91.9,3.08,21.1,0.36,False
T007454,2025-07-04,19,HH118,DEV0173,18.3,93.6,3.46,17.2,0.22,False
T007455,2025-07-04,19,HH119,DEV0174,38.8,100.0,18.3,97.3,0.2,False
T007456,2025-07-04,18,HH120,DEV0176,7.4,82.0,4.78,25.9,0.49,False
T007457,2025-07-04,16,HH121,DEV0177,6.2,88.2,4.67,32.3,0.64,False
T007458,2025-07-04,19,HH124,DEV0181,36.8,100.0,28.06,138.6,0.77,False
T007459,2025-07-04,14,HH127,DEV0186,33.8,100.0,33.43,158.0,0.18,False
T007460,2025-07-04,19,HH138,DEV0203,18.1,100.0,27.93,120.2,0.16,False
T007461,2025-07-05,19,HH003,DEV0004,39.7,100.0,24.0,172.1,0.43,False
T007462,2025-07-05,19,HH007,DEV0009,25.2,100.0,18.55,119.8,0.19,False
T007463,2025-07-05,19,HH008,DEV0012,10.3,84.4,4.59,19.9,0.93,False
T007464,2025-07-05,18,HH010,DEV0014,21.7,100.0,46.67,327.2,0.37,False
T007465,2025-07-05,19,HH020,DEV0027,35.7,100.0,2.25,12.0,0.23,False
T007466,2025-07-05,17,HH028,DEV0040,8.2,94.3,33.25,150.5,0.38,False
T007467,2025-07-05,19,HH034,DEV0049,8.3,86.8,5.89,25.4,0.28,False
T007468,2025-07-05,16,HH035,DEV0050,25.0,100.0,25.42,126.5,0.46,False
T007469,2025-07-05,13,HH042,DEV0062,9.6,83.0,21.58,97.2,0.37,False
T007470,2025-07-05,18,HH044,DEV0066,29.4,100.0,22.1,105.2,0.78,False
T007471,2025-07-05,16,HH047,DEV0070,17.9,95.8,18.77,108.8,0.13,False
T007472,2025-07-05,18,HH048,DEV0072,34.3,100.0,5.12,30.6,0.06,False
T007473,2025-07-05,10,HH050,DEV0074,17.3,98.4,3.73,23.5,0.44,False
T007474,2025-07-05,19,HH059,DEV0087,34.5,100.0,3.8,21.5,0.3,False
T007475,2025-07-05,14,HH061,DEV0091,20.4,95.1,4.48,30.2,0.57,False
T007476,2025-07-05,13,HH067,DEV0099,6.0,82.0,6.08,30.3,0.69,False
T007477,2025-07-05,17,HH069,DEV0101,35.4,100.0,35.66,159.5,0.17,False
T007478,2025-07-05,14,HH072,DEV0104,17.2,100.0,24.26,119.9,0.09,False
T007479,2025-07-05,12,HH076,DEV0110,26.2,99.1,26.12,167.1,0.5,False
T007480,2025-07-05,18,HH078,DEV0114,32.6,100.0,23.72,129.2,0.53,False
T007481,2025-07-05,19,HH083,DEV0122,32.4,100.0,26.16,133.6,0.27,False
T007482,2025-07-05,16,HH085,DEV0124,24.7,100.0,25.3,109.9,0.1,False
T007483,2025-07-05,16,HH086,DEV0125,27.2,100.0,2.55,16.4,0.35,False
T007484,2025-07-05,14,HH088,DEV0129,35.5,100.0,29.73,141.1,0.19,False
T007485,2025-07-05,15,HH090,DEV0132,8.4,83.2,43.47,302.8,0.81,False
T007486,2025-07-05,15,HH092,DEV0134,22.1,100.0,34.82,152.4,0.3,False
T007487,2025-07-05,18,HH093,DEV0135,11.6,100.0,3.8,17.7,0.38,False
T007488,2025-07-05,16,HH094,DEV0136,34.5,100.0,32.36,185.3,0.16,False
T007489,2025-07-05,18,HH095,DEV0138,38.6,100.0,17.38,118.0,0.87,False
T007490,2025-07-05,19,HH100,DEV0146,27.1,100.0,4.16,19.7,0.24,False
T007491,2025-07-05,16,HH107,DEV0153,5.6,90.4,3.22,15.0,0.3,False
T007492,2025-07-05,12,HH117,DEV0171,17.3,100.0,2.98,14.3,0.46,False
T007493,2025-07-05,19,HH119,DEV0175,23.3,100.0,19.33,106.7,0.18,False
T007494,2025-07-05,15,HH123,DEV0180,11.2,84.4,15.29,88.9,0.4,False
T007495,2025-07-05,17,HH128,DEV0187,19.8,97.6,3.27,14.7,0.1,False
T007496,2025-07-05,17,HH129,DEV0188,35.4,100.0,3.81,25.3,0.51,False
T007497,2025-07-05,16,HH133,DEV0193,26.2,100.0,2.8,20.6,0.18,False
T007498,2025-07-05,14,HH134,DEV0197,21.3,97.2,18.6,91.4,0.19,False
T007499,2025-07-05,16,HH135,DEV0198,33.1,100.0,3.88,17.1,0.1,False
T007500,2025-07-05,19,HH136,DEV0199,11.8,93.2,37.5,279.9,0.35,False
T007501,2025-07-06,15,HH005,DEV0006,22.7,100.0,3.01,18.1,0.49,False
T007502,2025-07-06,19,HH006,DEV0007,12.7,81.9,14.26,68.8,0.57,False
T007503,2025-07-06,16,HH007,DEV0009,29.8,100.0,17.41,122.4,0.33,False
T007504,2025-07-06,13,HH013,DEV0017,33.9,100.0,3.5,21.1,0.78,False
T007505,2025-07-06,19,HH015,DEV0020,39.5,100.0,2.06,14.3,0.65,False
T007506,2025-07-06,18,HH018,DEV0025,34.3,100.0,26.41,159.5,0.64,False
T007507,2025-07-06,18,HH021,DEV0029,10.8,99.0,3.53,15.7,0.29,False
T007508,2025-07-06,16,HH026,DEV0038,37.1,100.0,31.45,160.9,0.31,False
T007509,2025-07-06,15,HH028,DEV0040,24.6,100.0,29.1,130.9,0.34,False
T007510,2025-07-06,15,HH029,DEV0041,20.1,100.0,5.59,27.9,0.35,False
T007511,2025-07-06,17,HH039,DEV0058,23.0,100.0,3.7,17.5,0.66,False
T007512,2025-07-06,14,HH042,DEV0062,24.5,100.0,22.2,108.8,0.29,False
T007513,2025-07-06,19,HH045,DEV0067,21.3,100.0,40.45,290.9,0.95,False
T007514,2025-07-06,15,HH048,DEV0072,10.6,86.0,5.88,33.5,0.09,False
T007515,2025-07-06,17,HH049,DEV0073,31.0,100.0,2.9,14.7,0.06,False
T007516,2025-07-06,19,HH055,DEV0080,26.3,100.0,22.4,138.1,0.58,False
T007517,2025-07-06,17,HH057,DEV0084,8.8,90.4,2.61,12.9,0.73,False
T007518,2025-07-06,19,HH060,DEV0088,16.3,91.2,5.47,31.9,0.79,False
T007519,2025-07-06,17,HH061,DEV0090,12.2,88.1,5.77,35.8,0.4,False
T007520,2025-07-06,18,HH063,DEV0094,33.2,100.0,2.27,10.4,0.5,False
T007521,2025-07-06,16,HH064,DEV0095,30.9,100.0,2.14,9.4,0.65,False
T007522,2025-07-06,18,HH066,DEV0098,37.1,88.2,3.32,18.7,0.36,True
T007523,2025-07-06,14,HH067,DEV0099,6.7,79.2,5.8,40.1,0.6,False
T007524,2025-07-06,14,HH068,DEV0100,16.9,100.0,36.07,158.7,0.6,False
T007525,2025-07-06,16,HH069,DEV0101,32.3,100.0,37.37,171.9,0.19,False
T007526,2025-07-06,14,HH074,DEV0108,5.5,90.8,4.77,28.6,0.26,False
T007527,2025-07-06,16,HH085,DEV0124,8.1,95.2,29.27,196.0,0.11,False
T007528,2025-07-06,15,HH088,DEV0129,5.1,80.5,34.77,193.4,0.31,False
T007529,2025-07-06,19,HH091,DEV0133,15.7,100.0,3.79,28.4,0.43,False
T007530,2025-07-06,17,HH093,DEV0135,16.8,99.6,3.56,21.1,0.43,False
T007531,2025-07-06,19,HH094,DEV0137,25.0,99.8,3.67,25.5,0.26,False
T007532,2025-07-06,18,HH100,DEV0145,30.3,100.0,28.37,155.3,0.19,False
T007533,2025-07-06,13,HH101,DEV0147,29.8,100.0,2.53,11.7,0.09,False
T007534,2025-07-06,15,HH105,DEV0151,20.7,96.9,3.81,18.6,0.24,False
T007535,2025-07-06,17,HH108,DEV0155,30.9,100.0,31.03,169.1,0.6,False
T007536,2025-07-06,17,HH110,DEV0159,26.2,100.0,2.66,17.1,0.33,False
T007537,2025-07-06,19,HH111,DEV0161,19.7,96.3,5.06,27.0,0.34,False
T007538,2025-07-06,15,HH112,DEV0163,17.1,100.0,27.94,165.2,0.27,False
T007539,2025-07-06,17,HH115,DEV0169,6.6,88.1,32.93,176.6,0.61,False
T007540,2025-07-06,19,HH119,DEV0174,27.6,100.0,21.65,147.3,0.25,False
T007541,2025-07-06,15,HH121,DEV0177,22.0,100.0,4.45,19.7,0.48,False
T007542,2025-07-06,17,HH122,DEV0179,24.9,100.0,24.63,113.3,0.6,False
T007543,2025-07-06,14,HH125,DEV0183,16.4,92.2,4.09,21.6,0.36,False
T007544,2025-07-06,18,HH126,DEV0184,8.0,85.1,5.86,27.8,0.28,False
T007545,2025-07-06,12,HH128,DEV0187,20.5,93.7,3.07,16.0,0.17,False
T007546,2025-07-06,15,HH129,DEV0188,33.7,100.0,3.91,22.7,0.49,False
T007547,2025-07-06,17,HH130,DEV0189,14.3,89.9,5.37,26.8,0.19,False
T007548,2025-07-06,17,HH132,DEV0192,20.8,100.0,3.96,23.9,0.24,False
T007549,2025-07-07,13,HH004,DEV0005,32.4,100.0,4.87,23.2,0.18,False
T007550,2025-07-07,12,HH005,DEV0006,7.8,77.6,2.72,20.1,0.41,False
T007551,2025-07-07,15,HH009,DEV0013,10.6,86.2,4.23,19.1,0.21,False
T007552,2025-07-07,17,HH010,DEV0014,11.9,85.1,43.61,187.1,0.3,False
T007553,2025-07-07,15,HH011,DEV0015,17.4,100.0,49.23,361.1,0.53,False
T007554,2025-07-07,15,HH012,DEV0016,29.2,78.9,1.69,9.8,0.12,True
T007555,2025-07-07,13,HH013,DEV0017,38.6,100.0,3.25,14.5,0.59,False
T007556,2025-07-07,14,HH015,DEV0020,18.2,94.6,2.6,16.7,0.44,False
T007557,2025-07-07,15,HH018,DEV0025,28.3,100.0,28.82,204.3,0.36,False
T007558,2025-07-07,13,HH021,DEV0028,26.1,100.0,20.03,109.1,0.34,False
T007559,2025-07-07,16,HH023,DEV0033,37.8,100.0,24.32,166.2,0.14,False
T007560,2025-07-07,19,HH024,DEV0035,9.8,100.0,49.34,238.8,0.44,False
T007561,2025-07-07,12,HH026,DEV0038,18.4,100.0,40.8,244.8,0.31,False
T007562,2025-07-07,16,HH028,DEV0040,20.6,99.4,30.43,215.5,0.33,False
T007563,2025-07-07,16,HH031,DEV0045,21.6,97.9,38.83,225.8,0.34,False
T007564,2025-07-07,19,HH034,DEV0049,32.8,100.0,5.04,21.7,0.22,False
T007565,2025-07-07,14,HH036,DEV0051,5.1,86.1,4.86,25.1,0.56,False
T007566,2025-07-07,14,HH038,DEV0054,21.1,100.0,25.17,163.0,0.81,False
T007567,2025-07-07,16,HH040,DEV0059,15.7,100.0,2.61,13.6,0.44,False
T007568,2025-07-07,17,HH045,DEV0067,24.6,100.0,38.76,185.7,0.96,False
T007569,2025-07-07,16,HH050,DEV0074,11.4,84.1,3.35,24.1,0.39,False
T007570,2025-07-07,16,HH053,DEV0078,39.3,100.0,12.14,62.1,0.18,False
T007571,2025-07-07,19,HH055,DEV0081,23.4,100.0,3.22,21.5,0.65,False
T007572,2025-07-07,18,HH058,DEV0086,20.8,100.0,2.85,14.3,0.33,False
T007573,2025-07-07,14,HH060,DEV0088,32.4,100.0,4.93,25.5,0.9,False
T007574,2025-07-07,19,HH066,DEV0098,27.0,77.6,3.29,14.9,0.22,True
T007575,2025-07-07,13,HH068,DEV0100,22.8,100.0,33.5,148.7,0.78,False
T007576,2025-07-07,15,HH070,DEV0102,21.1,78.7,1.9,10.3,0.21,True
T007577,2025-07-07,18,HH071,DEV0103,18.6,100.0,5.13,22.2,0.46,False
T007578,2025-07-07,14,HH072,DEV0104,37.1,100.0,18.43,106.8,0.08,False
T007579,2025-07-07,16,HH075,DEV0109,38.6,100.0,25.05,182.2,0.37,False
T007580,2025-07-07,14,HH078,DEV0113,27.6,100.0,3.84,18.4,0.51,False
T007581,2025-07-07,17,HH085,DEV0124,33.5,100.0,22.34,137.8,0.08,False
T007582,2025-07-07,19,HH088,DEV0129,14.1,92.5,36.16,221.7,0.2,False
T007583,2025-07-07,19,HH092,DEV0134,38.9,100.0,27.31,140.7,0.41,False
T007584,2025-07-07,18,HH096,DEV0140,14.5,92.5,5.62,38.1,0.18,False
T007585,2025-07-07,17,HH097,DEV0141,28.6,100.0,3.71,18.9,0.39,False
T007586,2025-07-07,18,HH099,DEV0144,31.8,100.0,5.25,29.5,0.22,False
T007587,2025-07-07,18,HH107,DEV0153,14.8,85.8,2.7,11.9,0.35,False
T007588,2025-07-07,14,HH109,DEV0156,21.5,100.0,5.97,32.2,0.51,False
T007589,2025-07-07,16,HH113,DEV0165,23.4,100.0,5.74,31.7,0.36,False
T007590,2025-07-07,18,HH117,DEV0171,27.3,100.0,2.62,13.0,0.48,False
T007591,2025-07-07,13,HH118,DEV0173,7.3,86.2,3.63,19.5,0.22,False
T007592,2025-07-07,17,HH123,DEV0180,7.7,90.8,17.38,126.1,0.32,False
T007593,2025-07-07,16,HH126,DEV0184,22.8,100.0,5.87,25.3,0.23,False
T007594,2025-07-07,13,HH139,DEV0205,32.8,100.0,4.5,26.1,0.22,False
T007595,2025-07-08,15,HH004,DEV0005,29.3,100.0,5.09,26.1,0.22,False
T007596,2025-07-08,18,HH006,DEV0007,12.3,96.3,17.31,80.7,0.73,False
T007597,2025-07-08,17,HH012,DEV0016,29.7,78.2,1.65,7.5,0.11,True
T007598,2025-07-08,19,HH016,DEV0021,11.3,84.7,33.41,223.1,0.27,False
T007599,2025-07-08,14,HH017,DEV0023,26.4,100.0,4.2,18.5,0.81,False
T007600,2025-07-08,16,HH020,DEV0027,30.4,100.0,2.44,10.5,0.16,False
T007601,2025-07-08,15,HH027,DEV0039,18.8,99.8,2.59,15.6,0.2,False
T007602,2025-07-08,18,HH031,DEV0046,25.3,93.8,35.63,215.3,0.39,False
T007603,2025-07-08,19,HH032,DEV0047,18.1,100.0,5.0,30.0,0.54,False
T007604,2025-07-08,17,HH033,DEV0048,39.2,100.0,3.89,19.7,0.21,False
T007605,2025-07-08,16,HH036,DEV0052,14.1,99.8,6.34,41.8,0.49,False
T007606,2025-07-08,19,HH037,DEV0053,37.6,100.0,2.93,14.5,0.66,False
T007607,2025-07-08,17,HH046,DEV0068,12.4,100.0,41.17,198.4,0.1,False
T007608,2025-07-08,19,HH049,DEV0073,11.6,92.1,3.38,22.3,0.07,False
T007609,2025-07-08,19,HH055,DEV0080,16.6,100.0,25.35,155.2,0.47,False
T007610,2025-07-08,14,HH056,DEV0082,20.1,100.0,3.76,28.1,0.39,False
T007611,2025-07-08,14,HH059,DEV0087,35.6,100.0,3.74,18.9,0.2,False
T007612,2025-07-08,13,HH061,DEV0090,28.5,100.0,5.43,35.1,0.6,False
T007613,2025-07-08,18,HH063,DEV0093,8.6,88.3,22.86,152.5,0.45,False
T007614,2025-07-08,15,HH066,DEV0098,28.4,75.7,3.08,13.6,0.22,True
T007615,2025-07-08,14,HH067,DEV0099,34.8,100.0,5.22,37.1,0.48,False
T007616,2025-07-08,16,HH070,DEV0102,13.3,61.9,1.6,8.1,0.16,True
T007617,2025-07-08,19,HH071,DEV0103,35.3,100.0,4.08,18.3,0.64,False
T007618,2025-07-08,17,HH075,DEV0109,21.5,100.0,32.03,159.1,0.4,False
T007619,2025-07-08,19,HH077,DEV0112,10.6,100.0,6.53,30.4,0.39,False
T007620,2025-07-08,17,HH079,DEV0115,17.1,97.5,39.55,204.7,0.19,False
T007621,2025-07-08,10,HH082,DEV0119,30.0,100.0,4.62,21.3,0.58,False
T007622,2025-07-08,15,HH083,DEV0122,20.4,97.8,29.95,201.4,0.22,False
T007623,2025-07-08,15,HH084,DEV0123,29.1,100.0,3.55,23.9,0.51,False
T007624,2025-07-08,15,HH087,DEV0128,20.5,100.0,2.54,13.0,0.32,False
T007625,2025-07-08,12,HH090,DEV0131,17.7,96.4,44.16,264.4,0.72,False
T007626,2025-07-08,19,HH092,DEV0134,34.2,100.0,29.41,168.0,0.27,False
T007627,2025-07-08,16,HH095,DEV0139,10.8,93.9,20.6,98.8,0.66,False
T007628,2025-07-08,18,HH096,DEV0140,11.9,86.0,5.34,25.2,0.11,False
T007629,2025-07-08,18,HH099,DEV0144,15.7,88.7,5.62,36.8,0.18,False
T007630,2025-07-08,19,HH100,DEV0146,33.1,100.0,3.81,17.4,0.16,False
T007631,2025-07-08,14,HH101,DEV0147,12.9,92.2,2.85,14.1,0.05,False
T007632,2025-07-08,16,HH104,DEV0150,16.0,91.3,24.78,181.3,0.21,False
T007633,2025-07-08,13,HH106,DEV0152,36.8,100.0,33.31,189.1,0.26,False
T007634,2025-07-08,18,HH107,DEV0153,18.5,100.0,3.1,13.8,0.32,False
T007635,2025-07-08,16,HH114,DEV0167,33.0,100.0,5.16,23.4,0.29,False
T007636,2025-07-08,17,HH115,DEV0169,17.2,95.3,31.54,159.5,0.41,False
T007637,2025-07-08,16,HH117,DEV0171,19.2,98.7,2.86,21.4,0.35,False
T007638,2025-07-08,17,HH124,DEV0181,13.9,100.0,38.23,279.0,0.96,False
T007639,2025-07-08,16,HH125,DEV0183,21.1,100.0,4.26,22.1,0.27,False
T007640,2025-07-08,15,HH127,DEV0185,29.2,100.0,41.84,220.2,0.27,False
T007641,2025-07-08,17,HH132,DEV0192,7.9,94.8,4.35,20.3,0.37,False
T007642,2025-07-08,13,HH134,DEV0196,25.6,100.0,5.51,30.4,0.14,False
T007643,2025-07-08,17,HH135,DEV0198,22.7,100.0,4.48,32.6,0.15,False
T007644,2025-07-08,14,HH138,DEV0203,24.3,100.0,25.81,116.2,0.21,False
T007645,2025-07-09,19,HH001,DEV0001,31.4,100.0,23.6,113.8,0.36,False
T007646,2025-07-09,17,HH005,DEV0006,8.2,86.7,3.06,16.4,0.34,False
T007647,2025-07-09,19,HH006,DEV0007,19.8,100.0,16.52,91.6,0.63,False
T007648,2025-07-09,19,HH009,DEV0013,34.4,100.0,3.67,22.3,0.18,False
T007649,2025-07-09,17,HH011,DEV0015,30.8,100.0,41.24,225.4,0.65,False
T007650,2025-07-09,15,HH018,DEV0025,38.1,100.0,24.88,159.4,0.49,False
T007651,2025-07-09,10,HH022,DEV0031,22.0,100.0,15.83,72.7,0.59,False
T007652,2025-07-09,19,HH023,DEV0033,31.8,100.0,26.67,186.2,0.18,False
T007653,2025-07-09,16,HH029,DEV0043,16.7,89.7,38.61,197.4,0.43,False
T007654,2025-07-09,14,HH031,DEV0045,29.4,100.0,35.94,247.0,0.45,False
T007655,2025-07-09,17,HH032,DEV0047,8.1,81.6,4.48,21.3,0.58,False
T007656,2025-07-09,18,HH035,DEV0050,35.4,100.0,21.9,94.0,0.43,False
T007657,2025-07-09,18,HH040,DEV0059,32.5,100.0,2.09,13.8,0.62,False
T007658,2025-07-09,19,HH041,DEV0060,24.0,97.1,3.73,16.1,0.16,False
T007659,2025-07-09,16,HH044,DEV0066,18.9,89.0,21.94,102.5,0.83,False
T007660,2025-07-09,19,HH045,DEV0067,37.9,100.0,31.92,161.6,0.91,False
T007661,2025-07-09,13,HH048,DEV0071,24.7,99.6,30.34,162.0,0.09,False
T007662,2025-07-09,16,HH052,DEV0076,11.0,92.1,3.65,20.9,0.4,False
T007663,2025-07-09,15,HH054,DEV0079,20.7,100.0,3.73,23.2,0.39,False
T007664,2025-07-09,18,HH055,DEV0080,17.9,100.0,24.96,142.1,0.62,False
T007665,2025-07-09,19,HH056,DEV0082,30.9,100.0,3.25,14.9,0.41,False
T007666,2025-07-09,19,HH059,DEV0087,38.9,100.0,3.54,21.6,0.28,False
T007667,2025-07-09,19,HH063,DEV0093,36.0,100.0,18.37,127.6,0.36,False
T007668,2025-07-09,18,HH065,DEV0097,36.5,100.0,4.76,27.2,0.77,False
T007669,2025-07-09,15,HH068,DEV0100,6.8,91.7,36.87,163.0,0.6,False
T007670,2025-07-09,17,HH076,DEV0110,35.5,100.0,23.09,136.1,0.47,False
T007671,2025-07-09,19,HH081,DEV0118,23.2,96.5,15.33,78.3,0.73,False
T007672,2025-07-09,15,HH088,DEV0129,37.3,100.0,28.9,125.8,0.18,False
T007673,2025-07-09,16,HH090,DEV0132,8.4,97.2,51.61,280.1,0.7,False
T007674,2025-07-09,15,HH097,DEV0141,28.2,100.0,3.73,21.6,0.33,False
T007675,2025-07-09,15,HH099,DEV0144,19.8,92.9,5.63,32.4,0.34,False
T007676,2025-07-09,19,HH101,DEV0147,15.8,100.0,3.03,17.9,0.06,False
T007677,2025-07-09,18,HH104,DEV0150,13.6,88.6,24.67,116.1,0.22,False
T007678,2025-07-09,19,HH109,DEV0156,7.8,96.8,6.76,43.5,0.33,False
T007679,2025-07-09,19,HH110,DEV0159,13.8,100.0,3.1,14.5,0.4,False
T007680,2025-07-09,15,HH112,DEV0163,37.7,100.0,21.0,112.6,0.43,False
T007681,2025-07-09,18,HH113,DEV0164,35.1,100.0,14.02,100.2,0.4,False
T007682,2025-07-09,17,HH117,DEV0171,7.0,86.8,2.87,12.4,0.37,False
T007683,2025-07-09,19,HH119,DEV0175,13.7,100.0,21.75,134.2,0.25,False
T007684,2025-07-09,16,HH120,DEV0176,22.7,100.0,4.95,35.0,0.46,False
T007685,2025-07-09,15,HH121,DEV0177,12.5,88.3,4.32,25.5,0.67,False
T007686,2025-07-09,16,HH125,DEV0183,12.7,82.0,3.74,19.5,0.32,False
T007687,2025-07-09,17,HH127,DEV0185,31.7,100.0,40.37,173.4,0.22,False
T007688,2025-07-09,16,HH128,DEV0187,28.9,100.0,2.99,14.9,0.13,False
T007689,2025-07-09,18,HH130,DEV0189,10.9,86.8,5.39,37.6,0.14,False
T007690,2025-07-09,13,HH131,DEV0190,35.7,100.0,3.02,18.0,0.31,False
T007691,2025-07-09,14,HH132,DEV0191,13.4,100.0,22.08,161.0,0.28,False
T007692,2025-07-09,14,HH134,DEV0196,6.3,86.0,5.89,25.7,0.22,False
T007693,2025-07-09,12,HH135,DEV0198,7.6,86.8,4.6,19.9,0.08,False
T007694,2025-07-09,19,HH139,DEV0205,10.5,90.5,5.36,23.8,0.27,False
T007695,2025-07-10,18,HH007,DEV0009,32.4,100.0,16.76,77.8,0.38,False
T007696,2025-07-10,19,HH010,DEV0014,35.3,100.0,38.56,200.2,0.39,False
T007697,2025-07-10,13,HH013,DEV0018,6.7,89.2,6.19,32.1,0.62,False
T007698,2025-07-10,15,HH014,DEV0019,12.2,99.5,3.93,19.1,0.32,False
T007699,2025-07-10,14,HH017,DEV0022,31.9,100.0,15.19,82.6,0.64,False
T007700,2025-07-10,11,HH018,DEV0024,11.6,91.4,5.43,34.4,0.4,False
T007701,2025-07-10,18,HH021,DEV0029,28.1,100.0,2.88,16.9,0.38,False
T007702,2025-07-10,16,HH022,DEV0030,7.2,81.2,3.33,15.1,0.45,False
T007703,2025-07-10,19,HH024,DEV0034,6.4,94.2,51.36,224.7,0.5,False
T007704,2025-07-10,15,HH028,DEV0040,14.8,99.8,32.8,142.0,0.5,False
T007705,2025-07-10,19,HH030,DEV0044,34.6,100.0,2.29,14.7,0.07,False
T007706,2025-07-10,13,HH033,DEV0048,23.1,100.0,4.92,34.9,0.22,False
T007707,2025-07-10,18,HH034,DEV0049,10.3,92.6,6.18,42.1,0.28,False
T007708,2025-07-10,14,HH037,DEV0053,17.9,92.7,3.52,20.9,0.54,False
T007709,2025-07-10,19,HH040,DEV0059,17.5,100.0,2.56,16.3,0.38,False
T007710,2025-07-10,18,HH043,DEV0065,5.3,85.9,3.39,15.0,0.54,False
T007711,2025-07-10,13,HH048,DEV0072,36.1,100.0,4.98,35.5,0.08,False
T007712,2025-07-10,18,HH050,DEV0074,31.0,100.0,3.17,19.9,0.56,False
T007713,2025-07-10,15,HH051,DEV0075,18.3,100.0,4.0,19.4,0.36,False
T007714,2025-07-10,12,HH056,DEV0082,13.2,98.5,4.01,18.3,0.45,False
T007715,2025-07-10,16,HH064,DEV0095,11.6,97.5,2.66,14.4,0.55,False
T007716,2025-07-10,18,HH068,DEV0100,36.8,100.0,27.43,147.3,0.51,False
T007717,2025-07-10,18,HH070,DEV0102,19.3,62.2,1.42,9.8,0.28,True
T007718,2025-07-10,15,HH071,DEV0103,28.3,100.0,4.52,24.1,0.58,False
T007719,2025-07-10,16,HH072,DEV0104,39.1,100.0,17.84,78.8,0.07,False
T007720,2025-07-10,15,HH074,DEV0108,21.2,100.0,4.41,23.4,0.27,False
T007721,2025-07-10,14,HH081,DEV0118,25.9,100.0,15.49,99.5,0.84,False
T007722,2025-07-10,18,HH083,DEV0122,26.3,97.8,27.67,175.5,0.26,False
T007723,2025-07-10,15,HH089,DEV0130,6.4,87.0,3.63,20.0,0.1,False
T007724,2025-07-10,19,HH091,DEV0133,14.8,90.2,3.39,15.6,0.58,False
T007725,2025-07-10,17,HH094,DEV0136,36.4,100.0,31.42,148.5,0.27,False
T007726,2025-07-10,15,HH095,DEV0138,35.7,100.0,18.2,107.3,0.56,False
T007727,2025-07-10,17,HH096,DEV0140,39.1,100.0,4.38,24.5,0.15,False
T007728,2025-07-10,16,HH097,DEV0141,14.3,98.7,4.39,28.9,0.44,False
T007729,2025-07-10,16,HH098,DEV0143,20.8,100.0,4.51,23.9,0.47,False
T007730,2025-07-10,11,HH103,DEV0149,10.5,87.5,3.31,19.3,0.78,False
T007731,2025-07-10,17,HH104,DEV0150,26.5,100.0,24.18,171.4,0.21,False
T007732,2025-07-10,14,HH105,DEV0151,21.9,96.8,3.74,25.1,0.16,False
T007733,2025-07-10,18,HH110,DEV0158,27.1,100.0,2.41,15.7,0.39,False
T007734,2025-07-10,19,HH111,DEV0162,17.7,100.0,36.21,269.6,0.62,False
T007735,2025-07-10,15,HH113,DEV0165,31.1,100.0,5.17,23.4,0.34,False
T007736,2025-07-10,14,HH114,DEV0167,13.6,84.8,5.49,36.5,0.47,False
T007737,2025-07-10,16,HH115,DEV0169,20.7,94.1,29.67,138.7,0.68,False
T007738,2025-07-10,18,HH116,DEV0170,16.3,99.5,28.05,144.7,0.98,False
T007739,2025-07-10,15,HH120,DEV0176,30.6,100.0,4.44,20.9,0.52,False
T007740,2025-07-10,17,HH124,DEV0181,5.3,88.6,37.01,188.6,0.55,False
T007741,2025-07-10,16,HH125,DEV0183,19.2,100.0,4.36,21.7,0.39,False
T007742,2025-07-10,18,HH126,DEV0184,15.7,93.6,5.92,35.8,0.22,False
T007743,2025-07-10,18,HH127,DEV0186,14.5,91.4,38.84,215.0,0.21,False
T007744,2025-07-10,19,HH128,DEV0187,10.1,93.5,3.5,20.4,0.17,False
T007745,2025-07-10,19,HH130,DEV0189,34.2,100.0,4.67,20.5,0.18,False
T007746,2025-07-10,16,HH131,DEV0190,32.7,100.0,3.16,16.7,0.39,False
T007747,2025-07-11,17,HH001,DEV0001,36.6,100.0,21.81,95.7,0.32,False
T007748,2025-07-11,18,HH013,DEV0018,8.1,88.3,6.01,25.8,0.95,False
T007749,2025-07-11,15,HH015,DEV0020,19.3,100.0,2.74,11.8,0.38,False
T007750,2025-07-11,17,HH016,DEV0021,39.2,100.0,27.66,167.4,0.48,False
T007751,2025-07-11,16,HH021,DEV0029,15.8,95.3,3.18,16.9,0.36,False
T007752,2025-07-11,16,HH045,DEV0067,32.2,100.0,34.85,222.8,0.61,False
T007753,2025-07-11,17,HH046,DEV0068,7.6,80.0,34.01,167.4,0.11,False
T007754,2025-07-11,13,HH051,DEV0075,16.6,99.9,4.08,22.3,0.53,False
T007755,2025-07-11,16,HH052,DEV0076,37.0,100.0,2.84,14.0,0.35,False
T007756,2025-07-11,19,HH063,DEV0093,9.7,86.2,21.97,135.5,0.28,False
T007757,2025-07-11,14,HH064,DEV0095,39.6,100.0,1.87,10.0,0.6,False
T007758,2025-07-11,16,HH066,DEV0098,26.4,75.6,3.2,15.2,0.45,True
T007759,2025-07-11,17,HH068,DEV0100,8.0,94.4,37.51,166.7,0.89,False
T007760,2025-07-11,17,HH071,DEV0103,12.2,100.0,5.53,34.0,0.49,False
T007761,2025-07-11,17,HH073,DEV0105,10.4,86.2,4.62,24.4,0.15,False
T007762,2025-07-11,15,HH076,DEV0110,16.3,95.6,28.38,126.6,0.57,False
T007763,2025-07-11,18,HH077,DEV0111,31.0,100.0,5.38,28.2,0.39,False
T007764,2025-07-11,15,HH083,DEV0122,8.5,97.0,34.25,217.4,0.37,False
T007765,2025-07-11,14,HH087,DEV0128,32.3,100.0,2.17,15.4,0.25,False
T007766,2025-07-11,12,HH088,DEV0129,17.0,100.0,38.26,217.1,0.25,False
T007767,2025-07-11,16,HH090,DEV0132,35.0,100.0,37.76,282.2,0.81,False
T007768,2025-07-11,18,HH096,DEV0140,15.1,92.0,5.54,31.5,0.15,False
T007769,2025-07-11,14,HH097,DEV0141,29.2,100.0,3.68,23.7,0.34,False
T007770,2025-07-11,16,HH107,DEV0154,15.0,97.3,2.72,12.9,0.34,False
T007771,2025-07-11,16,HH108,DEV0155,15.2,94.2,35.45,226.2,0.69,False
T007772,2025-07-11,15,HH109,DEV0156,29.4,100.0,5.37,29.3,0.32,False
T007773,2025-07-11,14,HH113,DEV0165,39.4,100.0,4.54,26.0,0.34,False
T007774,2025-07-11,19,HH114,DEV0167,18.8,96.9,6.01,28.3,0.54,False
T007775,2025-07-11,17,HH116,DEV0170,37.1,100.0,21.2,146.6,0.71,False
T007776,2025-07-11,17,HH117,DEV0171,6.9,89.5,2.97,18.4,0.34,False
T007777,2025-07-11,18,HH119,DEV0174,34.8,100.0,19.49,98.0,0.24,False
T007778,2025-07-11,14,HH120,DEV0176,23.3,100.0,4.91,28.6,0.31,False
T007779,2025-07-11,19,HH128,DEV0187,5.8,97.0,3.83,27.2,0.16,False
T007780,2025-07-11,19,HH133,DEV0195,29.3,100.0,16.12,85.9,0.13,False
T007781,2025-07-11,14,HH135,DEV0198,25.0,100.0,4.35,27.5,0.09,False
T007782,2025-07-11,18,HH137,DEV0200,30.0,100.0,2.45,12.6,0.92,False
T007783,2025-07-11,18,HH139,DEV0204,24.9,100.0,27.56,151.5,0.25,False
T007784,2025-07-12,12,HH002,DEV0003,34.0,100.0,3.7,25.4,0.51,False
T007785,2025-07-12,15,HH003,DEV0004,23.6,96.9,29.17,130.1,0.44,False
T007786,2025-07-12,19,HH006,DEV0007,14.0,90.0,15.66,117.2,0.81,False
T007787,2025-07-12,19,HH009,DEV0013,35.5,100.0,3.61,15.6,0.2,False
T007788,2025-07-12,19,HH010,DEV0014,31.3,100.0,40.95,195.0,0.28,False
T007789,2025-07-12,19,HH012,DEV0016,36.2,87.5,1.74,8.2,0.1,True
T007790,2025-07-12,15,HH015,DEV0020,19.5,95.0,2.57,19.1,0.35,False
T007791,2025-07-12,13,HH016,DEV0021,36.1,100.0,29.07,142.8,0.27,False
T007792,2025-07-12,16,HH017,DEV0023,17.1,88.6,4.07,17.6,0.74,False
T007793,2025-07-12,19,HH019,DEV0026,6.3,77.8,24.04,152.0,0.31,False
T007794,2025-07-12,19,HH023,DEV0032,9.7,83.6,43.83,279.4,0.16,False
T007795,2025-07-12,16,HH029,DEV0043,38.0,100.0,32.8,143.3,0.55,False
T007796,2025-07-12,16,HH032,DEV0047,25.3,100.0,4.56,21.9,0.55,False
T007797,2025-07-12,17,HH033,DEV0048,23.8,100.0,4.88,32.6,0.29,False
T007798,2025-07-12,15,HH034,DEV0049,34.3,100.0,4.93,28.5,0.3,False
T007799,2025-07-12,14,HH035,DEV0050,15.7,90.4,25.33,160.7,0.37,False
T007800,2025-07-12,18,HH039,DEV0056,20.2,94.4,32.51,198.0,0.93,False
T007801,2025-07-12,16,HH040,DEV0059,19.9,100.0,2.48,17.7,0.52,False
T007802,2025-07-12,18,HH042,DEV0062,12.0,89.9,22.92,145.5,0.28,False
T007803,2025-07-12,13,HH046,DEV0068,17.9,96.6,36.99,161.8,0.08,False
T007804,2025-07-12,19,HH048,DEV0071,26.1,100.0,29.93,129.2,0.07,False
T007805,2025-07-12,14,HH056,DEV0083,13.2,62.0,10.68,56.8,0.56,True
T007806,2025-07-12,14,HH058,DEV0086,28.8,100.0,2.56,14.2,0.43,False
T007807,2025-07-12,17,HH060,DEV0089,35.1,100.0,17.2,81.1,0.54,False
T007808,2025-07-12,17,HH064,DEV0095,22.8,100.0,2.39,17.8,0.47,False
T007809,2025-07-12,16,HH072,DEV0104,12.9,88.8,22.25,144.0,0.09,False
T007810,2025-07-12,17,HH079,DEV0115,13.9,97.7,41.21,193.0,0.2,False
T007811,2025-07-12,16,HH081,DEV0117,29.7,100.0,16.87,81.2,0.57,False
T007812,2025-07-12,18,HH082,DEV0121,38.0,100.0,26.78,135.1,0.78,False
T007813,2025-07-12,18,HH084,DEV0123,23.6,100.0,3.82,16.9,0.48,False
T007814,2025-07-12,17,HH086,DEV0126,12.4,91.1,24.49,110.9,0.35,False
T007815,2025-07-12,15,HH089,DEV0130,27.3,100.0,3.27,16.5,0.16,False
T007816,2025-07-12,13,HH094,DEV0136,8.6,84.9,37.67,217.2,0.25,False
T007817,2025-07-12,15,HH103,DEV0149,6.9,91.9,3.66,25.4,0.5,False
T007818,2025-07-12,19,HH107,DEV0154,23.3,100.0,2.53,13.2,0.33,False
T007819,2025-07-12,17,HH109,DEV0157,5.7,81.4,4.69,21.1,0.35,False
T007820,2025-07-12,17,HH110,DEV0159,31.0,100.0,2.48,15.3,0.36,False
T007821,2025-07-12,15,HH114,DEV0167,12.4,99.1,6.67,39.5,0.44,False
T007822,2025-07-12,16,HH118,DEV0172,20.0,91.7,33.33,205.2,0.27,False
T007823,2025-07-12,13,HH122,DEV0179,13.7,100.0,28.31,161.7,0.75,False
T007824,2025-07-12,16,HH124,DEV0181,37.8,100.0,27.62,135.8,0.85,False
T007825,2025-07-12,15,HH126,DEV0184,8.5,93.4,6.45,43.2,0.27,False
T007826,2025-07-12,19,HH135,DEV0198,26.8,100.0,4.25,23.3,0.13,False
T007827,2025-07-12,19,HH138,DEV0203,26.2,100.0,25.17,124.9,0.21,False
T007828,2025-07-13,15,HH001,DEV0001,6.6,85.1,27.02,179.3,0.37,False
T007829,2025-07-13,17,HH008,DEV0012,22.0,100.0,4.84,29.7,0.88,False
T007830,2025-07-13,14,HH009,DEV0013,24.4,96.7,4.05,20.7,0.16,False
T007831,2025-07-13,19,HH011,DEV0015,27.9,100.0,42.97,186.9,0.63,False
T007832,2025-07-13,13,HH013,DEV0018,10.6,98.9,6.62,41.1,0.92,False
T007833,2025-07-13,19,HH016,DEV0021,13.2,84.0,32.23,207.0,0.44,False
T007834,2025-07-13,14,HH019,DEV0026,27.8,100.0,24.26,175.1,0.29,False
T007835,2025-07-13,17,HH024,DEV0035,10.4,98.2,48.05,329.9,0.69,False
T007836,2025-07-13,17,HH029,DEV0043,24.2,100.0,40.1,195.1,0.38,False
T007837,2025-07-13,16,HH034,DEV0049,11.1,89.7,5.9,34.7,0.27,False
T007838,2025-07-13,15,HH038,DEV0055,13.6,99.5,3.18,23.8,0.49,False
T007839,2025-07-13,16,HH039,DEV0058,36.7,100.0,3.04,14.1,1.13,False
T007840,2025-07-13,19,HH042,DEV0063,34.1,100.0,4.94,21.4,0.28,False
T007841,2025-07-13,19,HH044,DEV0066,32.1,100.0,21.25,118.0,0.72,False
T007842,2025-07-13,17,HH046,DEV0068,37.6,100.0,29.33,150.3,0.09,False
T007843,2025-07-13,17,HH055,DEV0081,34.6,100.0,2.75,19.5,0.56,False
T007844,2025-07-13,18,HH056,DEV0083,26.6,68.1,9.09,48.7,0.45,True
T007845,2025-07-13,13,HH057,DEV0084,31.8,100.0,2.18,9.4,0.68,False
T007846,2025-07-13,19,HH058,DEV0086,8.9,94.4,3.08,17.0,0.46,False
T007847,2025-07-13,12,HH061,DEV0090,28.2,100.0,5.46,26.9,0.46,False
T007848,2025-07-13,17,HH062,DEV0092,22.7,100.0,25.28,126.0,0.43,False
T007849,2025-07-13,16,HH064,DEV0095,5.9,89.0,2.58,14.1,0.47,False
T007850,2025-07-13,15,HH066,DEV0098,6.3,55.7,3.21,15.0,0.45,True
T007851,2025-07-13,19,HH068,DEV0100,7.2,85.2,33.86,146.5,0.56,False
T007852,2025-07-13,16,HH069,DEV0101,5.5,80.1,41.2,204.5,0.24,False
T007853,2025-07-13,15,HH072,DEV0104,15.7,100.0,24.7,111.1,0.07,False
T007854,2025-07-13,14,HH073,DEV0105,16.9,100.0,5.07,27.3,0.17,False
T007855,2025-07-13,16,HH074,DEV0108,35.0,100.0,3.64,24.8,0.24,False
T007856,2025-07-13,12,HH075,DEV0109,13.0,84.3,29.08,146.4,0.43,False
T007857,2025-07-13,19,HH076,DEV0110,36.5,100.0,22.73,150.2,0.68,False
T007858,2025-07-13,16,HH081,DEV0117,16.3,100.0,20.09,135.0,0.93,False
T007859,2025-07-13,15,HH082,DEV0121,26.0,98.6,31.38,220.1,0.56,False
T007860,2025-07-13,19,HH086,DEV0125,35.3,100.0,2.26,12.9,0.37,False
T007861,2025-07-13,16,HH091,DEV0133,13.8,100.0,3.88,23.8,0.6,False
T007862,2025-07-13,12,HH095,DEV0138,21.6,100.0,22.19,129.1,0.7,False
T007863,2025-07-13,19,HH101,DEV0147,26.8,98.6,2.59,14.1,0.05,False
T007864,2025-07-13,13,HH103,DEV0149,23.8,100.0,3.28,17.4,0.66,False
T007865,2025-07-13,19,HH108,DEV0155,20.5,100.0,35.7,230.7,0.51,False
T007866,2025-07-13,17,HH110,DEV0159,28.4,100.0,2.58,11.8,0.34,False
T007867,2025-07-13,15,HH113,DEV0165,25.3,100.0,5.6,29.5,0.34,False
T007868,2025-07-13,16,HH120,DEV0176,16.6,100.0,5.34,33.7,0.53,False
T007869,2025-07-13,15,HH134,DEV0197,24.1,100.0,18.6,86.8,0.16,False
T007870,2025-07-13,14,HH140,DEV0206,30.3,100.0,17.98,96.4,0.58,False
T007871,2025-07-14,17,HH001,DEV0001,31.2,100.0,23.67,113.8,0.32,False
T007872,2025-07-14,19,HH009,DEV0013,5.5,85.3,4.47,32.0,0.15,False
T007873,2025-07-14,16,HH011,DEV0015,20.3,95.9,45.04,228.0,0.73,False
T007874,2025-07-14,17,HH017,DEV0023,34.6,100.0,3.73,24.9,0.46,False
T007875,2025-07-14,16,HH019,DEV0026,32.8,100.0,22.58,108.5,0.28,False
T007876,2025-07-14,19,HH020,DEV0027,5.1,84.3,2.77,20.3,0.16,False
T007877,2025-07-14,17,HH025,DEV0036,7.6,82.7,4.36,19.0,0.35,False
T007878,2025-07-14,15,HH027,DEV0039,35.9,100.0,2.05,12.4,0.31,False
T007879,2025-07-14,19,HH029,DEV0041,37.2,100.0,4.4,21.9,0.44,False
T007880,2025-07-14,17,HH036,DEV0051,9.6,95.0,5.12,30.9,0.6,False
T007881,2025-07-14,16,HH038,DEV0055,7.3,87.8,2.98,13.9,0.46,False
T007882,2025-07-14,16,HH039,DEV0058,33.3,100.0,3.2,19.0,1.0,False
T007883,2025-07-14,14,HH040,DEV0059,14.6,100.0,2.65,11.9,0.52,False
T007884,2025-07-14,13,HH041,DEV0060,25.1,100.0,3.82,17.7,0.13,False
T007885,2025-07-14,15,HH043,DEV0064,28.1,100.0,33.15,144.1,0.39,False
T007886,2025-07-14,15,HH046,DEV0068,23.5,100.0,35.96,210.8,0.09,False
T007887,2025-07-14,16,HH047,DEV0070,20.8,99.4,18.93,138.8,0.16,False
T007888,2025-07-14,14,HH049,DEV0073,30.5,100.0,2.92,18.5,0.07,False
T007889,2025-07-14,16,HH054,DEV0079,6.5,85.3,3.7,16.7,0.29,False
T007890,2025-07-14,17,HH056,DEV0082,34.1,100.0,3.1,14.8,0.44,False
T007891,2025-07-14,19,HH062,DEV0092,32.4,100.0,22.11,147.1,0.25,False
T007892,2025-07-14,19,HH063,DEV0093,6.0,93.5,25.12,137.1,0.36,False
T007893,2025-07-14,19,HH064,DEV0095,10.5,90.5,2.48,14.7,0.38,False
T007894,2025-07-14,17,HH067,DEV0099,11.8,96.9,6.81,33.5,0.69,False
T007895,2025-07-14,18,HH070,DEV0102,18.3,68.4,1.65,8.1,0.17,True
T007896,2025-07-14,19,HH071,DEV0103,30.6,100.0,4.37,24.9,0.45,False
T007897,2025-07-14,18,HH073,DEV0106,28.3,100.0,4.59,28.2,0.16,False
T007898,2025-07-14,14,HH075,DEV0109,32.5,100.0,27.54,119.5,0.34,False
T007899,2025-07-14,14,HH079,DEV0115,21.9,100.0,38.43,173.3,0.15,False
T007900,2025-07-14,18,HH082,DEV0119,33.0,100.0,4.42,26.0,0.68,False
T007901,2025-07-14,18,HH085,DEV0124,39.4,100.0,20.36,129.0,0.11,False
T007902,2025-07-14,13,HH090,DEV0131,5.5,79.3,41.4,223.7,0.67,False
T007903,2025-07-14,16,HH091,DEV0133,9.3,83.3,3.33,17.5,0.54,False
T007904,2025-07-14,15,HH092,DEV0134,26.0,100.0,33.08,143.8,0.41,False
T007905,2025-07-14,19,HH100,DEV0146,17.4,95.0,4.42,25.0,0.23,False
T007906,2025-07-14,19,HH109,DEV0156,12.4,95.8,6.34,31.8,0.55,False
T007907,2025-07-14,13,HH110,DEV0160,9.3,91.5,29.36,135.3,0.44,False
T007908,2025-07-14,17,HH114,DEV0166,37.9,79.5,2.62,15.6,0.31,True
T007909,2025-07-14,14,HH115,DEV0169,20.2,100.0,32.24,197.6,0.61,False
T007910,2025-07-14,12,HH116,DEV0170,11.3,80.4,23.3,114.7,0.95,False
T007911,2025-07-14,15,HH119,DEV0174,15.7,100.0,25.21,161.8,0.21,False
T007912,2025-07-14,15,HH123,DEV0180,25.2,100.0,15.63,72.8,0.39,False
T007913,2025-07-14,15,HH124,DEV0181,21.3,100.0,34.94,212.3,0.9,False
T007914,2025-07-14,18,HH127,DEV0185,22.2,100.0,45.98,235.7,0.15,False
T007915,2025-07-14,16,HH129,DEV0188,23.3,100.0,4.53,24.4,0.81,False
T007916,2025-07-14,18,HH131,DEV0190,37.7,100.0,2.93,13.1,0.37,False
T007917,2025-07-14,18,HH134,DEV0196,20.5,100.0,5.88,26.0,0.17,False
T007918,2025-07-14,14,HH135,DEV0198,21.0,100.0,4.58,27.8,0.15,False
T007919,2025-07-14,13,HH138,DEV0203,10.8,92.9,28.0,190.9,0.14,False
T007920,2025-07-15,19,HH002,DEV0002,35.5,100.0,36.64,217.5,0.53,False
T007921,2025-07-15,17,HH003,DEV0004,12.5,95.2,32.9,244.6,0.61,False
T007922,2025-07-15,16,HH005,DEV0006,7.4,85.4,3.04,17.7,0.45,False
T007923,2025-07-15,16,HH007,DEV0008,20.2,96.3,2.89,16.2,0.21,False
T007924,2025-07-15,17,HH009,DEV0013,10.7,96.7,4.81,27.6,0.17,False
T007925,2025-07-15,19,HH010,DEV0014,19.1,100.0,48.22,341.3,0.27,False
T007926,2025-07-15,16,HH013,DEV0018,15.5,98.9,6.25,33.7,0.64,False
T007927,2025-07-15,17,HH014,DEV0019,9.7,100.0,4.06,25.5,0.39,False
T007928,2025-07-15,16,HH015,DEV0020,17.6,98.9,2.76,14.1,0.51,False
T007929,2025-07-15,12,HH016,DEV0021,32.0,100.0,30.94,162.1,0.27,False
T007930,2025-07-15,17,HH018,DEV0024,35.9,100.0,4.36,28.0,0.52,False
T007931,2025-07-15,13,HH021,DEV0028,26.8,100.0,19.84,87.4,0.3,False
T007932,2025-07-15,19,HH022,DEV0030,22.4,100.0,3.49,22.8,0.34,False
T007933,2025-07-15,17,HH029,DEV0041,35.5,100.0,4.52,32.8,0.5,False
T007934,2025-07-15,15,HH031,DEV0045,39.5,100.0,30.79,141.9,0.39,False
T007935,2025-07-15,16,HH033,DEV0048,7.7,85.2,4.96,21.4,0.26,False
T007936,2025-07-15,18,HH034,DEV0049,15.6,100.0,6.33,36.1,0.23,False
T007937,2025-07-15,18,HH037,DEV0053,26.3,100.0,3.46,16.9,0.65,False
T007938,2025-07-15,18,HH040,DEV0059,25.9,100.0,2.3,14.7,0.58,False
T007939,2025-07-15,13,HH042,DEV0061,30.2,100.0,29.04,165.4,0.34,False
T007940,2025-07-15,14,HH044,DEV0066,17.6,98.7,25.4,169.6,0.71,False
T007941,2025-07-15,15,HH048,DEV0071,19.0,96.2,31.27,137.5,0.06,False
T007942,2025-07-15,13,HH049,DEV0073,22.3,100.0,3.26,22.9,0.12,False
T007943,2025-07-15,17,HH050,DEV0074,31.3,100.0,3.16,22.9,0.5,False
T007944,2025-07-15,17,HH058,DEV0086,21.2,100.0,2.84,16.1,0.46,False
T007945,2025-07-15,15,HH067,DEV0099,27.7,100.0,5.78,41.1,0.52,False
T007946,2025-07-15,14,HH072,DEV0104,19.8,100.0,23.5,117.0,0.09,False
T007947,2025-07-15,15,HH075,DEV0109,37.9,100.0,25.34,185.6,0.49,False
T007948,2025-07-15,14,HH077,DEV0112,13.0,100.0,6.35,47.3,0.25,False
T007949,2025-07-15,12,HH084,DEV0123,34.6,100.0,3.27,18.3,0.53,False
T007950,2025-07-15,19,HH087,DEV0128,26.6,100.0,2.35,11.5,0.26,False
T007951,2025-07-15,15,HH091,DEV0133,25.9,100.0,3.33,23.5,0.55,False
T007952,2025-07-15,17,HH092,DEV0134,9.5,88.1,35.11,150.5,0.23,False
T007953,2025-07-15,19,HH093,DEV0135,20.9,100.0,3.4,25.2,0.44,False
T007954,2025-07-15,19,HH101,DEV0147,39.2,100.0,2.19,11.4,0.05,False
T007955,2025-07-15,19,HH107,DEV0153,26.1,100.0,2.81,16.8,0.27,False
T007956,2025-07-15,15,HH111,DEV0161,6.8,93.1,5.7,35.9,0.51,False
T007957,2025-07-15,11,HH112,DEV0163,9.7,81.8,24.3,108.2,0.25,False
T007958,2025-07-15,15,HH114,DEV0167,8.0,86.4,6.03,38.6,0.41,False
T007959,2025-07-15,16,HH116,DEV0170,39.1,100.0,20.52,100.8,0.88,False
T007960,2025-07-15,19,HH121,DEV0178,35.1,100.0,28.82,165.5,0.66,False
T007961,2025-07-15,14,HH123,DEV0180,25.5,100.0,15.57,90.4,0.37,False
T007962,2025-07-15,14,HH127,DEV0186,18.6,95.8,39.01,213.3,0.25,False
T007963,2025-07-15,16,HH129,DEV0188,23.6,100.0,4.51,28.6,0.47,False
T007964,2025-07-15,17,HH134,DEV0197,24.2,100.0,18.57,135.5,0.25,False
T007965,2025-07-16,14,HH001,DEV0001,34.2,100.0,22.64,100.7,0.29,False
T007966,2025-07-16,15,HH002,DEV0002,29.0,100.0,40.33,210.5,0.44,False
T007967,2025-07-16,17,HH003,DEV0004,27.5,100.0,28.85,209.8,0.71,False
T007968,2025-07-16,19,HH004,DEV0005,17.7,100.0,5.93,41.3,0.25,False
T007969,2025-07-16,17,HH010,DEV0014,20.5,100.0,47.38,237.8,0.32,False
T007970,2025-07-16,14,HH012,DEV0016,21.0,72.5,1.75,9.8,0.07,True
T007971,2025-07-16,19,HH019,DEV0026,15.5,100.0,28.39,151.8,0.32,False
T007972,2025-07-16,19,HH020,DEV0027,13.9,94.3,2.81,18.0,0.12,False
T007973,2025-07-16,16,HH021,DEV0029,24.1,100.0,3.04,21.1,0.44,False
T007974,2025-07-16,19,HH024,DEV0035,6.2,96.1,49.17,296.5,0.43,False
T007975,2025-07-16,11,HH025,DEV0036,5.3,93.6,5.12,33.8,0.49,False
T007976,2025-07-16,19,HH028,DEV0040,15.1,91.9,29.66,188.9,0.42,False
T007977,2025-07-16,19,HH030,DEV0044,38.4,100.0,2.16,13.4,0.07,False
T007978,2025-07-16,16,HH034,DEV0049,10.1,98.9,6.66,36.8,0.15,False
T007979,2025-07-16,13,HH040,DEV0059,39.4,100.0,1.88,13.7,0.62,False
T007980,2025-07-16,16,HH041,DEV0060,14.4,95.7,4.15,20.2,0.09,False
T007981,2025-07-16,16,HH046,DEV0068,27.5,100.0,34.07,186.2,0.08,False
T007982,2025-07-16,12,HH050,DEV0074,14.2,92.6,3.61,20.3,0.37,False
T007983,2025-07-16,10,HH055,DEV0081,14.0,93.9,3.35,18.7,0.51,False
T007984,2025-07-16,19,HH060,DEV0088,37.7,100.0,4.55,23.0,0.51,False
T007985,2025-07-16,16,HH062,DEV0092,25.9,100.0,24.23,123.3,0.28,False
T007986,2025-07-16,19,HH063,DEV0094,23.9,100.0,2.59,12.1,0.42,False
T007987,2025-07-16,18,HH069,DEV0101,28.7,99.1,38.88,180.2,0.16,False
T007988,2025-07-16,16,HH071,DEV0103,34.9,100.0,4.1,22.5,0.48,False
T007989,2025-07-16,10,HH075,DEV0109,30.5,100.0,28.36,130.7,0.39,False
T007990,2025-07-16,18,HH076,DEV0110,36.6,100.0,22.7,129.0,0.61,False
T007991,2025-07-16,19,HH077,DEV0112,5.6,95.7,6.58,44.5,0.25,False
T007992,2025-07-16,14,HH080,DEV0116,20.9,100.0,5.93,37.8,0.75,False
T007993,2025-07-16,15,HH082,DEV0119,33.1,100.0,4.42,19.7,0.49,False
T007994,2025-07-16,19,HH085,DEV0124,27.4,100.0,24.39,159.9,0.08,False
T007995,2025-07-16,19,HH086,DEV0126,24.4,100.0,23.51,107.6,0.37,False
T007996,2025-07-16,19,HH093,DEV0135,29.0,100.0,3.05,18.2,0.32,False
T007997,2025-07-16,15,HH100,DEV0146,34.5,100.0,3.73,28.0,0.17,False
T007998,2025-07-16,12,HH102,DEV0148,16.2,100.0,22.21,155.0,0.82,False
T007999,2025-07-16,16,HH104,DEV0150,8.7,95.9,28.7,200.5,0.17,False
T008000,2025-07-16,16,HH106,DEV0152,11.6,97.0,45.03,258.4,0.12,False
T008001,2025-07-16,19,HH107,DEV0153,31.0,100.0,2.62,18.1,0.3,False
T008002,2025-07-16,19,HH108,DEV0155,31.8,100.0,30.62,214.0,0.58,False
T008003,2025-07-16,14,HH110,DEV0159,9.4,91.7,2.96,15.2,0.24,False
T008004,2025-07-16,15,HH112,DEV0163,10.8,91.6,27.23,149.6,0.41,False
T008005,2025-07-16,19,HH115,DEV0169,23.3,98.1,30.21,173.5,0.53,False
T008006,2025-07-16,17,HH119,DEV0175,16.4,97.1,20.33,132.0,0.17,False
T008007,2025-07-16,19,HH121,DEV0177,36.4,100.0,3.63,25.1,0.5,False
T008008,2025-07-16,17,HH122,DEV0179,23.9,93.3,22.78,134.8,0.57,False
T008009,2025-07-16,15,HH125,DEV0182,20.7,99.0,25.76,127.7,0.4,False
T008010,2025-07-16,16,HH134,DEV0196,24.7,100.0,5.57,40.3,0.17,False
T008011,2025-07-16,16,HH135,DEV0198,26.3,100.0,4.27,27.1,0.12,False
T008012,2025-07-16,19,HH136,DEV0199,8.6,100.0,42.14,201.8,0.54,False
T008013,2025-07-16,16,HH137,DEV0200,13.4,82.4,2.41,11.8,0.65,False
T008014,2025-07-17,18,HH002,DEV0002,12.0,93.3,46.19,217.3,0.69,False
T008015,2025-07-17,12,HH004,DEV0005,24.3,100.0,5.45,37.9,0.18,False
T008016,2025-07-17,18,HH005,DEV0006,14.8,100.0,3.32,14.6,0.55,False
T008017,2025-07-17,17,HH009,DEV0013,12.9,92.0,4.43,22.6,0.28,False
T008018,2025-07-17,18,HH015,DEV0020,25.8,100.0,2.52,11.0,0.57,False
T008019,2025-07-17,15,HH016,DEV0021,30.4,100.0,31.67,228.3,0.44,False
T008020,2025-07-17,13,HH020,DEV0027,15.8,94.3,2.75,19.9,0.14,False
T008021,2025-07-17,18,HH025,DEV0037,20.5,95.0,43.84,191.0,0.49,False
T008022,2025-07-17,17,HH039,DEV0058,10.4,87.8,3.72,26.2,0.55,False
T008023,2025-07-17,18,HH045,DEV0067,32.9,100.0,34.49,220.2,0.79,False
T008024,2025-07-17,19,HH047,DEV0069,5.3,51.9,24.01,131.1,0.1,True
T008025,2025-07-17,18,HH050,DEV0074,34.6,100.0,3.01,14.5,0.32,False
T008026,2025-07-17,12,HH059,DEV0087,9.6,93.2,4.85,28.9,0.25,False
T008027,2025-07-17,12,HH065,DEV0096,34.5,100.0,32.42,153.4,0.55,False
T008028,2025-07-17,17,HH066,DEV0098,23.6,61.2,2.44,15.2,0.37,True
T008029,2025-07-17,17,HH067,DEV0099,11.9,93.1,6.49,38.1,0.44,False
T008030,2025-07-17,17,HH072,DEV0104,21.5,100.0,23.0,167.5,0.05,False
T008031,2025-07-17,19,HH073,DEV0106,18.8,100.0,5.2,36.0,0.25,False
T008032,2025-07-17,19,HH074,DEV0108,25.1,100.0,4.19,22.8,0.3,False
T008033,2025-07-17,15,HH085,DEV0124,11.3,100.0,29.8,173.8,0.1,False
T008034,2025-07-17,14,HH091,DEV0133,37.1,100.0,2.83,13.7,0.5,False
T008035,2025-07-17,13,HH093,DEV0135,25.6,100.0,3.2,20.9,0.44,False
T008036,2025-07-17,16,HH094,DEV0136,24.7,100.0,37.2,217.3,0.17,False
T008037,2025-07-17,19,HH097,DEV0141,27.8,100.0,3.75,19.9,0.5,False
T008038,2025-07-17,17,HH100,DEV0146,37.3,100.0,3.57,15.4,0.15,False
T008039,2025-07-17,18,HH101,DEV0147,7.6,81.7,2.67,11.5,0.09,False
T008040,2025-07-17,16,HH104,DEV0150,22.2,100.0,25.6,141.2,0.19,False
T008041,2025-07-17,15,HH105,DEV0151,27.4,100.0,3.63,15.8,0.19,False
T008042,2025-07-17,19,HH106,DEV0152,20.6,100.0,41.84,282.3,0.18,False
T008043,2025-07-17,11,HH110,DEV0160,10.6,88.0,27.63,173.1,0.47,False
T008044,2025-07-17,18,HH111,DEV0161,22.8,100.0,5.1,30.0,0.49,False
T008045,2025-07-17,18,HH112,DEV0163,6.8,79.9,24.64,129.8,0.32,False
T008046,2025-07-17,19,HH113,DEV0165,28.5,100.0,5.36,28.4,0.34,False
T008047,2025-07-17,18,HH118,DEV0173,11.3,100.0,4.08,21.4,0.35,False
T008048,2025-07-17,19,HH122,DEV0179,27.3,100.0,23.85,134.8,0.51,False
T008049,2025-07-17,14,HH124,DEV0181,21.3,50.8,13.08,96.3,0.52,True
T008050,2025-07-17,19,HH125,DEV0183,39.7,100.0,3.26,18.8,0.29,False
T008051,2025-07-17,15,HH131,DEV0190,39.9,100.0,2.82,12.3,0.33,False
T008052,2025-07-17,17,HH133,DEV0195,37.0,100.0,14.36,98.1,0.18,False
T008053,2025-07-18,16,HH004,DEV0005,38.1,100.0,4.46,26.1,0.17,False
T008054,2025-07-18,14,HH010,DEV0014,14.8,100.0,50.78,329.3,0.3,False
T008055,2025-07-18,16,HH011,DEV0015,28.2,97.9,41.53,210.1,0.54,False
T008056,2025-07-18,13,HH014,DEV0019,28.2,98.6,3.17,17.4,0.26,False
T008057,2025-07-18,19,HH016,DEV0021,16.2,100.0,38.13,207.5,0.38,False
T008058,2025-07-18,19,HH021,DEV0028,11.9,92.9,21.96,105.9,0.36,False
T008059,2025-07-18,19,HH026,DEV0038,38.1,100.0,30.95,145.2,0.17,False
T008060,2025-07-18,19,HH034,DEV0049,6.5,84.0,5.82,43.4,0.25,False
T008061,2025-07-18,16,HH040,DEV0059,39.5,100.0,1.88,10.8,0.62,False
T008062,2025-07-18,17,HH044,DEV0066,15.2,89.7,23.31,141.1,0.79,False
T008063,2025-07-18,14,HH048,DEV0071,37.4,100.0,25.35,109.9,0.06,False
T008064,2025-07-18,15,HH049,DEV0073,28.6,100.0,3.0,16.8,0.1,False
T008065,2025-07-18,18,HH050,DEV0074,10.4,92.8,3.79,20.3,0.51,False
T008066,2025-07-18,13,HH051,DEV0075,37.2,100.0,3.08,13.5,0.29,False
T008067,2025-07-18,19,HH056,DEV0083,23.7,73.4,10.88,80.2,0.34,True
T008068,2025-07-18,18,HH057,DEV0085,6.9,92.1,6.47,36.8,0.86,False
T008069,2025-07-18,16,HH059,DEV0087,16.6,100.0,4.84,24.9,0.28,False
T008070,2025-07-18,19,HH066,DEV0098,19.1,69.1,3.25,19.1,0.23,True
T008071,2025-07-18,16,HH068,DEV0100,23.1,100.0,33.37,175.5,0.44,False
T008072,2025-07-18,16,HH073,DEV0106,9.7,91.9,5.26,31.2,0.2,False
T008073,2025-07-18,18,HH074,DEV0108,6.7,84.1,4.33,31.9,0.17,False
T008074,2025-07-18,15,HH077,DEV0111,12.3,87.3,5.85,27.4,0.34,False
T008075,2025-07-18,18,HH078,DEV0113,34.4,100.0,3.48,23.1,0.63,False
T008076,2025-07-18,13,HH082,DEV0119,11.9,88.1,5.03,28.7,0.65,False
T008077,2025-07-18,19,HH085,DEV0124,38.2,100.0,20.76,94.8,0.1,False
T008078,2025-07-18,13,HH090,DEV0132,18.9,99.0,46.55,334.2,0.68,False
T008079,2025-07-18,14,HH091,DEV0133,28.3,100.0,3.23,17.8,0.36,False
T008080,2025-07-18,16,HH092,DEV0134,17.1,100.0,37.06,254.2,0.45,False
T008081,2025-07-18,19,HH094,DEV0137,16.9,92.6,3.71,16.0,0.14,False
T008082,2025-07-18,15,HH095,DEV0139,34.9,100.0,16.14,94.2,0.49,False
T008083,2025-07-18,18,HH097,DEV0141,14.3,90.3,3.95,18.6,0.36,False
T008084,2025-07-18,14,HH099,DEV0144,15.4,95.9,6.2,30.1,0.26,False
T008085,2025-07-18,16,HH111,DEV0162,9.3,92.0,36.38,236.5,0.65,False
T008086,2025-07-18,19,HH114,DEV0166,5.7,51.9,2.91,18.3,0.44,True
T008087,2025-07-18,19,HH115,DEV0169,30.2,100.0,28.2,149.1,0.44,False
T008088,2025-07-18,15,HH118,DEV0173,14.7,96.9,3.78,18.1,0.27,False
T008089,2025-07-18,18,HH122,DEV0179,17.8,96.2,25.7,182.6,0.64,False
T008090,2025-07-18,18,HH123,DEV0180,16.2,91.4,15.71,79.0,0.25,False
T008091,2025-07-18,16,HH124,DEV0181,13.2,61.8,21.56,100.5,0.59,True
T008092,2025-07-18,16,HH125,DEV0183,17.9,100.0,4.43,22.0,0.27,False
T008093,2025-07-18,16,HH127,DEV0185,25.3,100.0,44.15,224.8,0.23,False
T008094,2025-07-18,16,HH129,DEV0188,15.0,100.0,5.02,33.0,0.63,False
T008095,2025-07-18,13,HH131,DEV0190,14.9,100.0,4.0,27.6,0.41,False
T008096,2025-07-18,17,HH133,DEV0194,17.8,86.8,39.55,236.7,0.16,False
T008097,2025-07-18,19,HH135,DEV0198,38.9,100.0,3.54,20.6,0.14,False
T008098,2025-07-18,18,HH139,DEV0204,19.8,89.4,25.56,138.8,0.34,False
T008099,2025-07-18,16,HH140,DEV0206,13.7,98.2,21.8,118.4,0.5,False
T008100,2025-07-19,19,HH003,DEV0004,38.7,100.0,24.4,108.6,0.71,False
T008101,2025-07-19,18,HH005,DEV0006,22.0,100.0,3.04,21.3,0.46,False
T008102,2025-07-19,18,HH006,DEV0007,31.9,100.0,14.03,70.8,0.53,False
T008103,2025-07-19,14,HH008,DEV0012,10.3,95.4,5.27,32.5,0.78,False
T008104,2025-07-19,16,HH015,DEV0020,20.7,100.0,2.7,12.4,0.48,False
T008105,2025-07-19,15,HH016,DEV0021,12.7,88.4,34.44,209.3,0.31,False
T008106,2025-07-19,11,HH017,DEV0022,23.3,100.0,17.1,106.3,0.81,False
T008107,2025-07-19,12,HH022,DEV0030,7.8,84.1,3.43,15.1,0.35,False
T008108,2025-07-19,17,HH027,DEV0039,9.7,83.2,2.35,11.6,0.28,False
T008109,2025-07-19,8,HH028,DEV0040,34.8,100.0,25.17,117.0,0.47,False
T008110,2025-07-19,14,HH029,DEV0041,31.3,100.0,4.81,21.8,0.58,False
T008111,2025-07-19,17,HH034,DEV0049,20.0,100.0,6.0,32.0,0.29,False
T008112,2025-07-19,19,HH035,DEV0050,21.1,100.0,26.75,114.8,0.27,False
T008113,2025-07-19,16,HH038,DEV0055,22.5,98.5,2.81,15.5,0.64,False
T008114,2025-07-19,17,HH041,DEV0060,25.5,100.0,3.8,21.4,0.18,False
T008115,2025-07-19,16,HH042,DEV0061,6.6,94.4,36.52,172.3,0.28,False
T008116,2025-07-19,19,HH048,DEV0071,8.6,82.4,29.9,174.1,0.06,False
T008117,2025-07-19,15,HH050,DEV0074,10.9,89.2,3.6,20.5,0.31,False
T008118,2025-07-19,15,HH054,DEV0079,24.1,100.0,3.57,24.3,0.4,False
T008119,2025-07-19,16,HH057,DEV0085,13.2,100.0,6.6,41.9,0.81,False
T008120,2025-07-19,15,HH058,DEV0086,21.9,98.7,2.76,18.4,0.39,False
T008121,2025-07-19,14,HH061,DEV0091,5.6,78.9,4.4,27.1,0.36,False
T008122,2025-07-19,18,HH063,DEV0093,18.4,100.0,23.42,123.1,0.3,False
T008123,2025-07-19,19,HH064,DEV0095,24.4,100.0,2.34,14.7,0.56,False
T008124,2025-07-19,18,HH071,DEV0103,6.9,96.9,5.67,28.4,0.31,False
T008125,2025-07-19,17,HH074,DEV0107,28.8,100.0,35.81,171.2,0.27,False
T008126,2025-07-19,19,HH077,DEV0111,33.8,100.0,5.16,23.3,0.43,False
T008127,2025-07-19,11,HH079,DEV0115,39.4,100.0,29.82,149.7,0.18,False
T008128,2025-07-19,17,HH082,DEV0120,14.4,87.6,3.37,14.9,0.61,False
T008129,2025-07-19,13,HH083,DEV0122,19.0,92.7,28.54,122.5,0.38,False
T008130,2025-07-19,16,HH084,DEV0123,11.7,86.3,3.73,18.7,0.55,False
T008131,2025-07-19,18,HH087,DEV0128,6.6,96.9,2.89,19.8,0.25,False
T008132,2025-07-19,18,HH090,DEV0131,19.8,100.0,44.99,200.4,0.8,False
T008133,2025-07-19,15,HH093,DEV0135,16.3,100.0,3.6,21.4,0.26,False
T008134,2025-07-19,15,HH094,DEV0137,39.4,100.0,2.97,15.0,0.21,False
T008135,2025-07-19,16,HH097,DEV0141,27.8,100.0,3.75,19.9,0.35,False
T008136,2025-07-19,19,HH098,DEV0142,32.7,100.0,37.01,166.3,0.81,False
T008137,2025-07-19,13,HH099,DEV0144,21.6,92.9,5.49,34.6,0.26,False
T008138,2025-07-19,17,HH100,DEV0145,33.8,100.0,26.94,140.8,0.17,False
T008139,2025-07-19,16,HH101,DEV0147,21.2,98.2,2.77,19.9,0.08,False
T008140,2025-07-19,19,HH102,DEV0148,8.7,96.1,23.16,122.6,0.68,False
T008141,2025-07-19,19,HH105,DEV0151,16.3,100.0,4.19,26.3,0.22,False
T008142,2025-07-19,15,HH115,DEV0169,31.5,100.0,27.67,133.0,0.68,False
T008143,2025-07-19,15,HH119,DEV0174,16.2,89.6,21.95,97.4,0.28,False
T008144,2025-07-19,18,HH121,DEV0177,7.0,84.7,4.43,27.3,0.57,False
T008145,2025-07-19,13,HH124,DEV0181,38.0,75.4,16.62,97.8,0.53,True
T008146,2025-07-19,16,HH130,DEV0189,38.2,100.0,4.39,31.1,0.09,False
T008147,2025-07-19,15,HH131,DEV0190,29.6,100.0,3.31,20.9,0.51,False
T008148,2025-07-19,17,HH132,DEV0192,24.0,100.0,3.8,22.9,0.25,False
T008149,2025-07-19,19,HH133,DEV0193,10.8,95.4,3.21,19.9,0.16,False
T008150,2025-07-19,18,HH135,DEV0198,8.7,90.2,4.73,31.8,0.12,False
T008151,2025-07-19,14,HH136,DEV0199,35.8,100.0,29.6,134.3,0.59,False
T008152,2025-07-19,16,HH137,DEV0201,19.9,94.0,43.79,194.5,0.56,False
T008153,2025-07-20,12,HH005,DEV0006,32.8,100.0,2.62,17.8,0.42,False
T008154,2025-07-20,18,HH011,DEV0015,32.7,100.0,40.11,245.9,0.71,False
T008155,2025-07-20,18,HH022,DEV0031,8.6,93.7,17.28,95.5,0.6,False
T008156,2025-07-20,14,HH024,DEV0035,8.0,90.5,45.15,229.9,0.75,False
T008157,2025-07-20,18,HH025,DEV0037,25.2,100.0,43.98,205.6,0.56,False
T008158,2025-07-20,16,HH027,DEV0039,30.7,100.0,2.22,12.0,0.2,False
T008159,2025-07-20,18,HH029,DEV0042,7.1,87.9,42.11,278.6,0.36,False
T008160,2025-07-20,16,HH030,DEV0044,22.7,100.0,2.71,15.4,0.11,False
T008161,2025-07-20,16,HH038,DEV0055,14.1,86.8,2.69,16.8,0.56,False
T008162,2025-07-20,17,HH040,DEV0059,15.0,98.7,2.6,12.6,0.65,False
T008163,2025-07-20,14,HH042,DEV0061,13.0,100.0,36.19,213.8,0.29,False
T008164,2025-07-20,18,HH044,DEV0066,8.1,95.3,27.28,163.0,0.66,False
T008165,2025-07-20,16,HH046,DEV0068,16.4,85.8,32.61,185.2,0.1,False
T008166,2025-07-20,19,HH048,DEV0071,25.8,100.0,30.05,155.7,0.09,False
T008167,2025-07-20,18,HH052,DEV0076,19.7,92.2,3.26,21.9,0.34,False
T008168,2025-07-20,12,HH057,DEV0084,19.5,100.0,2.58,15.6,0.8,False
T008169,2025-07-20,19,HH058,DEV0086,38.8,100.0,2.2,14.3,0.31,False
T008170,2025-07-20,16,HH061,DEV0091,11.1,85.6,4.47,22.3,0.52,False
T008171,2025-07-20,16,HH064,DEV0095,36.2,100.0,1.98,14.5,0.37,False
T008172,2025-07-20,14,HH067,DEV0099,13.1,94.9,6.55,43.0,0.8,False
T008173,2025-07-20,18,HH068,DEV0100,16.0,86.5,30.58,163.1,0.91,False
T008174,2025-07-20,15,HH077,DEV0112,20.4,97.4,5.62,35.3,0.27,False
T008175,2025-07-20,16,HH078,DEV0113,14.1,100.0,4.55,31.7,0.67,False
T008176,2025-07-20,16,HH079,DEV0115,33.2,100.0,32.87,162.0,0.2,False
T008177,2025-07-20,19,HH082,DEV0120,35.8,100.0,2.95,12.7,0.51,False
T008178,2025-07-20,14,HH086,DEV0125,5.3,98.2,3.25,18.9,0.3,False
T008179,2025-07-20,16,HH088,DEV0129,5.7,91.0,39.32,240.0,0.17,False
T008180,2025-07-20,14,HH091,DEV0133,36.6,100.0,2.85,13.1,0.41,False
T008181,2025-07-20,19,HH092,DEV0134,35.0,100.0,29.06,126.7,0.48,False
T008182,2025-07-20,19,HH096,DEV0140,9.9,95.1,6.14,36.3,0.13,False
T008183,2025-07-20,18,HH097,DEV0141,6.4,90.5,4.37,26.9,0.45,False
T008184,2025-07-20,17,HH098,DEV0143,13.6,100.0,4.92,25.6,0.76,False
T008185,2025-07-20,16,HH099,DEV0144,7.8,84.3,5.89,29.1,0.23,False
T008186,2025-07-20,14,HH100,DEV0145,23.5,100.0,31.14,173.0,0.21,False
T008187,2025-07-20,17,HH103,DEV0149,20.7,55.9,1.51,10.1,0.79,True
T008188,2025-07-20,13,HH105,DEV0151,24.5,100.0,3.78,19.2,0.25,False
T008189,2025-07-20,16,HH108,DEV0155,33.3,100.0,29.95,159.3,0.4,False
T008190,2025-07-20,14,HH109,DEV0157,5.2,79.5,4.61,27.3,0.4,False
T008191,2025-07-20,19,HH111,DEV0161,22.9,100.0,5.09,30.7,0.36,False
T008192,2025-07-20,16,HH117,DEV0171,13.5,96.5,2.99,13.6,0.35,False
T008193,2025-07-20,16,HH120,DEV0176,38.3,100.0,3.95,19.5,0.33,False
T008194,2025-07-20,17,HH128,DEV0187,10.5,100.0,3.76,17.9,0.12,False
T008195,2025-07-20,19,HH131,DEV0190,31.1,100.0,3.24,15.0,0.4,False
T008196,2025-07-20,16,HH132,DEV0192,39.7,100.0,3.01,15.5,0.32,False
T008197,2025-07-21,17,HH003,DEV0004,37.7,100.0,24.8,130.1,0.73,False
T008198,2025-07-21,18,HH004,DEV0005,22.3,96.7,5.36,39.2,0.16,False
T008199,2025-07-21,15,HH007,DEV0008,27.3,100.0,2.76,13.8,0.24,False
T008200,2025-07-21,17,HH011,DEV0015,34.9,100.0,38.8,195.7,0.58,False
T008201,2025-07-21,13,HH018,DEV0024,5.8,81.2,5.13,25.1,0.39,False
T008202,2025-07-21,19,HH019,DEV0026,31.0,100.0,23.18,147.5,0.17,False
T008203,2025-07-21,16,HH021,DEV0029,37.0,100.0,2.52,11.5,0.34,False
T008204,2025-07-21,15,HH025,DEV0036,16.1,100.0,4.87,35.1,0.41,False
T008205,2025-07-21,14,HH028,DEV0040,22.0,98.3,29.45,197.1,0.33,False
T008206,2025-07-21,19,HH030,DEV0044,22.3,97.8,2.64,19.6,0.06,False
T008207,2025-07-21,15,HH032,DEV0047,18.1,100.0,5.0,24.3,0.56,False
T008208,2025-07-21,17,HH037,DEV0053,14.1,98.7,3.97,27.6,0.62,False
T008209,2025-07-21,17,HH044,DEV0066,6.1,81.3,23.55,109.6,0.7,False
T008210,2025-07-21,17,HH053,DEV0078,7.8,93.9,17.21,87.7,0.2,False
T008211,2025-07-21,17,HH055,DEV0080,22.4,100.0,23.59,114.8,0.57,False
T008212,2025-07-21,17,HH061,DEV0090,9.7,87.4,5.91,27.3,0.47,False
T008213,2025-07-21,18,HH068,DEV0100,21.8,100.0,33.94,194.3,0.73,False
T008214,2025-07-21,16,HH069,DEV0101,39.8,100.0,33.23,162.4,0.23,False
T008215,2025-07-21,16,HH070,DEV0102,9.9,63.1,1.76,8.5,0.32,True
T008216,2025-07-21,16,HH072,DEV0104,19.7,93.2,21.54,118.4,0.05,False
T008217,2025-07-21,18,HH074,DEV0108,6.8,95.0,4.94,28.9,0.25,False
T008218,2025-07-21,17,HH076,DEV0110,24.3,100.0,27.1,128.3,0.78,False
T008219,2025-07-21,19,HH077,DEV0111,18.0,100.0,6.4,28.9,0.39,False
T008220,2025-07-21,16,HH080,DEV0116,22.3,95.0,5.45,28.4,0.52,False
T008221,2025-07-21,19,HH081,DEV0117,16.0,94.4,18.81,109.1,0.51,False
T008222,2025-07-21,13,HH083,DEV0122,5.2,81.6,29.59,149.0,0.25,False
T008223,2025-07-21,18,HH084,DEV0123,28.4,100.0,3.58,15.6,0.85,False
T008224,2025-07-21,18,HH085,DEV0124,31.1,100.0,23.15,132.9,0.06,False
T008225,2025-07-21,17,HH089,DEV0130,8.3,93.3,3.82,18.6,0.11,False
T008226,2025-07-21,18,HH092,DEV0134,8.2,99.9,40.99,185.8,0.26,False
T008227,2025-07-21,15,HH094,DEV0137,26.3,100.0,3.61,26.2,0.29,False
T008228,2025-07-21,16,HH096,DEV0140,32.4,100.0,4.87,36.0,0.18,False
T008229,2025-07-21,15,HH097,DEV0141,26.7,100.0,3.81,21.4,0.54,False
T008230,2025-07-21,18,HH106,DEV0152,9.2,97.3,46.43,335.2,0.22,False
T008231,2025-07-21,12,HH110,DEV0158,5.8,75.3,2.29,12.6,0.42,False
T008232,2025-07-21,19,HH114,DEV0166,27.6,72.4,2.82,16.4,0.64,True
T008233,2025-07-21,18,HH118,DEV0173,6.9,84.6,3.57,18.3,0.32,False
T008234,2025-07-21,17,HH120,DEV0176,25.2,98.4,4.69,25.4,0.31,False
T008235,2025-07-21,17,HH122,DEV0179,30.2,100.0,22.89,104.8,0.63,False
T008236,2025-07-21,15,HH123,DEV0180,21.9,100.0,16.32,97.7,0.27,False
T008237,2025-07-21,17,HH127,DEV0185,39.2,100.0,35.93,172.8,0.14,False
T008238,2025-07-21,18,HH130,DEV0189,10.0,99.8,6.37,30.7,0.13,False
T008239,2025-07-21,13,HH131,DEV0190,7.3,91.7,3.97,27.8,0.5,False
T008240,2025-07-21,16,HH132,DEV0192,23.8,100.0,3.81,18.7,0.29,False
T008241,2025-07-21,16,HH133,DEV0194,16.1,100.0,48.07,271.5,0.13,False
T008242,2025-07-21,15,HH134,DEV0197,14.7,99.7,20.83,146.7,0.14,False
T008243,2025-07-21,15,HH136,DEV0199,29.5,100.0,32.5,217.7,0.5,False
T008244,2025-07-21,16,HH137,DEV0201,37.8,100.0,36.76,172.7,0.99,False
T008245,2025-07-21,19,HH138,DEV0203,31.6,100.0,23.32,120.8,0.23,False
T008246,2025-07-21,19,HH140,DEV0206,31.9,100.0,17.57,80.2,0.39,False
T008247,2025-07-22,16,HH001,DEV0001,31.4,100.0,23.6,128.6,0.29,False
T008248,2025-07-22,19,HH002,DEV0003,18.6,92.5,4.14,27.0,0.46,False
T008249,2025-07-22,12,HH006,DEV0007,28.6,100.0,14.71,77.1,0.86,False
T008250,2025-07-22,15,HH008,DEV0012,11.3,97.8,5.37,34.1,0.81,False
T008251,2025-07-22,14,HH014,DEV0019,36.0,100.0,2.88,18.7,0.38,False
T008252,2025-07-22,17,HH015,DEV0020,15.5,92.6,2.62,12.9,0.37,False
T008253,2025-07-22,15,HH017,DEV0022,11.8,98.6,19.37,117.7,0.81,False
T008254,2025-07-22,19,HH022,DEV0030,5.2,78.0,3.28,17.4,0.6,False
T008255,2025-07-22,18,HH024,DEV0035,22.6,94.8,39.48,246.1,0.56,False
T008256,2025-07-22,11,HH026,DEV0038,38.7,100.0,30.65,217.1,0.2,False
T008257,2025-07-22,19,HH029,DEV0043,12.1,100.0,46.5,207.5,0.36,False
T008258,2025-07-22,18,HH031,DEV0046,8.5,84.5,39.52,214.1,0.46,False
T008259,2025-07-22,13,HH033,DEV0048,34.9,100.0,4.17,22.0,0.18,False
T008260,2025-07-22,19,HH034,DEV0049,23.4,97.5,5.56,38.7,0.18,False
T008261,2025-07-22,14,HH036,DEV0052,25.1,100.0,5.54,40.5,0.46,False
T008262,2025-07-22,19,HH037,DEV0053,33.5,100.0,3.13,20.0,0.58,False
T008263,2025-07-22,14,HH038,DEV0055,12.1,100.0,3.25,15.1,0.47,False
T008264,2025-07-22,19,HH043,DEV0065,9.9,93.7,3.52,17.7,0.35,False
T008265,2025-07-22,15,HH049,DEV0073,27.5,100.0,3.04,14.2,0.07,False
T008266,2025-07-22,19,HH051,DEV0075,35.6,100.0,3.16,15.6,0.33,False
T008267,2025-07-22,17,HH054,DEV0079,35.5,100.0,3.03,18.9,0.3,False
T008268,2025-07-22,17,HH058,DEV0086,19.1,94.8,2.73,12.5,0.28,False
T008269,2025-07-22,16,HH059,DEV0087,18.2,100.0,4.74,24.5,0.28,False
T008270,2025-07-22,19,HH066,DEV0098,15.4,48.6,2.16,13.8,0.22,True
T008271,2025-07-22,15,HH067,DEV0099,39.0,100.0,4.88,31.0,0.68,False
T008272,2025-07-22,18,HH069,DEV0101,27.8,100.0,39.85,287.3,0.2,False
T008273,2025-07-22,18,HH071,DEV0103,10.1,85.2,4.73,28.6,0.44,False
T008274,2025-07-22,19,HH074,DEV0107,16.7,94.4,39.06,168.1,0.2,False
T008275,2025-07-22,14,HH079,DEV0115,11.1,100.0,43.74,279.3,0.22,False
T008276,2025-07-22,13,HH081,DEV0118,32.3,100.0,14.15,103.8,0.79,False
T008277,2025-07-22,19,HH082,DEV0120,34.0,100.0,3.04,13.1,0.54,False
T008278,2025-07-22,16,HH085,DEV0124,17.4,97.4,26.88,120.0,0.12,False
T008279,2025-07-22,16,HH088,DEV0129,36.4,100.0,29.32,154.4,0.29,False
T008280,2025-07-22,13,HH091,DEV0133,34.7,100.0,2.94,13.4,0.52,False
T008281,2025-07-22,17,HH097,DEV0141,7.9,93.7,4.46,30.5,0.4,False
T008282,2025-07-22,19,HH098,DEV0142,38.4,100.0,33.88,145.7,0.72,False
T008283,2025-07-22,15,HH099,DEV0144,21.0,98.1,5.94,42.0,0.31,False
T008284,2025-07-22,17,HH103,DEV0149,14.4,60.5,1.98,13.5,0.48,True
T008285,2025-07-22,14,HH108,DEV0155,32.0,100.0,30.53,141.5,0.37,False
T008286,2025-07-22,19,HH110,DEV0159,39.8,100.0,2.17,12.5,0.26,False
T008287,2025-07-22,15,HH114,DEV0168,23.6,100.0,27.58,166.3,0.43,False
T008288,2025-07-22,17,HH117,DEV0171,20.8,100.0,2.85,19.5,0.43,False
T008289,2025-07-22,14,HH120,DEV0176,38.8,100.0,3.92,24.5,0.29,False
T008290,2025-07-22,15,HH122,DEV0179,24.9,100.0,24.63,179.6,0.49,False
T008291,2025-07-22,10,HH125,DEV0183,19.4,100.0,4.35,26.0,0.35,False
T008292,2025-07-22,16,HH127,DEV0185,22.8,100.0,45.63,332.2,0.25,False
T008293,2025-07-22,19,HH131,DEV0190,33.2,100.0,3.14,19.6,0.26,False
T008294,2025-07-22,13,HH134,DEV0197,24.9,100.0,18.4,132.3,0.16,False
T008295,2025-07-22,13,HH135,DEV0198,6.6,89.1,4.79,31.0,0.11,False
T008296,2025-07-23,14,HH001,DEV0001,13.8,100.0,29.65,153.9,0.25,False
T008297,2025-07-23,17,HH003,DEV0004,32.8,100.0,26.75,117.7,0.62,False
T008298,2025-07-23,17,HH005,DEV0006,34.8,100.0,2.54,14.0,0.37,False
T008299,2025-07-23,19,HH006,DEV0007,8.1,79.7,14.74,65.3,0.46,False
T008300,2025-07-23,15,HH007,DEV0008,9.5,78.9,2.64,14.2,0.27,False
T008301,2025-07-23,18,HH009,DEV0013,20.4,100.0,4.46,28.3,0.28,False
T008302,2025-07-23,13,HH010,DEV0014,28.6,100.0,42.55,183.3,0.32,False
T008303,2025-07-23,13,HH012,DEV0016,39.0,82.8,1.49,6.6,0.1,True
T008304,2025-07-23,17,HH018,DEV0025,23.4,100.0,30.79,135.3,0.35,False
T008305,2025-07-23,17,HH019,DEV0026,26.0,100.0,24.86,125.1,0.26,False
T008306,2025-07-23,15,HH023,DEV0033,25.9,100.0,28.97,175.4,0.16,False
T008307,2025-07-23,13,HH033,DEV0048,29.8,99.7,4.47,22.4,0.27,False
T008308,2025-07-23,16,HH035,DEV0050,10.4,87.2,26.03,118.5,0.36,False
T008309,2025-07-23,15,HH036,DEV0051,31.4,100.0,4.12,29.8,0.67,False
T008310,2025-07-23,19,HH037,DEV0053,38.5,100.0,2.89,14.3,0.46,False
T008311,2025-07-23,17,HH041,DEV0060,9.9,91.5,4.16,22.9,0.17,False
T008312,2025-07-23,17,HH044,DEV0066,24.2,100.0,23.73,111.3,0.42,False
T008313,2025-07-23,15,HH048,DEV0072,5.7,80.6,5.84,29.5,0.09,False
T008314,2025-07-23,13,HH050,DEV0074,8.4,83.8,3.47,15.0,0.42,False
T008315,2025-07-23,19,HH051,DEV0075,38.4,100.0,3.02,14.5,0.5,False
T008316,2025-07-23,17,HH058,DEV0086,20.4,100.0,2.87,16.8,0.24,False
T008317,2025-07-23,12,HH059,DEV0087,38.3,100.0,3.58,17.9,0.29,False
T008318,2025-07-23,15,HH061,DEV0091,33.3,100.0,4.0,24.8,0.37,False
T008319,2025-07-23,16,HH063,DEV0093,33.9,100.0,18.97,117.0,0.48,False
T008320,2025-07-23,16,HH064,DEV0095,39.7,100.0,1.87,12.5,0.51,False
T008321,2025-07-23,19,HH066,DEV0098,24.9,57.7,2.13,11.8,0.26,True
T008322,2025-07-23,17,HH067,DEV0099,10.9,86.9,6.08,39.1,0.69,False
T008323,2025-07-23,18,HH069,DEV0101,17.9,87.4,38.39,182.9,0.16,False
T008324,2025-07-23,11,HH070,DEV0102,15.7,48.7,1.09,5.7,0.31,True
T008325,2025-07-23,14,HH072,DEV0104,17.0,94.8,22.79,105.7,0.05,False
T008326,2025-07-23,16,HH074,DEV0107,21.5,100.0,39.48,280.5,0.33,False
T008327,2025-07-23,14,HH079,DEV0115,12.2,94.9,40.71,185.3,0.14,False
T008328,2025-07-23,19,HH080,DEV0116,29.6,100.0,5.28,26.2,0.47,False
T008329,2025-07-23,14,HH082,DEV0121,13.4,86.6,31.63,197.0,0.82,False
T008330,2025-07-23,19,HH083,DEV0122,17.4,100.0,31.97,156.6,0.37,False
T008331,2025-07-23,19,HH084,DEV0123,34.7,100.0,3.26,16.1,0.73,False
T008332,2025-07-23,16,HH088,DEV0129,16.6,100.0,38.45,248.4,0.17,False
T008333,2025-07-23,17,HH090,DEV0131,16.1,95.4,44.51,263.7,0.45,False
T008334,2025-07-23,13,HH098,DEV0142,39.4,100.0,33.33,197.8,0.57,False
T008335,2025-07-23,14,HH101,DEV0147,12.9,99.7,3.12,22.1,0.09,False
T008336,2025-07-23,18,HH102,DEV0148,23.0,100.0,20.4,130.2,0.63,False
T008337,2025-07-23,14,HH107,DEV0153,31.4,100.0,2.61,11.7,0.27,False
T008338,2025-07-23,19,HH110,DEV0160,37.5,100.0,22.31,153.4,0.4,False
T008339,2025-07-23,17,HH111,DEV0162,18.6,98.3,35.07,184.3,0.59,False
T008340,2025-07-23,15,HH115,DEV0169,8.5,83.4,30.26,132.3,0.7,False
T008341,2025-07-23,16,HH118,DEV0172,10.1,93.2,38.65,232.9,0.29,False
T008342,2025-07-23,15,HH119,DEV0175,21.9,99.0,19.43,99.6,0.27,False
T008343,2025-07-23,18,HH127,DEV0185,9.7,91.4,48.28,212.2,0.13,False
T008344,2025-07-23,14,HH131,DEV0190,16.3,92.2,3.57,22.7,0.47,False
T008345,2025-07-23,15,HH132,DEV0192,13.7,86.1,3.62,18.5,0.38,False
T008346,2025-07-23,10,HH138,DEV0203,22.8,100.0,26.33,163.2,0.18,False
T008347,2025-07-23,15,HH139,DEV0204,16.5,100.0,30.64,172.4,0.34,False
T008348,2025-07-24,17,HH001,DEV0001,12.5,88.4,26.11,152.9,0.18,False
T008349,2025-07-24,16,HH002,DEV0002,8.2,90.3,46.62,225.3,0.58,False
T008350,2025-07-24,19,HH003,DEV0004,11.7,92.0,31.96,161.4,0.6,False
T008351,2025-07-24,16,HH004,DEV0005,21.9,100.0,5.62,27.3,0.22,False
T008352,2025-07-24,16,HH009,DEV0013,31.3,100.0,3.85,23.9,0.15,False
T008353,2025-07-24,19,HH010,DEV0014,29.4,100.0,42.08,194.4,0.23,False
T008354,2025-07-24,10,HH011,DEV0015,24.4,100.0,45.06,335.0,0.52,False
T008355,2025-07-24,19,HH016,DEV0021,39.1,100.0,27.71,141.6,0.22,False
T008356,2025-07-24,17,HH019,DEV0026,25.1,100.0,25.17,109.6,0.26,False
T008357,2025-07-24,14,HH020,DEV0027,27.7,100.0,2.53,14.2,0.14,False
T008358,2025-07-24,9,HH021,DEV0029,33.9,100.0,2.64,12.1,0.27,False
T008359,2025-07-24,14,HH023,DEV0033,16.7,99.5,32.36,223.0,0.12,False
T008360,2025-07-24,12,HH028,DEV0040,13.7,90.2,29.51,186.4,0.45,False
T008361,2025-07-24,17,HH030,DEV0044,17.5,96.1,2.75,12.3,0.09,False
T008362,2025-07-24,14,HH031,DEV0046,17.5,92.7,39.11,270.0,0.32,False
T008363,2025-07-24,15,HH032,DEV0047,14.8,93.7,4.81,23.8,0.47,False
T008364,2025-07-24,16,HH034,DEV0049,36.1,100.0,4.79,32.6,0.29,False
T008365,2025-07-24,16,HH036,DEV0051,17.7,100.0,4.94,21.3,0.78,False
T008366,2025-07-24,16,HH039,DEV0057,14.8,100.0,6.48,41.8,1.2,False
T008367,2025-07-24,18,HH042,DEV0063,28.5,100.0,5.36,37.4,0.32,False
T008368,2025-07-24,15,HH044,DEV0066,24.9,100.0,23.51,156.0,0.63,False
T008369,2025-07-24,17,HH045,DEV0067,23.9,100.0,39.12,275.4,0.56,False
T008370,2025-07-24,17,HH047,DEV0069,13.7,52.0,19.74,116.5,0.1,True
T008371,2025-07-24,18,HH055,DEV0081,21.3,100.0,3.31,16.6,0.5,False
T008372,2025-07-24,15,HH056,DEV0082,20.2,100.0,3.75,18.7,0.53,False
T008373,2025-07-24,14,HH057,DEV0084,17.9,97.3,2.54,12.0,0.55,False
T008374,2025-07-24,19,HH059,DEV0087,33.0,100.0,3.89,28.3,0.21,False
T008375,2025-07-24,14,HH060,DEV0089,26.0,100.0,19.61,85.3,0.5,False
T008376,2025-07-24,19,HH067,DEV0099,12.1,97.8,6.86,29.9,0.64,False
T008377,2025-07-24,19,HH068,DEV0100,7.2,84.6,33.57,230.3,0.45,False
T008378,2025-07-24,12,HH069,DEV0101,8.2,82.7,41.1,209.2,0.19,False
T008379,2025-07-24,14,HH070,DEV0102,35.0,69.0,1.12,7.3,0.27,True
T008380,2025-07-24,17,HH071,DEV0103,22.9,100.0,4.86,33.8,0.47,False
T008381,2025-07-24,14,HH073,DEV0106,9.9,89.4,5.09,37.5,0.25,False
T008382,2025-07-24,12,HH075,DEV0109,20.6,100.0,32.4,207.7,0.42,False
T008383,2025-07-24,15,HH076,DEV0110,34.0,100.0,23.63,167.9,0.63,False
T008384,2025-07-24,16,HH077,DEV0112,7.7,94.6,6.35,43.5,0.29,False
T008385,2025-07-24,17,HH078,DEV0114,20.1,100.0,28.12,201.1,0.57,False
T008386,2025-07-24,17,HH084,DEV0123,7.0,82.5,3.78,23.2,0.56,False
T008387,2025-07-24,16,HH092,DEV0134,16.8,100.0,37.19,177.9,0.28,False
T008388,2025-07-24,19,HH095,DEV0138,25.7,100.0,21.03,128.9,0.52,False
T008389,2025-07-24,14,HH097,DEV0141,11.2,98.9,4.56,23.7,0.5,False
T008390,2025-07-24,19,HH101,DEV0147,17.7,92.5,2.69,13.3,0.08,False
T008391,2025-07-24,15,HH104,DEV0150,38.2,100.0,20.33,121.2,0.18,False
T008392,2025-07-24,14,HH108,DEV0155,32.5,100.0,30.31,136.9,0.51,False
T008393,2025-07-24,19,HH111,DEV0162,28.2,100.0,31.59,150.7,0.41,False
T008394,2025-07-24,19,HH112,DEV0163,5.5,95.3,30.27,176.0,0.42,False
T008395,2025-07-24,19,HH113,DEV0165,36.7,100.0,4.75,27.9,0.29,False
T008396,2025-07-24,14,HH115,DEV0169,34.2,100.0,26.58,142.1,0.45,False
T008397,2025-07-24,14,HH118,DEV0172,14.0,86.5,33.7,152.5,0.27,False
T008398,2025-07-24,18,HH126,DEV0184,5.6,43.6,2.89,18.5,0.28,True
T008399,2025-07-24,15,HH133,DEV0195,32.7,100.0,15.34,83.6,0.11,False
T008400,2025-07-24,14,HH134,DEV0196,23.4,100.0,5.67,32.0,0.21,False
T008401,2025-07-24,9,HH138,DEV0203,36.6,100.0,21.62,132.6,0.29,False
T008402,2025-07-24,14,HH139,DEV0205,20.4,97.0,5.13,25.8,0.4,False
T008403,2025-07-24,16,HH140,DEV0206,18.8,93.9,19.37,116.4,0.54,False
T008404,2025-07-25,17,HH002,DEV0003,23.6,98.0,4.17,18.7,0.55,False
T008405,2025-07-25,19,HH005,DEV0006,10.9,98.9,3.43,17.1,0.46,False
T008406,2025-07-25,18,HH006,DEV0007,6.4,77.6,14.66,109.5,0.71,False
T008407,2025-07-25,19,HH007,DEV0008,36.5,100.0,2.41,13.7,0.26,False
T008408,2025-07-25,16,HH009,DEV0013,5.5,83.6,4.38,31.8,0.27,False
T008409,2025-07-25,17,HH012,DEV0016,37.0,72.0,1.19,7.7,0.12,True
T008410,2025-07-25,16,HH015,DEV0020,29.8,100.0,2.39,16.8,0.65,False
T008411,2025-07-25,14,HH017,DEV0023,39.1,100.0,3.47,16.7,0.7,False
T008412,2025-07-25,14,HH021,DEV0028,38.8,100.0,16.59,102.7,0.37,False
T008413,2025-07-25,14,HH022,DEV0030,23.8,99.5,3.4,17.7,0.46,False
T008414,2025-07-25,19,HH024,DEV0035,36.0,100.0,35.01,159.9,0.73,False
T008415,2025-07-25,19,HH028,DEV0040,37.5,100.0,24.12,105.9,0.4,False
T008416,2025-07-25,15,HH033,DEV0048,9.2,88.4,5.07,30.1,0.16,False
T008417,2025-07-25,12,HH035,DEV0050,9.4,78.0,23.27,108.6,0.44,False
T008418,2025-07-25,18,HH041,DEV0060,32.6,100.0,3.44,21.1,0.13,False
T008419,2025-07-25,19,HH043,DEV0065,32.5,100.0,2.84,14.6,0.43,False
T008420,2025-07-25,16,HH045,DEV0067,28.2,100.0,36.91,164.0,1.0,False
T008421,2025-07-25,15,HH046,DEV0068,23.1,100.0,36.14,162.0,0.12,False
T008422,2025-07-25,16,HH048,DEV0071,22.3,100.0,31.47,136.5,0.07,False
T008423,2025-07-25,16,HH049,DEV0073,6.9,90.5,3.51,18.4,0.1,False
T008424,2025-07-25,10,HH052,DEV0077,13.7,99.8,4.39,20.7,0.22,False
T008425,2025-07-25,19,HH053,DEV0078,27.9,100.0,14.42,105.8,0.19,False
T008426,2025-07-25,16,HH055,DEV0080,35.1,100.0,19.73,99.6,0.35,False
T008427,2025-07-25,16,HH061,DEV0090,31.2,100.0,5.23,33.4,0.41,False
T008428,2025-07-25,18,HH063,DEV0094,24.4,100.0,2.57,18.6,0.42,False
T008429,2025-07-25,16,HH066,DEV0098,39.0,93.4,3.53,16.6,0.44,True
T008430,2025-07-25,17,HH069,DEV0101,26.6,100.0,40.52,234.6,0.25,False
T008431,2025-07-25,16,HH071,DEV0103,21.4,100.0,4.95,26.8,0.58,False
T008432,2025-07-25,19,HH076,DEV0110,7.6,96.5,31.82,211.4,0.5,False
T008433,2025-07-25,19,HH082,DEV0121,35.7,100.0,27.78,148.3,0.7,False
T008434,2025-07-25,16,HH084,DEV0123,30.8,100.0,3.46,17.7,0.74,False
T008435,2025-07-25,19,HH085,DEV0124,29.1,100.0,23.82,168.0,0.06,False
T008436,2025-07-25,17,HH087,DEV0128,10.9,93.7,2.65,14.8,0.29,False
T008437,2025-07-25,16,HH090,DEV0131,26.0,100.0,41.51,204.0,0.45,False
T008438,2025-07-25,15,HH096,DEV0140,26.0,100.0,5.33,29.6,0.16,False
T008439,2025-07-25,13,HH100,DEV0146,16.0,100.0,4.79,20.6,0.21,False
T008440,2025-07-25,15,HH102,DEV0148,6.5,76.3,18.49,92.0,0.53,False
T008441,2025-07-25,15,HH103,DEV0149,39.7,85.2,1.96,8.5,0.53,True
T008442,2025-07-25,11,HH105,DEV0151,20.1,100.0,4.0,18.9,0.22,False
T008443,2025-07-25,18,HH107,DEV0154,34.0,100.0,2.18,13.6,0.34,False
T008444,2025-07-25,18,HH108,DEV0155,7.7,86.8,35.53,228.8,0.49,False
T008445,2025-07-25,19,HH111,DEV0162,13.5,86.0,31.91,207.8,0.39,False
T008446,2025-07-25,19,HH112,DEV0163,24.8,100.0,25.34,116.9,0.34,False
T008447,2025-07-25,19,HH115,DEV0169,23.4,100.0,30.95,163.2,0.59,False
T008448,2025-07-25,14,HH119,DEV0174,29.8,100.0,20.99,103.8,0.19,False
T008449,2025-07-25,18,HH121,DEV0177,18.1,100.0,4.67,33.1,0.66,False
T008450,2025-07-25,19,HH122,DEV0179,12.9,90.0,25.29,119.6,0.7,False
T008451,2025-07-25,19,HH123,DEV0180,26.2,100.0,15.42,104.0,0.32,False
T008452,2025-07-25,16,HH124,DEV0181,34.3,75.2,18.14,109.4,0.8,True
T008453,2025-07-25,18,HH128,DEV0187,24.2,100.0,3.18,14.8,0.16,False
T008454,2025-07-25,16,HH133,DEV0193,15.4,95.0,3.02,16.0,0.21,False
T008455,2025-07-25,14,HH134,DEV0196,9.7,90.9,6.01,34.5,0.2,False
T008456,2025-07-25,13,HH135,DEV0198,5.5,80.5,4.35,29.9,0.12,False
T008457,2025-07-25,15,HH136,DEV0199,21.4,100.0,36.23,170.7,0.39,False
T008458,2025-07-26,14,HH001,DEV0001,14.6,95.7,27.89,151.9,0.3,False
T008459,2025-07-26,13,HH003,DEV0004,24.8,100.0,29.93,199.8,0.61,False
T008460,2025-07-26,14,HH008,DEV0011,8.1,80.4,4.63,22.4,0.7,False
T008461,2025-07-26,11,HH011,DEV0015,31.1,100.0,41.06,221.0,0.65,False
T008462,2025-07-26,15,HH016,DEV0021,35.0,100.0,29.58,128.7,0.37,False
T008463,2025-07-26,15,HH018,DEV0025,17.0,93.2,30.64,143.5,0.42,False
T008464,2025-07-26,19,HH019,DEV0026,26.1,100.0,24.83,172.1,0.29,False
T008465,2025-07-26,13,HH020,DEV0027,26.6,100.0,2.57,15.1,0.16,False
T008466,2025-07-26,17,HH021,DEV0028,37.5,100.0,16.94,79.1,0.39,False
T008467,2025-07-26,16,HH023,DEV0032,5.8,99.6,55.63,357.3,0.15,False
T008468,2025-07-26,15,HH025,DEV0037,5.1,86.3,47.75,235.4,0.49,False
T008469,2025-07-26,16,HH028,DEV0040,37.7,100.0,24.05,151.6,0.35,False
T008470,2025-07-26,16,HH030,DEV0044,14.1,100.0,3.01,15.8,0.07,False
T008471,2025-07-26,19,HH035,DEV0050,6.8,87.3,27.3,190.1,0.4,False
T008472,2025-07-26,12,HH039,DEV0056,14.7,88.0,32.13,238.3,1.1,False
T008473,2025-07-26,19,HH046,DEV0068,36.6,100.0,29.8,178.8,0.12,False
T008474,2025-07-26,18,HH048,DEV0071,18.1,100.0,33.17,149.3,0.06,False
T008475,2025-07-26,16,HH052,DEV0076,14.4,95.6,3.65,16.8,0.41,False
T008476,2025-07-26,18,HH053,DEV0078,10.2,90.3,16.01,70.3,0.18,False
T008477,2025-07-26,19,HH059,DEV0087,22.7,100.0,4.48,28.3,0.3,False
T008478,2025-07-26,13,HH061,DEV0091,36.4,100.0,3.82,25.8,0.33,False
T008479,2025-07-26,13,HH063,DEV0093,30.8,100.0,19.86,103.9,0.47,False
T008480,2025-07-26,16,HH067,DEV0099,9.7,94.6,6.8,41.2,0.37,False
T008481,2025-07-26,14,HH073,DEV0106,37.6,100.0,3.99,18.5,0.21,False
T008482,2025-07-26,19,HH078,DEV0113,32.7,100.0,3.57,22.3,0.58,False
T008483,2025-07-26,16,HH079,DEV0115,7.8,84.8,37.9,199.9,0.13,False
T008484,2025-07-26,15,HH080,DEV0116,24.6,100.0,5.66,28.2,0.75,False
T008485,2025-07-26,14,HH085,DEV0124,5.4,85.6,26.94,142.7,0.11,False
T008486,2025-07-26,18,HH088,DEV0129,23.2,100.0,35.4,188.2,0.24,False
T008487,2025-07-26,14,HH089,DEV0130,26.3,100.0,3.32,20.7,0.17,False
T008488,2025-07-26,18,HH092,DEV0134,14.2,90.5,34.12,233.0,0.25,False
T008489,2025-07-26,18,HH095,DEV0139,14.5,99.1,20.99,98.0,0.89,False
T008490,2025-07-26,14,HH098,DEV0142,18.8,100.0,44.66,287.9,0.55,False
T008491,2025-07-26,15,HH099,DEV0144,32.3,100.0,5.21,33.8,0.24,False
T008492,2025-07-26,16,HH100,DEV0146,35.1,100.0,3.7,21.1,0.18,False
T008493,2025-07-26,19,HH106,DEV0152,24.5,100.0,39.79,194.4,0.25,False
T008494,2025-07-26,19,HH108,DEV0155,15.2,99.1,37.66,229.1,0.44,False
T008495,2025-07-26,19,HH110,DEV0160,37.9,100.0,22.17,139.7,0.46,False
T008496,2025-07-26,17,HH112,DEV0163,25.9,100.0,24.97,119.7,0.35,False
T008497,2025-07-26,15,HH113,DEV0164,26.1,100.0,15.96,83.8,0.37,False
T008498,2025-07-26,15,HH121,DEV0178,34.1,100.0,29.26,140.5,0.52,False
T008499,2025-07-26,16,HH127,DEV0185,37.2,100.0,37.11,160.8,0.25,False
T008500,2025-07-26,17,HH129,DEV0188,39.3,100.0,3.58,17.8,0.39,False
T008501,2025-07-26,15,HH137,DEV0201,39.1,100.0,35.99,260.1,0.77,False
T008502,2025-07-26,14,HH138,DEV0203,7.1,87.5,27.42,155.4,0.25,False
T008503,2025-07-27,18,HH001,DEV0001,29.4,100.0,24.29,106.4,0.25,False
T008504,2025-07-27,15,HH002,DEV0003,27.3,100.0,4.07,20.8,0.7,False
T008505,2025-07-27,19,HH003,DEV0004,15.1,92.3,30.71,174.7,0.53,False
T008506,2025-07-27,18,HH006,DEV0007,5.5,80.5,15.46,67.5,0.71,False
T008507,2025-07-27,13,HH008,DEV0010,36.6,100.0,32.27,139.9,0.67,False
T008508,2025-07-27,19,HH012,DEV0016,20.8,74.9,1.84,8.7,0.09,True
T008509,2025-07-27,14,HH015,DEV0020,7.7,88.3,2.74,13.1,0.57,False
T008510,2025-07-27,19,HH017,DEV0023,26.4,100.0,4.2,30.1,0.52,False
T008511,2025-07-27,19,HH018,DEV0025,20.0,100.0,32.16,170.6,0.52,False
T008512,2025-07-27,17,HH020,DEV0027,35.6,100.0,2.25,11.6,0.21,False
T008513,2025-07-27,17,HH022,DEV0030,17.4,100.0,3.72,27.5,0.52,False
T008514,2025-07-27,19,HH027,DEV0039,29.8,100.0,2.25,12.0,0.22,False
T008515,2025-07-27,16,HH029,DEV0041,33.0,100.0,4.69,32.2,0.41,False
T008516,2025-07-27,19,HH033,DEV0048,12.4,87.9,4.83,28.7,0.23,False
T008517,2025-07-27,16,HH036,DEV0052,32.9,100.0,4.97,21.6,0.43,False
T008518,2025-07-27,19,HH041,DEV0060,22.7,97.3,3.8,16.9,0.13,False
T008519,2025-07-27,9,HH043,DEV0064,27.1,100.0,33.61,155.0,0.32,False
T008520,2025-07-27,17,HH047,DEV0070,12.3,89.2,18.52,100.5,0.1,False
T008521,2025-07-27,19,HH048,DEV0072,32.1,100.0,5.3,31.8,0.08,False
T008522,2025-07-27,19,HH050,DEV0074,28.1,100.0,3.31,20.0,0.27,False
T008523,2025-07-27,16,HH054,DEV0079,15.4,99.3,3.94,18.3,0.32,False
T008524,2025-07-27,15,HH058,DEV0086,8.2,89.1,2.91,15.5,0.5,False
T008525,2025-07-27,18,HH062,DEV0092,15.1,100.0,27.76,128.1,0.41,False
T008526,2025-07-27,15,HH064,DEV0095,25.2,99.3,2.3,12.5,0.42,False
T008527,2025-07-27,15,HH066,DEV0098,18.3,64.7,3.01,14.4,0.25,True
T008528,2025-07-27,15,HH068,DEV0100,18.0,100.0,35.59,166.4,0.56,False
T008529,2025-07-27,12,HH069,DEV0101,22.5,100.0,42.78,235.9,0.19,False
T008530,2025-07-27,18,HH070,DEV0102,30.4,85.5,1.82,10.3,0.25,True
T008531,2025-07-27,18,HH074,DEV0108,18.2,100.0,4.58,20.9,0.24,False
T008532,2025-07-27,16,HH076,DEV0110,37.6,100.0,22.34,115.6,0.57,False
T008533,2025-07-27,17,HH081,DEV0118,33.0,100.0,14.0,89.1,0.87,False
T008534,2025-07-27,13,HH084,DEV0123,8.0,90.3,4.12,26.5,0.67,False
T008535,2025-07-27,19,HH088,DEV0129,37.0,100.0,29.04,211.4,0.26,False
T008536,2025-07-27,15,HH089,DEV0130,22.3,100.0,3.5,19.5,0.12,False
T008537,2025-07-27,17,HH091,DEV0133,20.6,100.0,3.57,23.5,0.57,False
T008538,2025-07-27,14,HH092,DEV0134,23.8,99.9,34.01,207.8,0.35,False
T008539,2025-07-27,14,HH094,DEV0137,23.6,100.0,3.74,23.3,0.31,False
T008540,2025-07-27,12,HH096,DEV0140,37.8,100.0,4.48,27.5,0.2,False
T008541,2025-07-27,19,HH102,DEV0148,19.7,100.0,21.28,101.5,0.72,False
T008542,2025-07-27,19,HH104,DEV0150,20.7,98.0,25.43,190.1,0.16,False
T008543,2025-07-27,18,HH105,DEV0151,27.6,100.0,3.62,18.4,0.15,False
T008544,2025-07-27,15,HH109,DEV0156,13.3,100.0,6.59,29.8,0.42,False
T008545,2025-07-27,19,HH116,DEV0170,15.8,90.9,25.3,178.9,0.89,False
T008546,2025-07-27,19,HH117,DEV0171,22.4,100.0,2.79,13.0,0.39,False
T008547,2025-07-27,19,HH120,DEV0176,26.6,100.0,4.7,22.6,0.36,False
T008548,2025-07-27,14,HH123,DEV0180,20.3,100.0,16.66,88.4,0.32,False
T008549,2025-07-27,18,HH126,DEV0184,21.8,60.0,2.91,16.0,0.25,True
T008550,2025-07-27,18,HH127,DEV0185,25.8,100.0,43.85,188.1,0.28,False
T008551,2025-07-27,19,HH129,DEV0188,20.9,100.0,4.67,31.8,0.63,False
T008552,2025-07-27,17,HH134,DEV0196,28.3,100.0,5.31,39.4,0.19,False
T008553,2025-07-27,19,HH140,DEV0206,20.3,99.1,20.34,139.0,0.57,False
T008554,2025-07-28,14,HH003,DEV0004,35.5,100.0,25.67,172.5,0.48,False
T008555,2025-07-28,15,HH005,DEV0006,6.4,94.1,3.42,16.9,0.45,False
T008556,2025-07-28,16,HH006,DEV0007,18.6,92.3,15.18,86.5,0.49,False
T008557,2025-07-28,19,HH007,DEV0009,36.9,100.0,15.65,79.8,0.21,False
T008558,2025-07-28,15,HH011,DEV0015,34.0,100.0,39.34,221.4,0.62,False
T008559,2025-07-28,15,HH012,DEV0016,31.8,63.9,1.09,7.2,0.11,True
T008560,2025-07-28,19,HH013,DEV0018,20.6,96.8,5.72,35.7,0.82,False
T008561,2025-07-28,17,HH017,DEV0022,39.2,100.0,13.56,60.7,0.78,False
T008562,2025-07-28,19,HH020,DEV0027,15.6,89.5,2.59,16.8,0.17,False
T008563,2025-07-28,12,HH024,DEV0035,13.8,85.7,39.3,267.4,0.55,False
T008564,2025-07-28,19,HH025,DEV0036,23.7,100.0,4.43,24.5,0.32,False
T008565,2025-07-28,18,HH027,DEV0039,14.6,98.8,2.7,13.1,0.16,False
T008566,2025-07-28,19,HH030,DEV0044,17.4,90.8,2.57,17.2,0.11,False
T008567,2025-07-28,15,HH034,DEV0049,9.2,91.2,6.15,45.5,0.23,False
T008568,2025-07-28,17,HH035,DEV0050,22.7,100.0,26.2,159.8,0.45,False
T008569,2025-07-28,19,HH037,DEV0053,31.7,100.0,3.21,23.1,0.73,False
T008570,2025-07-28,16,HH044,DEV0066,10.6,85.6,23.47,114.6,0.43,False
T008571,2025-07-28,17,HH048,DEV0072,21.5,98.8,6.03,44.3,0.07,False
T008572,2025-07-28,17,HH050,DEV0074,18.0,99.6,3.76,17.7,0.33,False
T008573,2025-07-28,16,HH052,DEV0076,10.7,90.6,3.6,21.8,0.4,False
T008574,2025-07-28,16,HH056,DEV0083,27.6,85.5,12.69,92.0,0.59,True
T008575,2025-07-28,10,HH057,DEV0085,6.0,90.5,6.43,36.8,0.87,False
T008576,2025-07-28,17,HH058,DEV0086,24.3,100.0,2.73,12.8,0.29,False
T008577,2025-07-28,19,HH059,DEV0087,24.1,100.0,4.4,24.4,0.18,False
T008578,2025-07-28,19,HH060,DEV0089,35.1,100.0,17.2,97.1,0.78,False
T008579,2025-07-28,18,HH063,DEV0094,38.1,100.0,2.1,10.6,0.29,False
T008580,2025-07-28,17,HH068,DEV0100,11.8,100.0,38.28,190.1,0.59,False
T008581,2025-07-28,19,HH069,DEV0101,19.7,100.0,44.33,289.3,0.28,False
T008582,2025-07-28,18,HH070,DEV0102,23.5,68.2,1.47,7.8,0.19,True
T008583,2025-07-28,13,HH075,DEV0109,11.5,97.1,34.91,180.3,0.4,False
T008584,2025-07-28,13,HH078,DEV0113,37.9,100.0,3.29,16.0,0.51,False
T008585,2025-07-28,12,HH086,DEV0126,20.5,98.2,24.16,115.3,0.3,False
T008586,2025-07-28,17,HH091,DEV0133,5.1,89.0,3.77,16.7,0.63,False
T008587,2025-07-28,17,HH093,DEV0135,20.7,94.0,3.15,14.5,0.41,False
T008588,2025-07-28,18,HH094,DEV0137,14.7,87.5,3.57,21.3,0.23,False
T008589,2025-07-28,19,HH102,DEV0148,10.3,86.5,20.2,91.1,0.6,False
T008590,2025-07-28,19,HH103,DEV0149,5.7,61.5,2.4,13.0,0.64,True
T008591,2025-07-28,12,HH104,DEV0150,6.5,79.9,24.14,135.0,0.22,False
T008592,2025-07-28,19,HH110,DEV0160,34.1,100.0,23.53,122.2,0.43,False
T008593,2025-07-28,17,HH116,DEV0170,33.5,100.0,22.41,133.0,0.78,False
T008594,2025-07-28,16,HH117,DEV0171,29.4,100.0,2.54,16.2,0.34,False
T008595,2025-07-28,12,HH119,DEV0174,16.3,91.5,22.5,98.8,0.25,False
T008596,2025-07-28,16,HH126,DEV0184,13.5,68.0,4.14,21.5,0.25,True
T008597,2025-07-28,19,HH132,DEV0191,6.2,89.2,21.17,110.2,0.47,False
T008598,2025-07-28,16,HH133,DEV0195,8.3,93.2,19.36,83.3,0.17,False
T008599,2025-07-28,14,HH134,DEV0197,15.8,100.0,20.63,122.8,0.14,False
T008600,2025-07-28,19,HH136,DEV0199,12.1,93.2,37.4,191.1,0.33,False
T008601,2025-07-28,18,HH137,DEV0201,37.2,100.0,37.11,184.9,0.84,False
T008602,2025-07-28,15,HH139,DEV0204,30.1,100.0,25.65,114.0,0.18,False
T008603,2025-07-28,19,HH140,DEV0206,30.2,100.0,18.01,80.6,0.57,False
T008604,2025-07-29,19,HH001,DEV0001,38.6,100.0,21.12,144.4,0.27,False
T008605,2025-07-29,15,HH003,DEV0004,6.9,98.6,36.5,166.3,0.41,False
T008606,2025-07-29,13,HH006,DEV0007,31.3,100.0,14.15,106.1,0.47,False
T008607,2025-07-29,19,HH008,DEV0012,12.4,100.0,5.43,27.1,0.5,False
T008608,2025-07-29,14,HH014,DEV0019,32.0,100.0,3.06,15.0,0.29,False
T008609,2025-07-29,19,HH016,DEV0021,19.0,88.6,31.65,159.2,0.28,False
T008610,2025-07-29,12,HH018,DEV0024,26.3,100.0,5.01,29.0,0.59,False
T008611,2025-07-29,13,HH021,DEV0029,16.6,93.4,3.07,17.7,0.38,False
T008612,2025-07-29,18,HH022,DEV0030,18.1,100.0,3.69,15.9,0.36,False
T008613,2025-07-29,15,HH031,DEV0045,24.7,100.0,38.33,222.5,0.38,False
T008614,2025-07-29,17,HH038,DEV0055,18.1,100.0,3.03,21.1,0.82,False
T008615,2025-07-29,14,HH039,DEV0057,17.2,97.8,6.12,33.2,0.98,False
T008616,2025-07-29,14,HH045,DEV0067,27.5,100.0,37.26,177.6,0.79,False
T008617,2025-07-29,18,HH046,DEV0068,28.8,100.0,33.46,231.6,0.09,False
T008618,2025-07-29,18,HH047,DEV0070,37.8,100.0,14.99,73.9,0.16,False
T008619,2025-07-29,17,HH049,DEV0073,21.7,100.0,3.29,20.4,0.08,False
T008620,2025-07-29,13,HH051,DEV0075,29.7,100.0,3.44,18.3,0.48,False
T008621,2025-07-29,17,HH053,DEV0078,26.9,100.0,14.62,80.1,0.27,False
T008622,2025-07-29,16,HH055,DEV0080,6.4,79.5,22.23,125.5,0.4,False
T008623,2025-07-29,12,HH063,DEV0093,34.7,100.0,18.74,83.4,0.35,False
T008624,2025-07-29,13,HH070,DEV0102,22.6,71.5,1.61,10.1,0.27,True
T008625,2025-07-29,12,HH071,DEV0103,31.4,100.0,4.32,23.2,0.41,False
T008626,2025-07-29,18,HH077,DEV0112,16.7,95.7,5.77,35.1,0.24,False
T008627,2025-07-29,19,HH079,DEV0115,33.3,100.0,32.82,158.2,0.22,False
T008628,2025-07-29,16,HH081,DEV0117,16.6,92.5,18.22,79.4,0.5,False
T008629,2025-07-29,19,HH085,DEV0124,35.1,100.0,21.81,112.7,0.07,False
T008630,2025-07-29,17,HH089,DEV0130,14.7,97.1,3.71,18.3,0.14,False
T008631,2025-07-29,12,HH091,DEV0133,11.3,82.6,3.21,17.4,0.54,False
T008632,2025-07-29,15,HH094,DEV0137,7.2,90.1,4.06,21.3,0.29,False
T008633,2025-07-29,19,HH100,DEV0146,33.5,100.0,3.79,22.4,0.15,False
T008634,2025-07-29,18,HH110,DEV0159,13.9,94.3,2.89,21.4,0.38,False
T008635,2025-07-29,12,HH111,DEV0161,39.9,100.0,3.97,21.2,0.43,False
T008636,2025-07-29,15,HH115,DEV0169,23.7,99.2,30.5,225.8,0.41,False
T008637,2025-07-29,11,HH120,DEV0176,10.4,86.6,4.88,35.8,0.44,False
T008638,2025-07-29,19,HH123,DEV0180,23.6,100.0,15.97,71.7,0.41,False
T008639,2025-07-29,19,HH127,DEV0186,24.0,98.0,37.39,219.6,0.16,False
T008640,2025-07-29,11,HH130,DEV0189,16.7,97.3,5.72,33.4,0.11,False
T008641,2025-07-29,15,HH134,DEV0197,31.8,100.0,16.71,123.1,0.18,False
T008642,2025-07-29,12,HH135,DEV0198,7.5,92.8,4.95,25.3,0.13,False
T008643,2025-07-29,16,HH136,DEV0199,15.5,90.9,34.74,156.3,0.52,False
T008644,2025-07-29,13,HH137,DEV0201,38.2,100.0,36.52,186.0,0.69,False
T008645,2025-07-29,19,HH139,DEV0205,36.3,100.0,4.27,21.8,0.33,False
T008646,2025-07-29,14,HH140,DEV0206,31.9,100.0,17.57,111.3,0.36,False
T008647,2025-07-30,18,HH003,DEV0004,29.0,100.0,28.26,180.9,0.63,False
T008648,2025-07-30,19,HH004,DEV0005,18.8,93.0,5.34,31.3,0.13,False
T008649,2025-07-30,9,HH018,DEV0025,23.7,100.0,30.67,154.7,0.5,False
T008650,2025-07-30,19,HH020,DEV0027,35.6,100.0,2.25,12.0,0.12,False
T008651,2025-07-30,17,HH027,DEV0039,37.9,100.0,1.99,9.9,0.22,False
T008652,2025-07-30,12,HH030,DEV0044,12.5,83.6,2.49,11.9,0.1,False
T008653,2025-07-30,13,HH031,DEV0045,30.7,100.0,35.27,165.6,0.52,False
T008654,2025-07-30,17,HH034,DEV0049,14.2,87.6,5.5,29.2,0.17,False
T008655,2025-07-30,12,HH035,DEV0050,9.3,88.7,26.92,180.3,0.32,False
T008656,2025-07-30,14,HH037,DEV0053,18.5,100.0,3.83,22.7,0.74,False
T008657,2025-07-30,15,HH041,DEV0060,34.5,100.0,3.34,16.4,0.18,False
T008658,2025-07-30,15,HH042,DEV0063,39.6,100.0,4.53,23.8,0.38,False
T008659,2025-07-30,16,HH043,DEV0065,25.9,100.0,3.11,20.0,0.35,False
T008660,2025-07-30,14,HH050,DEV0074,5.1,79.7,3.43,18.9,0.33,False
T008661,2025-07-30,19,HH053,DEV0078,14.1,93.4,15.86,103.3,0.22,False
T008662,2025-07-30,17,HH056,DEV0083,9.3,38.9,6.47,38.7,0.37,True
T008663,2025-07-30,19,HH061,DEV0090,30.8,100.0,5.26,29.9,0.34,False
T008664,2025-07-30,14,HH065,DEV0097,32.3,100.0,5.08,33.5,0.83,False
T008665,2025-07-30,18,HH067,DEV0099,29.0,100.0,5.68,32.9,0.57,False
T008666,2025-07-30,19,HH068,DEV0100,17.3,91.4,32.15,204.4,0.53,False
T008667,2025-07-30,11,HH072,DEV0104,28.1,100.0,21.07,120.1,0.07,False
T008668,2025-07-30,17,HH075,DEV0109,11.6,87.1,30.81,134.2,0.32,False
T008669,2025-07-30,14,HH077,DEV0111,13.8,100.0,6.72,36.8,0.32,False
T008670,2025-07-30,16,HH088,DEV0129,6.3,75.6,31.93,154.8,0.17,False
T008671,2025-07-30,17,HH089,DEV0130,13.7,100.0,3.88,21.9,0.1,False
T008672,2025-07-30,17,HH091,DEV0133,35.2,100.0,2.92,14.8,0.61,False
T008673,2025-07-30,14,HH096,DEV0140,29.8,100.0,5.05,22.0,0.18,False
T008674,2025-07-30,16,HH097,DEV0141,23.4,100.0,3.98,17.6,0.26,False
T008675,2025-07-30,14,HH101,DEV0147,7.9,99.9,3.31,18.8,0.06,False
T008676,2025-07-30,15,HH105,DEV0151,11.7,94.3,4.13,24.2,0.22,False
T008677,2025-07-30,17,HH110,DEV0160,13.8,89.0,26.85,116.8,0.47,False
T008678,2025-07-30,15,HH113,DEV0165,20.4,93.0,5.45,23.8,0.45,False
T008679,2025-07-30,17,HH116,DEV0170,12.3,97.4,28.67,196.2,0.53,False
T008680,2025-07-30,17,HH125,DEV0183,28.3,100.0,3.87,18.5,0.26,False
T008681,2025-07-30,19,HH128,DEV0187,28.6,100.0,3.0,13.5,0.14,False
T008682,2025-07-30,17,HH136,DEV0199,8.5,100.0,42.18,300.2,0.51,False
T008683,2025-07-30,17,HH137,DEV0200,29.4,100.0,2.47,14.1,0.58,False
T008684,2025-07-30,18,HH139,DEV0205,14.5,93.4,5.29,32.6,0.23,False
T008685,2025-07-31,19,HH005,DEV0006,26.1,100.0,2.88,15.6,0.38,False
T008686,2025-07-31,18,HH007,DEV0008,10.1,90.1,3.04,19.1,0.3,False
T008687,2025-07-31,14,HH012,DEV0016,30.3,76.2,1.56,7.1,0.11,True
T008688,2025-07-31,14,HH014,DEV0019,22.9,100.0,3.47,16.3,0.3,False
T008689,2025-07-31,17,HH015,DEV0020,5.3,92.9,2.98,15.9,0.6,False
T008690,2025-07-31,17,HH016,DEV0021,15.2,94.7,36.18,172.6,0.4,False
T008691,2025-07-31,14,HH020,DEV0027,28.8,100.0,2.49,17.5,0.2,False
T008692,2025-07-31,10,HH021,DEV0029,14.8,85.9,2.84,14.2,0.35,False
T008693,2025-07-31,18,HH026,DEV0038,21.0,94.7,36.87,175.9,0.26,False
T008694,2025-07-31,18,HH029,DEV0042,17.1,100.0,43.19,294.2,0.49,False
T008695,2025-07-31,18,HH030,DEV0044,25.5,100.0,2.61,13.1,0.11,False
T008696,2025-07-31,19,HH034,DEV0049,9.5,85.3,5.69,28.0,0.27,False
T008697,2025-07-31,16,HH037,DEV0053,22.7,99.0,3.59,17.6,0.6,False
T008698,2025-07-31,15,HH042,DEV0062,38.1,100.0,18.2,78.0,0.41,False
T008699,2025-07-31,14,HH043,DEV0064,20.4,100.0,36.7,203.8,0.34,False
T008700,2025-07-31,18,HH044,DEV0066,34.3,100.0,20.56,117.1,0.43,False
T008701,2025-07-31,18,HH048,DEV0072,10.0,78.2,5.32,23.9,0.09,False
T008702,2025-07-31,18,HH050,DEV0074,10.2,100.0,4.13,18.1,0.34,False
T008703,2025-07-31,18,HH054,DEV0079,12.3,89.7,3.64,17.7,0.28,False
T008704,2025-07-31,18,HH059,DEV0087,34.0,100.0,3.83,27.3,0.32,False
T008705,2025-07-31,15,HH060,DEV0089,28.9,97.5,18.17,94.2,0.55,False
T008706,2025-07-31,16,HH061,DEV0091,8.4,86.5,4.68,28.1,0.5,False
T008707,2025-07-31,16,HH062,DEV0092,16.8,100.0,27.21,126.9,0.42,False
T008708,2025-07-31,17,HH065,DEV0096,26.3,100.0,36.48,252.0,0.8,False
T008709,2025-07-31,16,HH066,DEV0098,36.9,72.9,2.34,16.6,0.21,True
T008710,2025-07-31,16,HH069,DEV0101,12.2,88.3,42.03,204.0,0.22,False
T008711,2025-07-31,13,HH070,DEV0102,8.1,54.4,1.53,7.6,0.22,True
T008712,2025-07-31,18,HH071,DEV0103,13.5,92.1,4.95,21.3,0.61,False
T008713,2025-07-31,15,HH072,DEV0104,18.3,100.0,23.94,136.3,0.05,False
T008714,2025-07-31,19,HH076,DEV0110,16.8,94.3,27.76,153.0,0.41,False
T008715,2025-07-31,17,HH078,DEV0114,15.1,100.0,29.88,213.0,0.68,False
T008716,2025-07-31,17,HH079,DEV0115,11.1,100.0,43.74,238.9,0.12,False
T008717,2025-07-31,14,HH082,DEV0119,10.0,88.9,5.21,23.2,0.63,False
T008718,2025-07-31,19,HH083,DEV0122,9.7,90.2,31.17,228.5,0.44,False
T008719,2025-07-31,16,HH084,DEV0123,9.2,86.2,3.85,18.1,0.6,False
T008720,2025-07-31,15,HH103,DEV0149,32.1,83.4,2.21,11.5,0.61,True
T008721,2025-07-31,19,HH104,DEV0150,27.1,100.0,23.98,121.7,0.21,False
T008722,2025-07-31,16,HH106,DEV0152,25.6,100.0,39.21,202.4,0.24,False
T008723,2025-07-31,19,HH107,DEV0154,34.0,100.0,2.18,11.9,0.18,False
T008724,2025-07-31,19,HH109,DEV0156,11.0,99.3,6.71,34.8,0.49,False
T008725,2025-07-31,16,HH110,DEV0159,18.4,100.0,2.94,15.8,0.32,False
T008726,2025-07-31,17,HH112,DEV0163,34.8,100.0,21.97,147.7,0.43,False
T008727,2025-07-31,16,HH113,DEV0164,28.6,100.0,15.42,91.8,0.25,False
T008728,2025-07-31,14,HH114,DEV0166,17.6,50.4,2.07,13.5,0.45,True
T008729,2025-07-31,10,HH115,DEV0169,27.4,96.2,27.8,153.9,0.61,False
T008730,2025-07-31,19,HH118,DEV0172,6.1,100.0,43.65,255.3,0.33,False
T008731,2025-07-31,15,HH122,DEV0179,30.4,100.0,22.83,105.3,0.7,False
T008732,2025-07-31,15,HH124,DEV0181,33.4,83.0,22.03,100.0,0.81,True
T008733,2025-07-31,15,HH137,DEV0201,12.9,97.4,49.96,261.9,0.56,False
T008734,2025-07-31,16,HH140,DEV0206,23.2,99.1,19.58,124.9,0.49,False
T008735,2025-08-01,15,HH001,DEV0001,28.4,100.0,24.63,113.7,0.26,False
T008736,2025-08-01,19,HH004,DEV0005,22.3,100.0,5.59,31.4,0.25,False
T008737,2025-08-01,18,HH007,DEV0009,6.8,85.4,19.5,99.0,0.23,False
T008738,2025-08-01,17,HH014,DEV0019,24.0,100.0,3.42,22.4,0.41,False
T008739,2025-08-01,11,HH017,DEV0023,15.5,97.9,4.7,34.7,0.61,False
T008740,2025-08-01,18,HH023,DEV0033,37.2,100.0,24.55,131.2,0.14,False
T008741,2025-08-01,10,HH026,DEV0038,33.8,100.0,33.1,161.0,0.2,False
T008742,2025-08-01,16,HH027,DEV0039,19.5,100.0,2.58,11.1,0.23,False
T008743,2025-08-01,17,HH029,DEV0043,37.4,100.0,33.12,161.9,0.53,False
T008744,2025-08-01,18,HH030,DEV0044,13.3,100.0,3.03,22.6,0.1,False
T008745,2025-08-01,18,HH035,DEV0050,35.7,100.0,21.8,132.6,0.33,False
T008746,2025-08-01,15,HH036,DEV0051,39.8,100.0,3.61,17.1,0.38,False
T008747,2025-08-01,16,HH042,DEV0063,19.9,100.0,6.01,28.8,0.22,False
T008748,2025-08-01,19,HH050,DEV0074,14.8,95.3,3.7,17.2,0.54,False
T008749,2025-08-01,15,HH053,DEV0078,17.5,89.5,14.41,63.1,0.17,False
T008750,2025-08-01,15,HH054,DEV0079,28.1,100.0,3.38,24.8,0.25,False
T008751,2025-08-01,19,HH055,DEV0081,37.5,100.0,2.62,12.5,0.45,False
T008752,2025-08-01,19,HH056,DEV0083,21.1,53.2,7.03,35.8,0.58,True
T008753,2025-08-01,14,HH058,DEV0086,11.5,95.0,3.01,22.1,0.29,False
T008754,2025-08-01,13,HH059,DEV0087,18.6,92.1,4.26,26.1,0.2,False
T008755,2025-08-01,14,HH060,DEV0089,9.7,100.0,23.93,174.8,0.8,False
T008756,2025-08-01,18,HH064,DEV0095,24.4,100.0,2.34,11.4,0.51,False
T008757,2025-08-01,19,HH072,DEV0104,9.1,93.6,24.76,160.4,0.06,False
T008758,2025-08-01,13,HH073,DEV0106,16.9,93.7,4.92,28.9,0.14,False
T008759,2025-08-01,16,HH079,DEV0115,38.1,100.0,30.45,207.7,0.22,False
T008760,2025-08-01,19,HH080,DEV0116,14.8,91.8,5.77,28.5,0.77,False
T008761,2025-08-01,15,HH081,DEV0117,7.5,86.1,18.87,117.4,0.75,False
T008762,2025-08-01,19,HH083,DEV0122,5.2,74.4,26.78,153.7,0.42,False
T008763,2025-08-01,19,HH084,DEV0123,17.8,96.8,3.95,23.8,0.77,False
T008764,2025-08-01,14,HH090,DEV0132,35.5,100.0,37.47,177.7,0.54,False
T008765,2025-08-01,18,HH091,DEV0133,37.0,100.0,2.84,17.0,0.64,False
T008766,2025-08-01,15,HH092,DEV0134,5.9,81.0,33.56,210.9,0.39,False
T008767,2025-08-01,15,HH094,DEV0136,32.3,100.0,33.44,168.4,0.17,False
T008768,2025-08-01,15,HH095,DEV0138,9.2,99.9,25.67,177.2,0.61,False
T008769,2025-08-01,12,HH096,DEV0140,39.0,100.0,4.39,22.3,0.14,False
T008770,2025-08-01,16,HH100,DEV0145,9.1,89.8,32.83,181.2,0.26,False
T008771,2025-08-01,15,HH104,DEV0150,15.2,100.0,27.9,141.9,0.19,False
T008772,2025-08-01,17,HH105,DEV0151,19.5,100.0,4.03,21.2,0.13,False
T008773,2025-08-01,14,HH111,DEV0162,34.2,100.0,28.95,158.9,0.49,False
T008774,2025-08-01,15,HH112,DEV0163,20.8,97.1,25.7,116.7,0.35,False
T008775,2025-08-01,14,HH113,DEV0164,11.4,95.7,18.22,84.0,0.23,False
T008776,2025-08-01,16,HH115,DEV0169,37.9,100.0,25.09,168.8,0.72,False
T008777,2025-08-01,17,HH119,DEV0174,35.5,100.0,19.29,135.2,0.34,False
T008778,2025-08-01,16,HH123,DEV0180,31.5,100.0,14.32,78.2,0.27,False
T008779,2025-08-01,16,HH126,DEV0184,24.9,58.2,2.53,11.2,0.18,True
T008780,2025-08-01,19,HH131,DEV0190,38.5,100.0,2.89,15.4,0.29,False
T008781,2025-08-01,19,HH134,DEV0197,8.1,83.3,18.42,100.4,0.13,False
T008782,2025-08-01,15,HH135,DEV0198,37.2,100.0,3.64,24.4,0.16,False
T008783,2025-08-01,16,HH140,DEV0206,30.2,100.0,18.01,122.7,0.52,False
T008784,2025-08-02,19,HH005,DEV0006,21.3,100.0,3.07,16.9,0.42,False
T008785,2025-08-02,15,HH006,DEV0007,30.7,100.0,14.28,92.7,0.55,False
T008786,2025-08-02,17,HH008,DEV0010,9.8,91.9,41.79,190.4,0.61,False
T008787,2025-08-02,17,HH012,DEV0016,35.7,81.6,1.56,10.6,0.1,True
T008788,2025-08-02,19,HH018,DEV0025,23.9,100.0,30.59,145.9,0.52,False
T008789,2025-08-02,8,HH019,DEV0026,37.9,100.0,20.87,131.8,0.31,False
T008790,2025-08-02,13,HH021,DEV0028,20.3,89.4,18.72,125.5,0.41,False
T008791,2025-08-02,17,HH022,DEV0030,34.5,100.0,2.95,15.6,0.35,False
T008792,2025-08-02,14,HH023,DEV0033,10.1,86.3,29.81,151.2,0.16,False
T008793,2025-08-02,15,HH026,DEV0038,25.6,100.0,37.2,276.4,0.18,False
T008794,2025-08-02,17,HH031,DEV0045,40.0,100.0,30.54,195.5,0.43,False
T008795,2025-08-02,19,HH032,DEV0047,37.8,100.0,3.79,17.2,0.49,False
T008796,2025-08-02,16,HH035,DEV0050,10.2,100.0,30.44,188.2,0.44,False
T008797,2025-08-02,17,HH038,DEV0054,31.7,100.0,21.79,108.6,0.42,False
T008798,2025-08-02,17,HH040,DEV0059,35.5,100.0,2.0,9.2,0.61,False
T008799,2025-08-02,19,HH042,DEV0063,18.2,100.0,6.14,36.8,0.3,False
T008800,2025-08-02,14,HH043,DEV0064,8.9,84.6,34.9,198.1,0.48,False
T008801,2025-08-02,18,HH045,DEV0067,20.5,90.0,35.74,168.0,0.72,False
T008802,2025-08-02,15,HH046,DEV0068,8.5,92.5,39.48,174.9,0.12,False
T008803,2025-08-02,15,HH048,DEV0072,28.8,100.0,5.55,35.0,0.09,False
T008804,2025-08-02,17,HH049,DEV0073,27.4,100.0,3.05,18.3,0.1,False
T008805,2025-08-02,14,HH052,DEV0077,25.5,100.0,3.8,18.9,0.24,False
T008806,2025-08-02,17,HH058,DEV0086,31.1,100.0,2.48,12.3,0.3,False
T008807,2025-08-02,17,HH059,DEV0087,40.0,100.0,3.48,16.2,0.21,False
T008808,2025-08-02,16,HH062,DEV0092,7.0,95.4,28.92,194.7,0.23,False
T008809,2025-08-02,19,HH063,DEV0093,31.7,100.0,19.6,96.4,0.45,False
T008810,2025-08-02,15,HH067,DEV0099,28.7,100.0,5.7,35.0,0.55,False
T008811,2025-08-02,11,HH068,DEV0100,8.1,81.9,32.03,206.2,0.46,False
T008812,2025-08-02,14,HH069,DEV0101,22.6,100.0,42.72,230.1,0.23,False
T008813,2025-08-02,13,HH070,DEV0102,23.6,62.3,1.28,6.2,0.15,True
T008814,2025-08-02,14,HH073,DEV0105,14.7,91.0,4.65,23.2,0.15,False
T008815,2025-08-02,17,HH075,DEV0109,8.9,84.5,30.83,160.3,0.46,False
T008816,2025-08-02,15,HH077,DEV0112,37.6,100.0,4.56,21.9,0.37,False
T008817,2025-08-02,15,HH079,DEV0115,23.8,99.8,37.41,201.6,0.19,False
T008818,2025-08-02,18,HH085,DEV0124,34.2,100.0,22.11,154.1,0.1,False
T008819,2025-08-02,17,HH086,DEV0127,23.2,95.3,2.81,13.1,0.35,False
T008820,2025-08-02,18,HH087,DEV0128,13.3,95.0,2.61,19.3,0.27,False
T008821,2025-08-02,14,HH089,DEV0130,28.1,100.0,3.24,18.1,0.14,False
T008822,2025-08-02,18,HH091,DEV0133,12.7,90.7,3.51,17.7,0.42,False
T008823,2025-08-02,15,HH096,DEV0140,27.9,100.0,5.19,29.1,0.14,False
T008824,2025-08-02,19,HH098,DEV0142,9.0,90.9,45.06,212.4,0.63,False
T008825,2025-08-02,16,HH100,DEV0146,9.3,78.0,3.91,17.1,0.17,False
T008826,2025-08-02,15,HH102,DEV0148,22.1,98.4,20.22,130.8,0.65,False
T008827,2025-08-02,17,HH104,DEV0150,39.5,100.0,19.9,94.7,0.27,False
T008828,2025-08-02,14,HH112,DEV0163,32.6,100.0,22.71,138.4,0.25,False
T008829,2025-08-02,15,HH113,DEV0164,15.2,93.7,16.95,92.6,0.37,False
T008830,2025-08-02,15,HH115,DEV0169,6.6,97.6,36.77,158.2,0.43,False
T008831,2025-08-02,18,HH119,DEV0174,6.6,96.4,26.85,167.3,0.27,False
T008832,2025-08-02,19,HH120,DEV0176,22.6,100.0,4.95,29.6,0.36,False
T008833,2025-08-02,16,HH124,DEV0181,33.9,87.3,23.7,150.0,0.68,True
T008834,2025-08-02,14,HH127,DEV0185,32.7,100.0,39.77,200.0,0.23,False
T008835,2025-08-02,17,HH132,DEV0191,6.1,87.7,20.82,99.9,0.42,False
T008836,2025-08-02,13,HH134,DEV0197,38.9,100.0,14.97,83.6,0.13,False
T008837,2025-08-02,19,HH136,DEV0199,9.6,90.0,37.06,229.7,0.35,False
T008838,2025-08-02,14,HH137,DEV0202,33.3,70.1,1.88,8.4,0.84,True
T008839,2025-08-02,14,HH139,DEV0205,22.4,100.0,5.2,31.8,0.21,False
T008840,2025-08-02,16,HH140,DEV0206,30.4,100.0,17.96,78.7,0.53,False
T008841,2025-08-03,17,HH001,DEV0001,21.2,99.0,26.76,182.9,0.32,False
T008842,2025-08-03,15,HH007,DEV0008,24.6,97.5,2.77,17.3,0.22,False
T008843,2025-08-03,17,HH008,DEV0011,20.7,100.0,5.08,29.9,0.81,False
T008844,2025-08-03,17,HH009,DEV0013,8.1,91.9,4.69,24.7,0.16,False
T008845,2025-08-03,16,HH015,DEV0020,12.4,86.3,2.51,16.8,0.44,False
T008846,2025-08-03,16,HH018,DEV0024,28.4,100.0,4.87,27.3,0.49,False
T008847,2025-08-03,14,HH031,DEV0046,16.2,100.0,43.58,209.4,0.34,False
T008848,2025-08-03,12,HH034,DEV0049,7.5,78.7,5.34,25.6,0.29,False
T008849,2025-08-03,14,HH037,DEV0053,14.6,100.0,4.01,23.7,0.52,False
T008850,2025-08-03,17,HH041,DEV0060,29.1,100.0,3.62,23.4,0.12,False
T008851,2025-08-03,18,HH042,DEV0062,9.5,85.8,22.44,118.8,0.4,False
T008852,2025-08-03,19,HH044,DEV0066,24.6,100.0,23.6,124.2,0.63,False
T008853,2025-08-03,16,HH048,DEV0072,16.7,100.0,6.5,46.8,0.07,False
T008854,2025-08-03,13,HH058,DEV0086,23.3,100.0,2.76,18.5,0.42,False
T008855,2025-08-03,17,HH061,DEV0091,13.0,91.9,4.73,33.6,0.46,False
T008856,2025-08-03,12,HH063,DEV0094,21.7,100.0,2.66,11.5,0.31,False
T008857,2025-08-03,18,HH065,DEV0096,25.1,100.0,37.08,243.7,0.76,False
T008858,2025-08-03,14,HH067,DEV0099,14.7,100.0,6.82,29.8,0.46,False
T008859,2025-08-03,16,HH068,DEV0100,17.1,91.3,32.22,219.1,0.81,False
T008860,2025-08-03,18,HH071,DEV0103,35.2,100.0,4.08,24.2,0.32,False
T008861,2025-08-03,19,HH073,DEV0106,38.0,100.0,3.97,23.1,0.17,False
T008862,2025-08-03,19,HH075,DEV0109,29.3,100.0,28.85,146.2,0.35,False
T008863,2025-08-03,16,HH076,DEV0110,29.2,100.0,25.35,140.7,0.44,False
T008864,2025-08-03,19,HH078,DEV0113,26.0,100.0,3.92,22.9,0.46,False
T008865,2025-08-03,15,HH081,DEV0118,7.8,78.5,14.78,82.1,0.44,False
T008866,2025-08-03,19,HH085,DEV0124,25.0,100.0,25.2,139.4,0.06,False
T008867,2025-08-03,17,HH086,DEV0125,17.8,92.8,2.63,12.7,0.41,False
T008868,2025-08-03,19,HH087,DEV0128,21.3,100.0,2.52,11.0,0.19,False
T008869,2025-08-03,12,HH088,DEV0129,14.1,100.0,39.6,246.4,0.23,False
T008870,2025-08-03,19,HH089,DEV0130,34.9,100.0,2.93,12.7,0.13,False
T008871,2025-08-03,15,HH091,DEV0133,31.0,100.0,3.1,17.7,0.6,False
T008872,2025-08-03,17,HH094,DEV0137,26.8,100.0,3.59,19.0,0.28,False
T008873,2025-08-03,14,HH098,DEV0142,32.2,100.0,37.29,174.4,0.61,False
T008874,2025-08-03,15,HH102,DEV0148,39.6,100.0,16.01,84.0,0.52,False
T008875,2025-08-03,16,HH104,DEV0150,9.4,100.0,29.81,133.3,0.14,False
T008876,2025-08-03,19,HH105,DEV0151,36.2,100.0,3.19,15.6,0.18,False
T008877,2025-08-03,13,HH107,DEV0154,33.5,100.0,2.19,14.1,0.29,False
T008878,2025-08-03,19,HH112,DEV0163,37.4,100.0,21.1,155.7,0.43,False
T008879,2025-08-03,16,HH116,DEV0170,21.5,100.0,26.45,122.1,0.62,False
T008880,2025-08-03,18,HH119,DEV0174,28.7,100.0,21.32,144.5,0.36,False
T008881,2025-08-03,17,HH121,DEV0177,20.5,94.4,4.21,26.1,0.45,False
T008882,2025-08-03,15,HH122,DEV0179,26.3,100.0,24.17,125.3,0.45,False
T008883,2025-08-03,19,HH123,DEV0180,21.0,99.1,16.33,119.4,0.4,False
T008884,2025-08-03,16,HH124,DEV0181,15.6,51.3,15.87,71.5,0.49,True
T008885,2025-08-03,19,HH125,DEV0183,37.0,100.0,3.4,20.5,0.39,False
T008886,2025-08-03,17,HH130,DEV0189,13.2,89.6,5.42,31.3,0.18,False
T008887,2025-08-03,19,HH133,DEV0194,25.7,100.0,42.57,194.5,0.09,False
T008888,2025-08-03,16,HH139,DEV0204,25.1,100.0,27.49,175.1,0.37,False
T008889,2025-08-04,15,HH003,DEV0004,38.6,100.0,24.44,106.5,0.58,False
T008890,2025-08-04,15,HH006,DEV0007,26.6,100.0,15.12,79.2,0.65,False
T008891,2025-08-04,19,HH011,DEV0015,18.4,95.0,45.63,214.2,0.76,False
T008892,2025-08-04,19,HH013,DEV0018,13.5,86.9,5.5,31.8,0.71,False
T008893,2025-08-04,18,HH014,DEV0019,20.2,98.5,3.52,16.3,0.41,False
T008894,2025-08-04,19,HH017,DEV0023,27.8,100.0,4.12,18.3,0.75,False
T008895,2025-08-04,19,HH021,DEV0029,32.2,100.0,2.71,15.0,0.42,False
T008896,2025-08-04,19,HH022,DEV0031,36.6,100.0,12.87,69.6,0.29,False
T008897,2025-08-04,18,HH023,DEV0032,23.1,93.5,41.77,261.3,0.14,False
T008898,2025-08-04,17,HH024,DEV0034,21.5,100.0,45.92,298.3,0.6,False
T008899,2025-08-04,15,HH025,DEV0037,37.0,100.0,37.04,264.9,0.32,False
T008900,2025-08-04,14,HH029,DEV0043,25.6,100.0,39.36,245.3,0.58,False
T008901,2025-08-04,19,HH034,DEV0049,23.8,100.0,5.72,31.1,0.27,False
T008902,2025-08-04,15,HH036,DEV0052,5.0,88.6,6.18,28.4,0.67,False
T008903,2025-08-04,19,HH039,DEV0057,26.3,100.0,5.6,26.6,0.67,False
T008904,2025-08-04,14,HH042,DEV0061,31.4,100.0,28.54,161.2,0.23,False
T008905,2025-08-04,12,HH046,DEV0068,20.4,100.0,37.41,214.9,0.12,False
T008906,2025-08-04,16,HH049,DEV0073,23.3,100.0,3.22,19.8,0.1,False
T008907,2025-08-04,14,HH052,DEV0077,34.7,100.0,3.33,21.0,0.32,False
T008908,2025-08-04,19,HH055,DEV0081,23.6,100.0,3.21,16.4,0.42,False
T008909,2025-08-04,19,HH056,DEV0082,12.3,83.8,3.36,15.3,0.47,False
T008910,2025-08-04,18,HH058,DEV0086,17.7,96.3,2.83,17.6,0.37,False
T008911,2025-08-04,17,HH060,DEV0089,21.2,100.0,20.88,99.6,0.51,False
T008912,2025-08-04,14,HH061,DEV0090,16.7,100.0,6.33,47.1,0.4,False
T008913,2025-08-04,14,HH063,DEV0094,12.6,95.7,2.82,13.0,0.47,False
T008914,2025-08-04,16,HH064,DEV0095,23.1,100.0,2.38,12.3,0.32,False
T008915,2025-08-04,17,HH067,DEV0099,27.6,100.0,5.79,27.9,0.5,False
T008916,2025-08-04,19,HH070,DEV0102,17.8,56.0,1.26,6.7,0.23,True
T008917,2025-08-04,16,HH071,DEV0103,14.7,90.5,4.78,20.6,0.58,False
T008918,2025-08-04,13,HH072,DEV0104,19.8,100.0,23.5,122.3,0.07,False
T008919,2025-08-04,15,HH076,DEV0110,21.9,98.4,27.4,138.8,0.39,False
T008920,2025-08-04,16,HH077,DEV0111,7.3,82.0,5.83,26.3,0.27,False
T008921,2025-08-04,18,HH080,DEV0116,24.0,100.0,5.7,35.3,0.59,False
T008922,2025-08-04,16,HH081,DEV0117,28.7,100.0,17.11,78.6,0.9,False
T008923,2025-08-04,19,HH084,DEV0123,30.8,100.0,3.46,18.4,0.47,False
T008924,2025-08-04,14,HH085,DEV0124,23.9,100.0,25.57,166.3,0.1,False
T008925,2025-08-04,14,HH089,DEV0130,28.0,100.0,3.24,18.8,0.11,False
T008926,2025-08-04,16,HH095,DEV0138,22.6,95.9,20.74,146.2,0.57,False
T008927,2025-08-04,19,HH096,DEV0140,20.3,100.0,5.74,29.2,0.18,False
T008928,2025-08-04,15,HH097,DEV0141,39.5,100.0,3.15,22.8,0.3,False
T008929,2025-08-04,12,HH098,DEV0142,31.6,100.0,37.62,192.0,0.65,False
T008930,2025-08-04,16,HH105,DEV0151,7.8,94.3,4.33,27.0,0.16,False
T008931,2025-08-04,16,HH111,DEV0162,22.6,100.0,34.06,164.5,0.55,False
T008932,2025-08-04,19,HH113,DEV0164,39.2,100.0,13.13,66.7,0.29,False
T008933,2025-08-04,15,HH116,DEV0170,11.2,96.4,28.71,159.3,1.14,False
T008934,2025-08-04,15,HH124,DEV0181,16.1,70.8,24.29,142.2,0.8,True
T008935,2025-08-04,19,HH125,DEV0182,6.1,83.3,25.41,156.6,0.28,False
T008936,2025-08-04,19,HH127,DEV0186,12.5,94.8,41.54,181.0,0.15,False
T008937,2025-08-04,16,HH130,DEV0189,13.9,87.2,5.2,26.0,0.14,False
T008938,2025-08-04,19,HH133,DEV0195,35.4,100.0,14.73,76.3,0.18,False
T008939,2025-08-04,19,HH138,DEV0203,32.8,100.0,22.92,104.6,0.21,False
T008940,2025-08-04,16,HH139,DEV0204,26.2,100.0,27.08,187.0,0.3,False
T008941,2025-08-04,19,HH140,DEV0206,30.4,100.0,17.96,109.6,0.52,False
T008942,2025-08-05,15,HH001,DEV0001,24.4,100.0,26.01,136.9,0.33,False
T008943,2025-08-05,16,HH004,DEV0005,25.2,100.0,5.39,25.6,0.17,False
T008944,2025-08-05,19,HH006,DEV0007,9.1,96.5,18.01,94.0,0.75,False
T008945,2025-08-05,19,HH007,DEV0009,30.2,100.0,17.31,81.1,0.19,False
T008946,2025-08-05,19,HH008,DEV0010,29.2,100.0,36.04,258.0,0.81,False
T008947,2025-08-05,19,HH013,DEV0017,20.7,100.0,4.2,26.1,0.79,False
T008948,2025-08-05,14,HH015,DEV0020,19.4,100.0,2.74,15.5,0.42,False
T008949,2025-08-05,19,HH020,DEV0027,38.7,100.0,2.15,9.3,0.23,False
T008950,2025-08-05,17,HH026,DEV0038,15.5,98.8,41.66,244.6,0.2,False
T008951,2025-08-05,16,HH027,DEV0039,21.7,99.0,2.47,11.2,0.19,False
T008952,2025-08-05,17,HH029,DEV0043,24.0,100.0,40.2,247.6,0.53,False
T008953,2025-08-05,16,HH031,DEV0045,10.5,95.0,43.0,265.1,0.48,False
T008954,2025-08-05,19,HH032,DEV0047,8.3,84.2,4.63,21.0,0.53,False
T008955,2025-08-05,14,HH034,DEV0049,34.3,100.0,4.93,22.1,0.21,False
T008956,2025-08-05,18,HH037,DEV0053,13.3,95.9,3.88,19.7,0.42,False
T008957,2025-08-05,19,HH038,DEV0054,35.0,100.0,20.74,89.1,0.6,False
T008958,2025-08-05,9,HH039,DEV0057,37.5,100.0,4.75,29.7,1.01,False
T008959,2025-08-05,19,HH044,DEV0066,38.5,100.0,19.25,97.7,0.78,False
T008960,2025-08-05,15,HH045,DEV0067,7.7,86.1,40.3,193.8,0.75,False
T008961,2025-08-05,16,HH046,DEV0068,19.9,99.1,37.24,196.9,0.08,False
T008962,2025-08-05,19,HH048,DEV0072,20.2,94.3,5.78,28.4,0.07,False
T008963,2025-08-05,16,HH049,DEV0073,6.8,89.3,3.47,17.0,0.09,False
T008964,2025-08-05,14,HH050,DEV0074,25.3,100.0,3.44,24.9,0.35,False
T008965,2025-08-05,15,HH051,DEV0075,10.5,95.0,4.14,24.6,0.53,False
T008966,2025-08-05,19,HH052,DEV0077,17.8,100.0,4.19,19.2,0.39,False
T008967,2025-08-05,17,HH055,DEV0081,22.6,100.0,3.25,17.1,0.42,False
T008968,2025-08-05,13,HH056,DEV0082,21.0,100.0,3.71,19.5,0.37,False
T008969,2025-08-05,19,HH059,DEV0087,24.9,100.0,4.36,28.2,0.25,False
T008970,2025-08-05,16,HH060,DEV0089,39.5,100.0,16.03,99.9,0.93,False
T008971,2025-08-05,13,HH071,DEV0103,24.3,100.0,4.77,20.8,0.6,False
T008972,2025-08-05,17,HH081,DEV0117,32.0,100.0,16.32,73.4,0.96,False
T008973,2025-08-05,14,HH083,DEV0122,22.7,99.3,29.64,141.1,0.25,False
T008974,2025-08-05,14,HH086,DEV0127,11.0,87.4,2.98,18.7,0.39,False
T008975,2025-08-05,17,HH087,DEV0128,15.9,100.0,2.69,16.5,0.28,False
T008976,2025-08-05,19,HH088,DEV0129,8.0,82.3,34.26,219.1,0.24,False
T008977,2025-08-05,10,HH089,DEV0130,7.7,86.5,3.55,18.8,0.16,False
T008978,2025-08-05,17,HH090,DEV0131,16.8,100.0,46.68,261.4,0.85,False
T008979,2025-08-05,19,HH095,DEV0139,34.7,100.0,16.19,90.0,0.7,False
T008980,2025-08-05,19,HH098,DEV0143,30.6,100.0,3.96,19.4,0.61,False
T008981,2025-08-05,18,HH099,DEV0144,27.3,100.0,5.6,30.4,0.3,False
T008982,2025-08-05,15,HH102,DEV0148,16.4,100.0,22.15,106.0,0.65,False
T008983,2025-08-05,13,HH103,DEV0149,38.7,75.1,1.56,11.1,0.62,True
T008984,2025-08-05,18,HH104,DEV0150,19.4,100.0,26.52,150.7,0.24,False
T008985,2025-08-05,19,HH110,DEV0160,20.6,93.8,26.13,143.3,0.37,False
T008986,2025-08-05,18,HH116,DEV0170,39.7,100.0,20.32,100.2,0.81,False
T008987,2025-08-05,17,HH117,DEV0171,31.1,100.0,2.48,14.9,0.37,False
T008988,2025-08-05,13,HH118,DEV0172,20.3,100.0,37.06,162.7,0.26,False
T008989,2025-08-05,14,HH119,DEV0174,25.8,100.0,22.19,111.9,0.18,False
T008990,2025-08-05,16,HH123,DEV0180,9.0,98.4,18.68,81.7,0.25,False
T008991,2025-08-05,12,HH127,DEV0185,16.7,92.2,44.63,230.5,0.27,False
T008992,2025-08-05,15,HH129,DEV0188,24.0,100.0,4.48,25.6,0.7,False
T008993,2025-08-05,16,HH131,DEV0190,8.5,96.7,4.14,27.7,0.3,False
T008994,2025-08-05,19,HH132,DEV0192,30.8,100.0,3.46,21.1,0.43,False
T008995,2025-08-05,15,HH136,DEV0199,19.9,95.4,34.8,190.8,0.53,False
T008996,2025-08-06,19,HH005,DEV0006,26.5,100.0,2.87,18.2,0.43,False
T008997,2025-08-06,17,HH012,DEV0016,25.1,68.4,1.47,7.6,0.11,True
T008998,2025-08-06,12,HH014,DEV0019,39.9,100.0,2.7,14.9,0.31,False
T008999,2025-08-06,19,HH021,DEV0029,24.0,100.0,3.04,14.4,0.35,False
T009000,2025-08-06,13,HH022,DEV0031,28.5,100.0,14.51,82.1,0.45,False
T009001,2025-08-06,19,HH024,DEV0035,19.9,92.3,39.61,224.5,0.67,False
T009002,2025-08-06,15,HH027,DEV0039,20.7,100.0,2.54,12.3,0.3,False
T009003,2025-08-06,15,HH029,DEV0041,33.0,100.0,4.69,20.8,0.47,False
T009004,2025-08-06,17,HH030,DEV0044,24.0,99.2,2.63,18.3,0.09,False
T009005,2025-08-06,18,HH032,DEV0047,29.3,100.0,4.31,29.7,0.56,False
T009006,2025-08-06,16,HH033,DEV0048,27.7,100.0,4.63,23.7,0.17,False
T009007,2025-08-06,13,HH034,DEV0049,25.0,100.0,5.62,31.2,0.2,False
T009008,2025-08-06,18,HH039,DEV0057,31.6,100.0,5.2,35.9,0.78,False
T009009,2025-08-06,19,HH042,DEV0062,14.0,91.8,22.88,120.2,0.3,False
T009010,2025-08-06,13,HH049,DEV0073,31.9,100.0,2.86,12.5,0.1,False
T009011,2025-08-06,14,HH050,DEV0074,11.5,87.5,3.49,17.1,0.31,False
T009012,2025-08-06,12,HH051,DEV0075,5.2,87.1,4.01,17.8,0.3,False
T009013,2025-08-06,13,HH054,DEV0079,22.4,100.0,3.65,16.2,0.23,False
T009014,2025-08-06,14,HH056,DEV0082,32.1,100.0,3.19,16.2,0.43,False
T009015,2025-08-06,17,HH063,DEV0093,12.2,95.6,23.93,174.8,0.57,False
T009016,2025-08-06,19,HH065,DEV0097,23.1,98.6,5.66,27.2,0.88,False
T009017,2025-08-06,18,HH067,DEV0099,11.4,100.0,7.09,35.5,0.47,False
T009018,2025-08-06,15,HH068,DEV0100,31.7,100.0,29.64,167.0,0.61,False
T009019,2025-08-06,12,HH070,DEV0102,36.6,82.2,1.5,9.9,0.27,True
T009020,2025-08-06,19,HH073,DEV0105,20.8,100.0,4.83,26.9,0.26,False
T009021,2025-08-06,18,HH078,DEV0114,11.7,100.0,31.08,149.4,0.73,False
T009022,2025-08-06,19,HH080,DEV0116,29.9,100.0,5.26,26.1,0.86,False
T009023,2025-08-06,19,HH081,DEV0117,17.7,100.0,19.75,94.2,0.5,False
T009024,2025-08-06,18,HH083,DEV0122,31.0,100.0,26.7,162.9,0.33,False
T009025,2025-08-06,17,HH084,DEV0123,9.0,86.0,3.85,25.9,0.63,False
T009026,2025-08-06,13,HH088,DEV0129,25.3,95.0,32.12,165.6,0.21,False
T009027,2025-08-06,19,HH092,DEV0134,5.8,94.4,39.6,263.4,0.3,False
T009028,2025-08-06,14,HH093,DEV0135,11.9,86.8,3.22,18.0,0.39,False
T009029,2025-08-06,14,HH095,DEV0138,12.7,100.0,24.71,139.8,0.72,False
T009030,2025-08-06,15,HH099,DEV0144,33.3,100.0,5.14,33.3,0.21,False
T009031,2025-08-06,17,HH100,DEV0146,9.0,96.1,4.97,21.4,0.19,False
T009032,2025-08-06,18,HH103,DEV0149,32.9,69.2,1.56,11.1,0.68,True
T009033,2025-08-06,17,HH107,DEV0153,11.5,89.9,2.98,16.0,0.24,False
T009034,2025-08-06,17,HH110,DEV0158,14.1,100.0,2.83,16.7,0.46,False
T009035,2025-08-06,18,HH115,DEV0169,26.0,100.0,29.9,165.7,0.66,False
T009036,2025-08-06,16,HH123,DEV0180,39.4,100.0,12.67,71.4,0.26,False
T009037,2025-08-06,14,HH125,DEV0183,16.2,100.0,4.53,20.4,0.36,False
T009038,2025-08-06,16,HH126,DEV0184,9.8,50.4,3.09,20.8,0.2,True
T009039,2025-08-06,16,HH127,DEV0186,13.8,95.5,41.26,209.7,0.29,False
T009040,2025-08-06,14,HH134,DEV0196,29.1,100.0,5.25,39.2,0.17,False
T009041,2025-08-06,19,HH135,DEV0198,26.3,100.0,4.27,26.7,0.11,False
T009042,2025-08-06,19,HH137,DEV0202,11.6,62.9,2.62,15.1,0.84,True
T009043,2025-08-07,17,HH003,DEV0004,6.9,86.8,31.8,218.8,0.58,False
T009044,2025-08-07,19,HH006,DEV0007,34.5,100.0,13.49,73.9,0.43,False
T009045,2025-08-07,16,HH007,DEV0009,13.1,91.6,19.46,103.5,0.32,False
T009046,2025-08-07,14,HH009,DEV0013,30.8,100.0,3.88,22.0,0.29,False
T009047,2025-08-07,14,HH012,DEV0016,18.2,62.3,1.5,6.5,0.07,True
T009048,2025-08-07,19,HH016,DEV0021,39.0,100.0,27.76,121.1,0.3,False
T009049,2025-08-07,16,HH018,DEV0024,19.4,89.8,4.79,34.0,0.39,False
T009050,2025-08-07,15,HH019,DEV0026,33.9,100.0,22.21,98.3,0.2,False
T009051,2025-08-07,17,HH024,DEV0035,10.6,92.3,44.67,299.4,0.64,False
T009052,2025-08-07,16,HH026,DEV0038,18.4,88.3,34.94,204.5,0.24,False
T009053,2025-08-07,18,HH027,DEV0039,5.0,88.1,2.66,14.3,0.22,False
T009054,2025-08-07,19,HH032,DEV0047,8.4,88.3,4.87,23.2,0.44,False
T009055,2025-08-07,14,HH036,DEV0052,7.5,97.7,6.67,47.1,0.4,False
T009056,2025-08-07,16,HH039,DEV0057,13.5,88.1,5.67,41.4,0.63,False
T009057,2025-08-07,15,HH040,DEV0059,7.3,88.0,2.5,12.7,0.64,False
T009058,2025-08-07,15,HH041,DEV0060,21.1,100.0,4.02,17.5,0.1,False
T009059,2025-08-07,18,HH042,DEV0062,35.9,100.0,18.85,84.3,0.28,False
T009060,2025-08-07,18,HH043,DEV0064,37.1,100.0,29.0,129.4,0.43,False
T009061,2025-08-07,17,HH044,DEV0066,8.4,92.6,26.37,152.0,0.9,False
T009062,2025-08-07,18,HH047,DEV0070,33.3,100.0,16.07,85.1,0.13,False
T009063,2025-08-07,19,HH053,DEV0078,20.1,100.0,15.98,71.5,0.16,False
T009064,2025-08-07,16,HH065,DEV0096,12.2,85.3,36.18,236.6,0.52,False
T009065,2025-08-07,16,HH067,DEV0099,21.8,97.1,6.03,32.1,0.47,False
T009066,2025-08-07,16,HH069,DEV0101,28.6,100.0,39.41,219.4,0.19,False
T009067,2025-08-07,15,HH070,DEV0102,33.3,71.3,1.25,7.1,0.23,True
T009068,2025-08-07,18,HH071,DEV0103,33.8,100.0,4.17,20.5,0.4,False
T009069,2025-08-07,15,HH072,DEV0104,6.8,92.3,25.04,183.7,0.08,False
T009070,2025-08-07,19,HH074,DEV0108,38.5,100.0,3.44,24.0,0.33,False
T009071,2025-08-07,19,HH075,DEV0109,39.0,100.0,24.89,151.1,0.48,False
T009072,2025-08-07,15,HH078,DEV0113,22.3,91.1,3.65,17.0,0.74,False
T009073,2025-08-07,17,HH082,DEV0121,9.5,100.0,39.1,277.3,0.5,False
T009074,2025-08-07,16,HH085,DEV0124,28.1,100.0,24.16,160.8,0.08,False
T009075,2025-08-07,19,HH087,DEV0128,21.9,100.0,2.5,13.4,0.3,False
T009076,2025-08-07,18,HH089,DEV0130,28.1,100.0,3.24,23.9,0.13,False
T009077,2025-08-07,18,HH090,DEV0132,15.3,100.0,49.21,328.5,0.71,False
T009078,2025-08-07,15,HH091,DEV0133,34.7,100.0,2.94,15.6,0.63,False
T009079,2025-08-07,15,HH093,DEV0135,37.3,100.0,2.7,16.0,0.47,False
T009080,2025-08-07,13,HH094,DEV0137,25.9,100.0,3.63,22.0,0.28,False
T009081,2025-08-07,19,HH095,DEV0138,13.8,94.7,22.89,107.9,0.89,False
T009082,2025-08-07,15,HH102,DEV0148,9.3,80.6,18.9,133.9,0.55,False
T009083,2025-08-07,12,HH103,DEV0149,22.3,63.7,1.78,8.8,0.73,True
T009084,2025-08-07,18,HH105,DEV0151,8.9,86.4,3.88,28.0,0.22,False
T009085,2025-08-07,19,HH106,DEV0152,29.9,100.0,36.94,208.4,0.23,False
T009086,2025-08-07,12,HH119,DEV0175,17.2,93.2,19.15,104.1,0.2,False
T009087,2025-08-07,17,HH120,DEV0176,15.1,94.2,5.06,33.0,0.27,False
T009088,2025-08-07,19,HH125,DEV0183,22.7,100.0,4.17,28.5,0.23,False
T009089,2025-08-07,17,HH129,DEV0188,19.7,100.0,4.74,33.0,0.4,False
T009090,2025-08-07,19,HH130,DEV0189,8.9,89.8,5.74,31.7,0.17,False
T009091,2025-08-07,17,HH132,DEV0192,5.6,98.6,4.65,31.3,0.33,False
T009092,2025-08-07,15,HH134,DEV0196,18.3,100.0,6.05,27.6,0.16,False
T009093,2025-08-07,15,HH136,DEV0199,17.2,92.0,34.48,205.1,0.55,False
T009094,2025-08-08,19,HH001,DEV0001,30.6,100.0,23.87,135.3,0.3,False
T009095,2025-08-08,12,HH002,DEV0002,34.5,100.0,37.2,271.8,0.49,False
T009096,2025-08-08,14,HH008,DEV0012,39.7,100.0,3.74,18.0,0.52,False
T009097,2025-08-08,11,HH010,DEV0014,7.3,83.3,45.27,228.9,0.33,False
T009098,2025-08-08,15,HH014,DEV0019,31.1,100.0,3.1,20.3,0.4,False
T009099,2025-08-08,18,HH016,DEV0021,32.7,100.0,30.62,168.6,0.3,False
T009100,2025-08-08,15,HH017,DEV0023,25.8,100.0,4.23,24.6,0.5,False
T009101,2025-08-08,19,HH024,DEV0035,24.6,100.0,41.24,216.0,0.73,False
T009102,2025-08-08,11,HH050,DEV0074,14.6,91.0,3.52,15.8,0.34,False
T009103,2025-08-08,18,HH051,DEV0075,37.1,100.0,3.08,17.0,0.39,False
T009104,2025-08-08,15,HH055,DEV0081,32.7,100.0,2.83,12.3,0.45,False
T009105,2025-08-08,16,HH058,DEV0086,18.7,100.0,2.93,20.1,0.4,False
T009106,2025-08-08,17,HH060,DEV0088,30.0,100.0,5.11,32.2,0.43,False
T009107,2025-08-08,17,HH066,DEV0098,28.5,64.3,2.33,11.2,0.28,True
T009108,2025-08-08,16,HH067,DEV0099,37.3,100.0,5.02,35.3,0.68,False
T009109,2025-08-08,15,HH072,DEV0104,36.5,100.0,18.61,104.2,0.05,False
T009110,2025-08-08,16,HH073,DEV0106,31.5,100.0,4.38,31.5,0.26,False
T009111,2025-08-08,18,HH079,DEV0115,27.4,100.0,35.72,213.2,0.15,False
T009112,2025-08-08,18,HH080,DEV0116,16.6,100.0,6.26,43.1,0.47,False
T009113,2025-08-08,15,HH081,DEV0118,27.6,100.0,15.13,76.8,0.48,False
T009114,2025-08-08,15,HH082,DEV0121,19.5,97.4,33.66,173.7,0.42,False
T009115,2025-08-08,18,HH085,DEV0124,12.6,100.0,29.37,185.7,0.09,False
T009116,2025-08-08,18,HH086,DEV0127,10.2,84.0,2.88,18.0,0.29,False
T009117,2025-08-08,17,HH088,DEV0129,32.4,100.0,31.16,152.2,0.19,False
T009118,2025-08-08,14,HH090,DEV0131,30.0,100.0,39.27,264.0,0.7,False
T009119,2025-08-08,15,HH095,DEV0139,16.1,89.1,18.09,111.8,0.78,False
T009120,2025-08-08,18,HH096,DEV0140,37.3,100.0,4.51,22.2,0.11,False
T009121,2025-08-08,16,HH101,DEV0147,31.6,100.0,2.46,15.8,0.06,False
T009122,2025-08-08,14,HH104,DEV0150,18.9,91.1,23.76,155.6,0.2,False
T009123,2025-08-08,12,HH105,DEV0151,26.6,100.0,3.67,22.4,0.18,False
T009124,2025-08-08,19,HH109,DEV0157,29.8,100.0,4.35,20.7,0.48,False
T009125,2025-08-08,16,HH110,DEV0158,14.2,92.1,2.57,11.9,0.35,False
T009126,2025-08-08,19,HH112,DEV0163,34.0,100.0,22.24,113.3,0.24,False
T009127,2025-08-08,14,HH114,DEV0168,32.1,100.0,24.51,175.6,0.62,False
T009128,2025-08-08,16,HH116,DEV0170,21.8,100.0,26.35,115.1,0.67,False
T009129,2025-08-08,18,HH117,DEV0171,38.5,100.0,2.21,12.3,0.28,False
T009130,2025-08-08,17,HH118,DEV0172,23.0,100.0,35.8,194.2,0.22,False
T009131,2025-08-08,15,HH121,DEV0178,32.6,100.0,29.93,174.7,0.37,False
T009132,2025-08-08,19,HH124,DEV0181,25.0,72.9,21.28,133.8,0.57,True
T009133,2025-08-08,13,HH125,DEV0182,26.3,100.0,24.25,108.4,0.42,False
T009134,2025-08-08,16,HH126,DEV0184,13.2,58.1,3.41,16.8,0.31,True
T009135,2025-08-08,14,HH130,DEV0189,17.2,92.1,5.32,27.6,0.17,False
T009136,2025-08-08,14,HH133,DEV0195,31.8,100.0,15.55,95.2,0.18,False
T009137,2025-08-08,11,HH134,DEV0196,32.6,100.0,4.99,32.7,0.14,False
T009138,2025-08-08,15,HH139,DEV0204,5.7,86.3,29.57,209.9,0.3,False
T009139,2025-08-09,19,HH004,DEV0005,22.0,100.0,5.62,25.2,0.21,False
T009140,2025-08-09,16,HH005,DEV0006,13.5,90.0,2.99,17.5,0.54,False
T009141,2025-08-09,15,HH006,DEV0007,7.4,83.6,15.71,104.6,0.48,False
T009142,2025-08-09,13,HH007,DEV0009,17.5,100.0,20.46,89.8,0.24,False
T009143,2025-08-09,10,HH008,DEV0010,6.0,99.9,47.8,230.3,0.75,False
T009144,2025-08-09,16,HH011,DEV0015,36.6,100.0,37.79,212.5,0.4,False
T009145,2025-08-09,19,HH015,DEV0020,14.3,100.0,2.91,15.0,0.44,False
T009146,2025-08-09,17,HH023,DEV0033,10.6,82.2,27.98,128.8,0.19,False
T009147,2025-08-09,19,HH024,DEV0034,16.4,93.3,45.01,307.7,0.42,False
T009148,2025-08-09,17,HH025,DEV0037,26.9,100.0,42.98,285.0,0.48,False
T009149,2025-08-09,12,HH027,DEV0039,38.6,100.0,1.96,12.8,0.17,False
T009150,2025-08-09,17,HH033,DEV0048,10.2,83.2,4.67,27.7,0.2,False
T009151,2025-08-09,17,HH040,DEV0059,18.8,100.0,2.52,16.2,0.42,False
T009152,2025-08-09,19,HH042,DEV0062,28.9,100.0,20.9,146.7,0.31,False
T009153,2025-08-09,18,HH044,DEV0066,9.6,82.4,22.78,136.4,0.53,False
T009154,2025-08-09,19,HH048,DEV0071,35.7,100.0,26.04,167.6,0.09,False
T009155,2025-08-09,17,HH050,DEV0074,13.8,100.0,3.97,24.4,0.34,False
T009156,2025-08-09,17,HH051,DEV0075,23.2,100.0,3.76,21.7,0.38,False
T009157,2025-08-09,14,HH054,DEV0079,34.8,100.0,3.06,16.1,0.29,False
T009158,2025-08-09,16,HH055,DEV0080,8.5,95.8,26.54,131.5,0.47,False
T009159,2025-08-09,14,HH061,DEV0090,37.8,100.0,4.73,33.3,0.64,False
T009160,2025-08-09,15,HH062,DEV0092,38.2,100.0,20.21,105.2,0.44,False
T009161,2025-08-09,17,HH063,DEV0094,10.0,83.8,2.51,11.3,0.32,False
T009162,2025-08-09,14,HH065,DEV0096,19.5,100.0,39.85,174.7,0.5,False
T009163,2025-08-09,16,HH071,DEV0103,32.4,100.0,4.26,26.8,0.45,False
T009164,2025-08-09,17,HH073,DEV0106,20.0,94.9,4.79,31.3,0.18,False
T009165,2025-08-09,17,HH075,DEV0109,22.6,100.0,31.58,183.7,0.47,False
T009166,2025-08-09,16,HH078,DEV0114,11.6,82.6,25.0,158.0,0.45,False
T009167,2025-08-09,16,HH090,DEV0132,26.1,100.0,42.94,319.0,0.75,False
T009168,2025-08-09,19,HH092,DEV0134,37.7,100.0,27.85,123.0,0.28,False
T009169,2025-08-09,19,HH093,DEV0135,6.4,79.7,3.15,14.1,0.4,False
T009170,2025-08-09,17,HH099,DEV0144,14.8,100.0,6.56,28.2,0.22,False
T009171,2025-08-09,19,HH100,DEV0146,15.8,97.7,4.67,26.5,0.2,False
T009172,2025-08-09,17,HH104,DEV0150,9.2,99.6,29.73,183.5,0.15,False
T009173,2025-08-09,13,HH107,DEV0154,5.8,88.0,2.71,19.3,0.2,False
T009174,2025-08-09,15,HH111,DEV0161,31.5,100.0,4.52,23.5,0.67,False
T009175,2025-08-09,14,HH114,DEV0166,22.9,62.3,2.48,13.5,0.31,True
T009176,2025-08-09,13,HH115,DEV0169,19.9,100.0,32.36,206.2,0.72,False
T009177,2025-08-09,18,HH117,DEV0171,36.2,100.0,2.3,15.2,0.25,False
T009178,2025-08-09,16,HH119,DEV0174,35.2,100.0,19.38,95.1,0.2,False
T009179,2025-08-09,18,HH120,DEV0176,18.1,100.0,5.24,22.6,0.27,False
T009180,2025-08-09,15,HH121,DEV0177,16.6,92.4,4.32,31.9,0.64,False
T009181,2025-08-09,19,HH131,DEV0190,28.0,100.0,3.38,18.1,0.3,False
T009182,2025-08-09,12,HH134,DEV0197,20.3,94.7,18.24,82.4,0.27,False
T009183,2025-08-09,16,HH136,DEV0199,14.1,93.5,36.58,173.4,0.33,False
T009184,2025-08-09,17,HH139,DEV0205,7.2,80.8,4.93,29.0,0.34,False
T009185,2025-08-10,17,HH007,DEV0009,39.2,100.0,15.08,77.0,0.22,False
T009186,2025-08-10,16,HH009,DEV0013,8.8,85.2,4.28,30.1,0.26,False
T009187,2025-08-10,18,HH014,DEV0019,6.9,91.5,3.81,22.5,0.36,False
T009188,2025-08-10,19,HH019,DEV0026,29.3,100.0,23.76,154.9,0.32,False
T009189,2025-08-10,15,HH021,DEV0029,22.7,100.0,3.09,19.7,0.32,False
T009190,2025-08-10,19,HH023,DEV0033,18.2,100.0,31.98,190.0,0.11,False
T009191,2025-08-10,16,HH026,DEV0038,10.6,100.0,44.7,261.9,0.23,False
T009192,2025-08-10,14,HH027,DEV0039,27.8,100.0,2.31,11.0,0.25,False
T009193,2025-08-10,15,HH028,DEV0040,32.7,100.0,25.98,189.1,0.4,False
T009194,2025-08-10,15,HH032,DEV0047,22.2,98.0,4.62,20.6,0.5,False
T009195,2025-08-10,11,HH034,DEV0049,37.0,100.0,4.72,24.9,0.19,False
T009196,2025-08-10,19,HH037,DEV0053,29.5,100.0,3.31,16.7,0.65,False
T009197,2025-08-10,15,HH039,DEV0057,34.2,100.0,5.0,29.6,0.56,False
T009198,2025-08-10,19,HH041,DEV0060,33.3,100.0,3.4,14.7,0.1,False
T009199,2025-08-10,13,HH043,DEV0065,35.3,100.0,2.72,11.9,0.56,False
T009200,2025-08-10,15,HH053,DEV0078,26.4,100.0,14.72,72.5,0.15,False
T009201,2025-08-10,18,HH057,DEV0084,18.4,97.6,2.54,12.0,0.7,False
T009202,2025-08-10,14,HH058,DEV0086,28.3,100.0,2.58,11.3,0.29,False
T009203,2025-08-10,16,HH062,DEV0092,15.0,94.4,25.97,138.9,0.36,False
T009204,2025-08-10,12,HH067,DEV0099,26.4,100.0,5.89,26.7,0.43,False
T009205,2025-08-10,16,HH069,DEV0101,26.2,99.4,40.38,220.8,0.18,False
T009206,2025-08-10,18,HH071,DEV0103,25.5,100.0,4.69,21.6,0.54,False
T009207,2025-08-10,16,HH072,DEV0104,14.5,92.7,22.91,163.0,0.08,False
T009208,2025-08-10,15,HH075,DEV0109,37.6,100.0,25.46,148.6,0.49,False
T009209,2025-08-10,18,HH077,DEV0111,35.0,100.0,5.07,33.3,0.35,False
T009210,2025-08-10,19,HH080,DEV0116,24.4,100.0,5.67,26.9,0.73,False
T009211,2025-08-10,14,HH081,DEV0118,21.9,100.0,16.32,109.1,0.92,False
T009212,2025-08-10,16,HH083,DEV0122,24.0,100.0,29.41,147.7,0.26,False
T009213,2025-08-10,19,HH085,DEV0124,25.7,97.9,24.27,165.6,0.08,False
T009214,2025-08-10,18,HH089,DEV0130,24.5,97.7,3.3,14.9,0.11,False
T009215,2025-08-10,12,HH090,DEV0131,32.3,100.0,37.98,265.6,0.68,False
T009216,2025-08-10,18,HH092,DEV0134,36.5,100.0,28.38,124.9,0.39,False
T009217,2025-08-10,17,HH094,DEV0136,17.1,96.6,39.29,197.6,0.26,False
T009218,2025-08-10,16,HH096,DEV0140,31.7,100.0,4.92,22.1,0.2,False
T009219,2025-08-10,12,HH099,DEV0144,38.2,100.0,4.76,20.9,0.2,False
T009220,2025-08-10,17,HH102,DEV0148,28.4,98.2,18.51,80.7,0.64,False
T009221,2025-08-10,18,HH105,DEV0151,29.7,100.0,3.51,24.4,0.16,False
T009222,2025-08-10,14,HH110,DEV0160,22.8,96.5,26.32,173.5,0.41,False
T009223,2025-08-10,12,HH111,DEV0161,27.7,100.0,4.77,32.4,0.62,False
T009224,2025-08-10,19,HH115,DEV0169,31.1,100.0,27.84,166.3,0.62,False
T009225,2025-08-10,15,HH116,DEV0170,25.5,100.0,25.11,168.1,1.01,False
T009226,2025-08-10,19,HH117,DEV0171,5.3,89.6,3.03,22.7,0.47,False
T009227,2025-08-10,19,HH118,DEV0173,12.3,88.3,3.49,20.9,0.18,False
T009228,2025-08-10,19,HH119,DEV0174,38.2,100.0,18.48,82.1,0.19,False
T009229,2025-08-10,16,HH121,DEV0178,20.7,93.3,32.23,147.0,0.52,False
T009230,2025-08-10,19,HH124,DEV0181,12.8,51.9,17.38,74.9,0.88,True
T009231,2025-08-10,14,HH126,DEV0184,25.7,70.5,3.4,25.2,0.23,True
T009232,2025-08-10,19,HH130,DEV0189,22.3,99.6,5.49,29.8,0.13,False
T009233,2025-08-10,13,HH131,DEV0190,38.1,100.0,2.91,21.3,0.55,False
T009234,2025-08-10,19,HH134,DEV0196,29.5,100.0,5.22,31.2,0.27,False
T009235,2025-08-11,16,HH001,DEV0001,24.5,100.0,25.97,163.3,0.3,False
T009236,2025-08-11,16,HH003,DEV0004,31.3,100.0,27.34,164.3,0.44,False
T009237,2025-08-11,16,HH006,DEV0007,38.8,100.0,12.61,93.5,0.83,False
T009238,2025-08-11,19,HH007,DEV0008,13.9,98.4,3.21,16.5,0.25,False
T009239,2025-08-11,17,HH008,DEV0010,37.9,69.0,15.85,90.7,0.81,True
T009240,2025-08-11,18,HH014,DEV0019,5.2,85.8,3.63,23.5,0.36,False
T009241,2025-08-11,14,HH016,DEV0021,26.9,100.0,33.26,164.0,0.31,False
T009242,2025-08-11,16,HH019,DEV0026,24.0,100.0,25.54,163.8,0.3,False
T009243,2025-08-11,13,HH020,DEV0027,5.2,80.9,2.65,17.9,0.16,False
T009244,2025-08-11,15,HH021,DEV0029,12.5,84.6,2.88,14.0,0.31,False
T009245,2025-08-11,18,HH022,DEV0031,14.1,90.0,15.41,73.3,0.62,False
T009246,2025-08-11,18,HH024,DEV0034,16.7,99.3,48.3,255.5,0.66,False
T009247,2025-08-11,18,HH026,DEV0038,18.9,99.0,40.07,188.6,0.31,False
T009248,2025-08-11,15,HH029,DEV0042,8.2,95.4,45.42,238.7,0.42,False
T009249,2025-08-11,16,HH034,DEV0049,35.7,100.0,4.82,24.9,0.26,False
T009250,2025-08-11,12,HH036,DEV0051,26.8,100.0,4.39,20.6,0.57,False
T009251,2025-08-11,18,HH039,DEV0058,13.1,94.9,3.93,19.2,0.89,False
T009252,2025-08-11,19,HH040,DEV0059,36.4,100.0,1.97,14.1,0.5,False
T009253,2025-08-11,17,HH043,DEV0065,21.0,100.0,3.32,14.7,0.46,False
T009254,2025-08-11,17,HH049,DEV0073,14.2,94.5,3.37,15.4,0.07,False
T009255,2025-08-11,12,HH051,DEV0075,7.7,79.5,3.52,18.4,0.54,False
T009256,2025-08-11,19,HH052,DEV0077,21.6,90.1,3.5,19.3,0.46,False
T009257,2025-08-11,13,HH053,DEV0078,25.2,100.0,14.96,65.1,0.25,False
T009258,2025-08-11,15,HH055,DEV0081,38.3,100.0,2.59,11.8,0.47,False
T009259,2025-08-11,19,HH057,DEV0084,25.2,100.0,2.39,12.5,0.81,False
T009260,2025-08-11,13,HH061,DEV0091,26.8,100.0,4.39,25.7,0.53,False
T009261,2025-08-11,17,HH062,DEV0092,36.9,100.0,20.63,95.8,0.37,False
T009262,2025-08-11,18,HH072,DEV0104,9.9,90.9,23.72,127.1,0.07,False
T009263,2025-08-11,17,HH074,DEV0108,29.2,100.0,3.96,26.0,0.28,False
T009264,2025-08-11,15,HH076,DEV0110,21.1,100.0,28.25,140.4,0.51,False
T009265,2025-08-11,17,HH078,DEV0113,32.9,100.0,3.56,18.1,0.46,False
T009266,2025-08-11,15,HH086,DEV0125,7.9,92.8,2.97,14.2,0.23,False
T009267,2025-08-11,14,HH088,DEV0129,39.9,100.0,27.71,126.8,0.2,False
T009268,2025-08-11,18,HH091,DEV0133,9.8,89.5,3.59,16.7,0.42,False
T009269,2025-08-11,17,HH092,DEV0134,22.7,100.0,34.55,150.7,0.25,False
T009270,2025-08-11,19,HH094,DEV0136,30.2,100.0,34.48,188.6,0.24,False
T009271,2025-08-11,13,HH096,DEV0140,15.6,99.4,6.03,29.5,0.17,False
T009272,2025-08-11,19,HH097,DEV0141,13.1,91.1,4.06,22.7,0.43,False
T009273,2025-08-11,15,HH100,DEV0146,36.9,100.0,3.6,21.9,0.19,False
T009274,2025-08-11,14,HH101,DEV0147,6.9,93.3,3.11,17.4,0.05,False
T009275,2025-08-11,16,HH102,DEV0148,39.3,100.0,16.09,96.7,0.52,False
T009276,2025-08-11,18,HH110,DEV0158,17.7,91.7,2.44,12.2,0.34,False
T009277,2025-08-11,15,HH115,DEV0169,33.3,100.0,26.95,143.2,0.65,False
T009278,2025-08-11,17,HH123,DEV0180,18.0,97.1,16.53,74.9,0.36,False
T009279,2025-08-11,15,HH128,DEV0187,17.4,93.9,3.22,13.8,0.16,False
T009280,2025-08-11,17,HH139,DEV0204,27.4,100.0,26.64,156.2,0.35,False
T009281,2025-08-11,15,HH140,DEV0206,23.6,96.7,18.85,137.4,0.35,False
T009282,2025-08-12,17,HH001,DEV0001,30.7,100.0,23.84,129.6,0.23,False
T009283,2025-08-12,17,HH005,DEV0006,24.3,100.0,2.95,16.2,0.45,False
T009284,2025-08-12,19,HH006,DEV0007,32.3,100.0,13.95,96.0,0.72,False
T009285,2025-08-12,16,HH012,DEV0016,26.1,68.3,1.44,9.2,0.07,True
T009286,2025-08-12,17,HH014,DEV0019,33.6,100.0,2.99,16.9,0.46,False
T009287,2025-08-12,19,HH025,DEV0036,10.8,88.5,4.51,20.7,0.49,False
T009288,2025-08-12,15,HH029,DEV0043,24.3,100.0,40.05,268.6,0.56,False
T009289,2025-08-12,19,HH034,DEV0049,10.5,86.3,5.69,32.7,0.27,False
T009290,2025-08-12,19,HH035,DEV0050,32.7,100.0,22.81,105.1,0.26,False
T009291,2025-08-12,15,HH036,DEV0052,14.9,100.0,6.3,36.8,0.55,False
T009292,2025-08-12,19,HH038,DEV0055,10.9,89.0,2.89,19.6,0.68,False
T009293,2025-08-12,16,HH040,DEV0059,37.7,100.0,1.93,9.9,0.68,False
T009294,2025-08-12,17,HH043,DEV0065,28.1,100.0,3.02,21.0,0.36,False
T009295,2025-08-12,18,HH045,DEV0067,20.6,93.1,37.27,208.8,0.9,False
T009296,2025-08-12,19,HH047,DEV0069,39.7,83.9,22.77,105.3,0.15,True
T009297,2025-08-12,17,HH048,DEV0072,7.0,92.4,6.66,49.7,0.05,False
T009298,2025-08-12,19,HH049,DEV0073,11.9,88.0,3.2,18.5,0.07,False
T009299,2025-08-12,15,HH051,DEV0075,36.1,100.0,3.13,13.7,0.33,False
T009300,2025-08-12,17,HH055,DEV0081,8.6,92.2,3.51,25.1,0.36,False
T009301,2025-08-12,12,HH061,DEV0090,11.0,94.7,6.36,33.0,0.69,False
T009302,2025-08-12,14,HH062,DEV0092,6.6,91.7,27.83,165.4,0.3,False
T009303,2025-08-12,14,HH063,DEV0094,6.1,94.5,3.01,17.6,0.56,False
T009304,2025-08-12,18,HH065,DEV0096,35.9,100.0,31.73,200.8,0.66,False
T009305,2025-08-12,16,HH067,DEV0099,24.3,94.3,5.6,34.3,0.62,False
T009306,2025-08-12,18,HH069,DEV0101,14.8,95.1,44.31,200.4,0.25,False
T009307,2025-08-12,14,HH073,DEV0106,39.8,100.0,3.85,24.2,0.23,False
T009308,2025-08-12,17,HH083,DEV0122,30.2,100.0,27.01,160.2,0.35,False
T009309,2025-08-12,11,HH090,DEV0131,13.6,100.0,48.47,239.3,0.65,False
T009310,2025-08-12,19,HH091,DEV0133,16.7,95.1,3.53,20.6,0.37,False
T009311,2025-08-12,12,HH092,DEV0134,20.6,100.0,35.49,186.1,0.34,False
T009312,2025-08-12,19,HH093,DEV0135,16.4,100.0,3.59,25.9,0.39,False
T009313,2025-08-12,9,HH094,DEV0137,17.8,95.3,3.8,18.8,0.21,False
T009314,2025-08-12,16,HH096,DEV0140,31.6,100.0,4.92,22.0,0.16,False
T009315,2025-08-12,16,HH097,DEV0141,24.8,100.0,3.91,17.1,0.28,False
T009316,2025-08-12,16,HH100,DEV0146,28.7,100.0,4.06,28.3,0.17,False
T009317,2025-08-12,16,HH104,DEV0150,26.9,100.0,24.05,164.2,0.15,False
T009318,2025-08-12,14,HH107,DEV0154,22.2,100.0,2.57,13.0,0.33,False
T009319,2025-08-12,17,HH126,DEV0184,39.4,93.9,4.14,25.5,0.18,True
T009320,2025-08-12,17,HH131,DEV0190,23.3,100.0,3.6,20.3,0.42,False
T009321,2025-08-12,18,HH137,DEV0202,22.1,55.2,1.69,9.8,0.56,True
T009322,2025-08-12,17,HH139,DEV0205,18.9,94.4,5.06,26.3,0.22,False
T009323,2025-08-13,17,HH006,DEV0007,23.5,100.0,15.76,75.7,0.46,False
T009324,2025-08-13,16,HH008,DEV0010,35.0,71.5,18.58,80.7,0.62,True
T009325,2025-08-13,18,HH012,DEV0016,13.4,61.2,1.62,8.5,0.07,True
T009326,2025-08-13,13,HH015,DEV0020,6.5,83.7,2.62,19.5,0.36,False
T009327,2025-08-13,18,HH017,DEV0022,22.5,100.0,17.28,101.3,0.69,False
T009328,2025-08-13,19,HH018,DEV0025,32.6,100.0,27.09,178.4,0.4,False
T009329,2025-08-13,18,HH020,DEV0027,14.1,93.9,2.79,14.3,0.18,False
T009330,2025-08-13,19,HH022,DEV0031,17.8,88.9,14.44,89.6,0.41,False
T009331,2025-08-13,16,HH024,DEV0034,29.7,100.0,41.13,297.0,0.71,False
T009332,2025-08-13,19,HH026,DEV0038,39.2,100.0,30.4,180.3,0.28,False
T009333,2025-08-13,16,HH027,DEV0039,25.8,100.0,2.37,12.8,0.25,False
T009334,2025-08-13,15,HH029,DEV0041,14.4,88.2,5.17,24.8,0.33,False
T009335,2025-08-13,19,HH031,DEV0046,27.7,100.0,37.6,213.6,0.45,False
T009336,2025-08-13,14,HH034,DEV0049,12.6,89.7,5.78,31.7,0.26,False
T009337,2025-08-13,16,HH035,DEV0050,29.3,100.0,23.97,122.4,0.4,False
T009338,2025-08-13,17,HH038,DEV0054,23.1,100.0,24.53,115.4,0.71,False
T009339,2025-08-13,17,HH043,DEV0064,32.2,100.0,31.26,209.7,0.58,False
T009340,2025-08-13,19,HH045,DEV0067,12.7,88.0,38.68,243.5,0.78,False
T009341,2025-08-13,18,HH049,DEV0073,11.1,87.2,3.2,15.1,0.06,False
T009342,2025-08-13,16,HH056,DEV0083,38.2,88.5,11.01,69.5,0.42,True
T009343,2025-08-13,15,HH060,DEV0089,6.1,92.3,22.85,146.7,0.78,False
T009344,2025-08-13,18,HH061,DEV0091,24.8,100.0,4.51,32.9,0.35,False
T009345,2025-08-13,18,HH066,DEV0098,26.3,73.7,3.08,15.7,0.31,True
T009346,2025-08-13,17,HH068,DEV0100,29.9,100.0,30.42,182.0,0.46,False
T009347,2025-08-13,15,HH070,DEV0102,17.5,52.9,1.17,6.6,0.27,True
T009348,2025-08-13,19,HH072,DEV0104,39.5,100.0,17.73,92.3,0.04,False
T009349,2025-08-13,17,HH074,DEV0108,32.9,100.0,3.76,19.8,0.37,False
T009350,2025-08-13,15,HH086,DEV0126,15.0,96.8,25.44,156.0,0.24,False
T009351,2025-08-13,15,HH087,DEV0128,7.2,88.2,2.59,11.9,0.28,False
T009352,2025-08-13,17,HH088,DEV0129,33.5,100.0,30.66,223.0,0.18,False
T009353,2025-08-13,15,HH093,DEV0135,22.1,97.7,3.25,19.3,0.42,False
T009354,2025-08-13,19,HH094,DEV0137,14.3,86.8,3.55,20.2,0.18,False
T009355,2025-08-13,15,HH095,DEV0138,24.3,95.4,20.12,117.1,0.57,False
T009356,2025-08-13,19,HH096,DEV0140,8.6,96.0,6.3,36.0,0.15,False
T009357,2025-08-13,15,HH097,DEV0141,37.7,100.0,3.24,18.4,0.4,False
T009358,2025-08-13,17,HH098,DEV0143,12.3,93.6,4.64,32.6,0.52,False
T009359,2025-08-13,18,HH101,DEV0147,20.6,100.0,2.86,16.6,0.07,False
T009360,2025-08-13,13,HH106,DEV0152,17.0,94.4,40.78,177.6,0.19,False
T009361,2025-08-13,19,HH109,DEV0157,8.4,93.1,5.25,23.7,0.4,False
T009362,2025-08-13,18,HH110,DEV0160,9.4,82.2,25.98,189.2,0.29,False
T009363,2025-08-13,19,HH114,DEV0166,9.7,47.6,2.39,10.6,0.34,True
T009364,2025-08-13,19,HH115,DEV0169,24.2,100.0,30.62,152.7,0.37,False
T009365,2025-08-13,13,HH118,DEV0173,18.5,92.7,3.41,24.7,0.26,False
T009366,2025-08-13,18,HH120,DEV0176,39.9,100.0,3.85,16.6,0.51,False
T009367,2025-08-13,12,HH124,DEV0181,23.4,65.0,18.45,90.0,0.49,True
T009368,2025-08-13,16,HH127,DEV0186,12.6,86.1,37.13,198.4,0.26,False
T009369,2025-08-13,15,HH128,DEV0187,14.0,99.7,3.6,15.5,0.16,False
T009370,2025-08-13,14,HH129,DEV0188,13.0,90.4,4.57,25.4,0.6,False
T009371,2025-08-13,15,HH132,DEV0191,30.5,100.0,17.72,104.8,0.23,False
T009372,2025-08-13,15,HH134,DEV0197,39.5,100.0,14.82,93.0,0.17,False
T009373,2025-08-13,15,HH135,DEV0198,35.9,100.0,3.72,22.1,0.14,False
T009374,2025-08-13,15,HH140,DEV0206,15.4,100.0,21.83,140.3,0.43,False
T009375,2025-08-14,17,HH001,DEV0001,6.3,79.4,25.13,153.9,0.21,False
T009376,2025-08-14,17,HH003,DEV0004,18.6,98.6,31.85,189.8,0.46,False
T009377,2025-08-14,16,HH004,DEV0005,11.7,99.0,6.29,40.8,0.18,False
T009378,2025-08-14,14,HH005,DEV0006,5.9,78.6,2.84,16.1,0.43,False
T009379,2025-08-14,16,HH006,DEV0007,16.0,97.3,16.75,89.9,0.68,False
T009380,2025-08-14,14,HH010,DEV0014,34.2,100.0,39.22,243.4,0.42,False
T009381,2025-08-14,16,HH011,DEV0015,11.4,83.6,43.05,192.2,0.52,False
T009382,2025-08-14,13,HH013,DEV0018,26.0,100.0,5.55,24.5,0.87,False
T009383,2025-08-14,12,HH014,DEV0019,19.8,92.1,3.25,20.4,0.32,False
T009384,2025-08-14,16,HH021,DEV0029,25.8,100.0,2.97,21.4,0.39,False
T009385,2025-08-14,14,HH022,DEV0031,15.5,96.1,16.36,95.5,0.6,False
T009386,2025-08-14,12,HH029,DEV0041,31.6,100.0,4.79,28.8,0.49,False
T009387,2025-08-14,16,HH037,DEV0053,27.6,100.0,3.4,22.4,0.61,False
T009388,2025-08-14,16,HH044,DEV0066,29.6,100.0,22.04,126.4,0.48,False
T009389,2025-08-14,15,HH046,DEV0068,21.0,100.0,37.13,244.4,0.13,False
T009390,2025-08-14,17,HH047,DEV0069,10.2,52.8,21.92,95.4,0.14,True
T009391,2025-08-14,14,HH055,DEV0080,12.0,90.7,23.92,119.9,0.3,False
T009392,2025-08-14,17,HH057,DEV0084,38.5,100.0,1.97,13.6,0.73,False
T009393,2025-08-14,15,HH058,DEV0086,9.9,81.2,2.57,18.3,0.5,False
T009394,2025-08-14,11,HH061,DEV0090,25.9,100.0,5.63,31.5,0.67,False
T009395,2025-08-14,15,HH065,DEV0096,21.4,100.0,38.91,256.7,0.85,False
T009396,2025-08-14,18,HH068,DEV0100,23.2,100.0,33.33,212.9,0.86,False
T009397,2025-08-14,15,HH070,DEV0102,10.9,47.5,1.21,6.1,0.15,True
T009398,2025-08-14,14,HH072,DEV0104,24.7,100.0,22.06,144.2,0.08,False
T009399,2025-08-14,14,HH075,DEV0109,23.0,100.0,31.42,208.5,0.35,False
T009400,2025-08-14,13,HH085,DEV0124,26.1,100.0,24.83,117.1,0.07,False
T009401,2025-08-14,19,HH086,DEV0126,13.8,83.8,21.78,154.2,0.32,False
T009402,2025-08-14,16,HH094,DEV0137,18.3,100.0,4.0,24.2,0.22,False
T009403,2025-08-14,18,HH095,DEV0138,6.1,94.9,25.12,137.3,0.68,False
T009404,2025-08-14,15,HH096,DEV0140,27.1,100.0,5.25,24.8,0.1,False
T009405,2025-08-14,18,HH098,DEV0143,25.3,100.0,4.26,22.5,0.67,False
T009406,2025-08-14,14,HH100,DEV0145,37.8,100.0,25.32,128.5,0.2,False
T009407,2025-08-14,12,HH109,DEV0157,21.1,93.4,4.48,29.6,0.64,False
T009408,2025-08-14,12,HH110,DEV0159,24.1,100.0,2.73,11.9,0.39,False
T009409,2025-08-14,17,HH115,DEV0169,9.3,81.3,29.07,157.1,0.41,False
T009410,2025-08-14,19,HH116,DEV0170,21.6,98.9,26.06,126.4,1.02,False
T009411,2025-08-14,19,HH127,DEV0185,13.1,93.7,47.63,268.9,0.18,False
T009412,2025-08-14,15,HH131,DEV0190,28.8,100.0,3.35,14.6,0.36,False
T009413,2025-08-14,16,HH132,DEV0192,34.2,100.0,3.29,17.4,0.45,False
T009414,2025-08-14,19,HH137,DEV0201,28.5,100.0,42.26,292.0,0.74,False
T009415,2025-08-14,17,HH138,DEV0203,32.5,100.0,23.02,111.9,0.23,False
T009416,2025-08-14,16,HH140,DEV0206,22.6,100.0,19.97,142.7,0.47,False
T009417,2025-08-15,19,HH001,DEV0001,23.2,100.0,26.42,116.3,0.25,False
T009418,2025-08-15,18,HH004,DEV0005,29.4,100.0,5.08,23.6,0.18,False
T009419,2025-08-15,19,HH006,DEV0007,14.5,94.3,16.44,78.3,0.67,False
T009420,2025-08-15,13,HH007,DEV0008,23.0,100.0,2.93,15.4,0.27,False
T009421,2025-08-15,15,HH012,DEV0016,18.0,57.1,1.33,6.5,0.1,True
T009422,2025-08-15,16,HH014,DEV0019,26.4,100.0,3.31,20.1,0.38,False
T009423,2025-08-15,15,HH022,DEV0031,30.5,100.0,14.11,62.4,0.35,False
T009424,2025-08-15,19,HH034,DEV0049,36.7,100.0,4.75,23.3,0.24,False
T009425,2025-08-15,19,HH036,DEV0051,39.6,100.0,3.62,25.5,0.4,False
T009426,2025-08-15,14,HH045,DEV0067,28.1,100.0,36.96,222.1,0.74,False
T009427,2025-08-15,13,HH049,DEV0073,18.9,95.4,3.21,14.1,0.06,False
T009428,2025-08-15,15,HH051,DEV0075,19.0,100.0,3.97,28.8,0.52,False
T009429,2025-08-15,19,HH052,DEV0076,33.5,100.0,2.99,15.4,0.26,False
T009430,2025-08-15,18,HH053,DEV0078,26.7,100.0,14.66,104.4,0.14,False
T009431,2025-08-15,17,HH054,DEV0079,39.2,100.0,2.86,17.8,0.44,False
T009432,2025-08-15,19,HH056,DEV0082,33.5,100.0,3.13,21.8,0.71,False
T009433,2025-08-15,17,HH057,DEV0085,36.2,100.0,4.85,23.2,0.64,False
T009434,2025-08-15,13,HH060,DEV0089,33.8,100.0,17.54,112.8,0.67,False
T009435,2025-08-15,16,HH061,DEV0091,15.1,100.0,5.09,36.5,0.46,False
T009436,2025-08-15,14,HH062,DEV0092,31.8,100.0,22.3,105.7,0.35,False
T009437,2025-08-15,17,HH063,DEV0094,30.5,100.0,2.36,17.7,0.44,False
T009438,2025-08-15,13,HH067,DEV0099,21.5,100.0,6.28,41.8,0.64,False
T009439,2025-08-15,18,HH069,DEV0101,8.1,91.3,45.91,317.4,0.26,False
T009440,2025-08-15,16,HH070,DEV0102,32.0,78.9,1.55,7.7,0.29,True
T009441,2025-08-15,18,HH073,DEV0105,22.5,100.0,4.73,24.0,0.23,False
T009442,2025-08-15,17,HH075,DEV0109,14.0,91.5,31.61,145.5,0.47,False
T009443,2025-08-15,19,HH076,DEV0110,10.1,94.0,30.04,132.8,0.52,False
T009444,2025-08-15,14,HH079,DEV0115,34.4,100.0,32.28,171.0,0.12,False
T009445,2025-08-15,15,HH080,DEV0116,18.9,99.1,6.01,31.1,0.67,False
T009446,2025-08-15,17,HH082,DEV0121,16.6,99.6,35.86,235.7,0.54,False
T009447,2025-08-15,18,HH083,DEV0122,14.5,83.5,26.69,125.1,0.47,False
T009448,2025-08-15,17,HH084,DEV0123,5.9,85.7,3.99,19.9,0.77,False
T009449,2025-08-15,15,HH086,DEV0125,34.8,100.0,2.28,11.3,0.27,False
T009450,2025-08-15,19,HH087,DEV0128,21.1,93.1,2.3,14.1,0.28,False
T009451,2025-08-15,19,HH088,DEV0129,22.5,99.3,35.43,192.1,0.21,False
T009452,2025-08-15,18,HH089,DEV0130,11.9,94.4,3.71,17.2,0.14,False
T009453,2025-08-15,11,HH091,DEV0133,23.0,100.0,3.46,15.1,0.47,False
T009454,2025-08-15,16,HH092,DEV0134,25.3,99.5,33.16,166.8,0.44,False
T009455,2025-08-15,17,HH095,DEV0138,32.2,100.0,19.19,117.5,0.74,False
T009456,2025-08-15,17,HH100,DEV0146,30.9,100.0,3.94,24.8,0.15,False
T009457,2025-08-15,19,HH101,DEV0147,12.5,97.1,3.04,17.1,0.05,False
T009458,2025-08-15,14,HH102,DEV0148,17.9,100.0,21.76,93.6,0.65,False
T009459,2025-08-15,14,HH103,DEV0149,34.3,85.7,2.21,11.3,0.84,True
T009460,2025-08-15,19,HH104,DEV0150,24.4,100.0,24.87,111.2,0.23,False
T009461,2025-08-15,16,HH105,DEV0151,34.4,100.0,3.28,24.2,0.15,False
T009462,2025-08-15,12,HH107,DEV0153,24.9,100.0,2.85,16.2,0.35,False
T009463,2025-08-15,16,HH108,DEV0155,31.6,100.0,30.71,182.9,0.52,False
T009464,2025-08-15,19,HH110,DEV0159,33.8,100.0,2.38,10.6,0.35,False
T009465,2025-08-15,16,HH112,DEV0163,21.2,92.8,24.12,125.4,0.29,False
T009466,2025-08-15,15,HH113,DEV0165,27.7,100.0,5.42,24.1,0.33,False
T009467,2025-08-15,19,HH115,DEV0169,16.7,99.9,33.6,210.0,0.75,False
T009468,2025-08-15,13,HH116,DEV0170,23.1,100.0,25.92,133.6,1.03,False
T009469,2025-08-15,18,HH118,DEV0173,18.6,100.0,3.74,23.6,0.28,False
T009470,2025-08-15,16,HH123,DEV0180,34.7,100.0,13.65,95.6,0.24,False
T009471,2025-08-15,15,HH124,DEV0181,20.3,57.7,16.59,87.6,0.8,True
T009472,2025-08-15,16,HH126,DEV0184,22.5,73.5,3.88,23.7,0.17,True
T009473,2025-08-15,14,HH129,DEV0188,26.7,100.0,4.32,22.3,0.78,False
T009474,2025-08-15,12,HH131,DEV0190,33.7,100.0,3.12,16.5,0.31,False
T009475,2025-08-15,15,HH134,DEV0197,27.4,100.0,17.79,93.1,0.19,False
T009476,2025-08-15,10,HH138,DEV0203,5.1,85.9,27.55,123.4,0.19,False
T009477,2025-08-15,15,HH140,DEV0206,6.1,88.4,21.24,121.4,0.45,False
T009478,2025-08-16,17,HH002,DEV0002,39.9,100.0,34.14,162.4,0.48,False
T009479,2025-08-16,16,HH003,DEV0004,8.7,92.5,33.34,220.2,0.67,False
T009480,2025-08-16,13,HH008,DEV0011,11.1,99.0,5.63,35.0,0.78,False
T009481,2025-08-16,17,HH020,DEV0027,9.5,89.4,2.8,17.6,0.15,False
T009482,2025-08-16,18,HH021,DEV0028,24.6,100.0,20.43,99.7,0.3,False
T009483,2025-08-16,13,HH022,DEV0031,7.5,93.6,17.48,84.4,0.6,False
T009484,2025-08-16,17,HH024,DEV0035,28.0,100.0,39.38,175.1,0.75,False
T009485,2025-08-16,19,HH026,DEV0038,39.2,100.0,30.4,136.2,0.28,False
T009486,2025-08-16,15,HH030,DEV0044,19.9,92.8,2.55,14.6,0.11,False
T009487,2025-08-16,17,HH031,DEV0046,31.0,100.0,35.88,184.8,0.32,False
T009488,2025-08-16,17,HH036,DEV0052,5.3,77.3,5.33,26.3,0.65,False
T009489,2025-08-16,14,HH037,DEV0053,15.6,90.8,3.53,24.6,0.5,False
T009490,2025-08-16,16,HH040,DEV0059,28.6,100.0,2.21,11.3,0.4,False
T009491,2025-08-16,17,HH041,DEV0060,34.2,100.0,3.36,15.7,0.13,False
T009492,2025-08-16,19,HH042,DEV0063,20.1,100.0,5.99,28.2,0.28,False
T009493,2025-08-16,19,HH046,DEV0068,36.0,100.0,30.08,168.4,0.07,False
T009494,2025-08-16,17,HH048,DEV0072,25.9,100.0,5.78,31.9,0.05,False
T009495,2025-08-16,12,HH053,DEV0078,29.2,100.0,14.16,74.9,0.15,False
T009496,2025-08-16,16,HH055,DEV0080,9.8,98.5,26.97,148.0,0.39,False
T009497,2025-08-16,17,HH056,DEV0082,8.5,92.7,3.96,23.0,0.44,False
T009498,2025-08-16,16,HH058,DEV0086,17.0,100.0,2.99,20.6,0.31,False
T009499,2025-08-16,19,HH060,DEV0088,23.0,100.0,5.62,35.2,0.81,False
T009500,2025-08-16,15,HH068,DEV0100,17.2,100.0,35.94,181.8,0.92,False
T009501,2025-08-16,19,HH069,DEV0101,31.9,100.0,37.59,256.3,0.2,False
T009502,2025-08-16,14,HH071,DEV0103,18.3,91.8,4.63,34.6,0.43,False
T009503,2025-08-16,19,HH073,DEV0106,27.2,100.0,4.66,28.9,0.16,False
T009504,2025-08-16,16,HH074,DEV0107,19.6,100.0,40.44,259.4,0.34,False
T009505,2025-08-16,19,HH080,DEV0116,28.1,100.0,5.39,27.1,0.71,False
T009506,2025-08-16,19,HH081,DEV0118,12.8,90.5,16.25,73.6,0.78,False
T009507,2025-08-16,17,HH084,DEV0123,5.2,82.6,3.87,19.5,0.46,False
T009508,2025-08-16,16,HH086,DEV0125,16.0,94.5,2.75,12.3,0.38,False
T009509,2025-08-16,18,HH087,DEV0128,18.2,97.1,2.52,15.9,0.38,False
T009510,2025-08-16,16,HH092,DEV0134,25.8,100.0,33.17,204.0,0.32,False
T009511,2025-08-16,18,HH101,DEV0147,15.9,100.0,3.03,13.5,0.07,False
T009512,2025-08-16,16,HH103,DEV0149,5.1,56.3,2.2,14.1,0.63,True
T009513,2025-08-16,16,HH104,DEV0150,24.0,100.0,25.0,128.2,0.26,False
T009514,2025-08-16,15,HH110,DEV0159,39.3,100.0,2.19,14.2,0.27,False
T009515,2025-08-16,16,HH111,DEV0161,35.6,100.0,4.25,19.3,0.54,False
T009516,2025-08-16,15,HH113,DEV0164,6.7,54.8,10.4,55.1,0.27,True
T009517,2025-08-16,17,HH116,DEV0170,10.6,81.0,23.72,172.7,0.75,False
T009518,2025-08-16,17,HH118,DEV0173,26.4,100.0,3.39,22.6,0.3,False
T009519,2025-08-16,13,HH120,DEV0176,29.6,100.0,4.51,28.3,0.46,False
T009520,2025-08-16,19,HH123,DEV0180,7.8,77.4,14.55,64.8,0.3,False
T009521,2025-08-16,14,HH127,DEV0186,36.3,100.0,32.17,164.6,0.27,False
T009522,2025-08-16,19,HH128,DEV0187,5.0,83.2,3.28,19.4,0.1,False
T009523,2025-08-16,17,HH129,DEV0188,11.1,89.1,4.6,30.0,0.54,False
T009524,2025-08-16,19,HH131,DEV0190,33.9,100.0,3.11,14.8,0.46,False
T009525,2025-08-16,17,HH134,DEV0196,18.0,100.0,6.07,34.1,0.18,False
T009526,2025-08-16,17,HH135,DEV0198,6.1,93.8,5.09,27.8,0.14,False
T009527,2025-08-16,17,HH137,DEV0200,6.2,77.3,2.49,16.1,0.86,False
T009528,2025-08-16,13,HH140,DEV0206,20.5,96.2,19.53,142.1,0.6,False
T009529,2025-08-17,16,HH007,DEV0009,21.5,95.7,18.4,136.4,0.2,False
T009530,2025-08-17,15,HH008,DEV0011,34.4,100.0,4.2,18.0,0.47,False
T009531,2025-08-17,18,HH009,DEV0013,30.9,100.0,3.87,18.4,0.2,False
T009532,2025-08-17,16,HH013,DEV0018,19.5,100.0,6.04,26.9,0.82,False
T009533,2025-08-17,13,HH016,DEV0021,23.2,100.0,34.94,261.0,0.24,False
T009534,2025-08-17,19,HH018,DEV0024,36.9,100.0,4.29,25.1,0.59,False
T009535,2025-08-17,19,HH021,DEV0029,21.5,100.0,3.14,15.9,0.4,False
T009536,2025-08-17,12,HH024,DEV0034,23.7,100.0,44.64,317.8,0.49,False
T009537,2025-08-17,15,HH025,DEV0036,9.3,95.0,4.97,24.4,0.55,False
T009538,2025-08-17,18,HH028,DEV0040,16.1,91.7,29.18,190.3,0.46,False
T009539,2025-08-17,19,HH030,DEV0044,28.0,100.0,2.52,14.5,0.06,False
T009540,2025-08-17,18,HH033,DEV0048,27.7,100.0,4.63,19.9,0.24,False
T009541,2025-08-17,19,HH035,DEV0050,10.8,93.2,27.93,142.5,0.44,False
T009542,2025-08-17,16,HH036,DEV0051,7.5,92.9,5.13,30.9,0.65,False
T009543,2025-08-17,15,HH037,DEV0053,30.0,100.0,3.29,15.0,0.75,False
T009544,2025-08-17,18,HH040,DEV0059,27.2,100.0,2.26,9.7,0.67,False
T009545,2025-08-17,17,HH046,DEV0068,20.2,95.3,35.31,234.7,0.11,False
T009546,2025-08-17,19,HH050,DEV0074,28.4,100.0,3.29,14.4,0.42,False
T009547,2025-08-17,16,HH052,DEV0077,12.0,100.0,4.49,27.3,0.23,False
T009548,2025-08-17,14,HH056,DEV0083,30.6,87.4,12.44,55.2,0.61,True
T009549,2025-08-17,15,HH057,DEV0084,26.2,100.0,2.36,16.4,0.51,False
T009550,2025-08-17,16,HH058,DEV0086,13.6,91.4,2.8,20.3,0.32,False
T009551,2025-08-17,14,HH060,DEV0088,19.0,100.0,5.91,38.5,0.45,False
T009552,2025-08-17,16,HH061,DEV0091,23.8,100.0,4.57,23.0,0.45,False
T009553,2025-08-17,18,HH064,DEV0095,19.3,97.6,2.43,11.0,0.47,False
T009554,2025-08-17,17,HH066,DEV0098,31.8,72.0,2.62,18.8,0.25,True
T009555,2025-08-17,16,HH067,DEV0099,16.0,100.0,6.72,37.0,0.69,False
T009556,2025-08-17,19,HH074,DEV0108,16.2,89.4,4.1,20.7,0.29,False
T009557,2025-08-17,15,HH076,DEV0110,23.7,100.0,27.32,151.2,0.44,False
T009558,2025-08-17,12,HH092,DEV0134,39.0,100.0,27.27,124.9,0.26,False
T009559,2025-08-17,19,HH094,DEV0137,31.2,100.0,3.37,19.3,0.21,False
T009560,2025-08-17,12,HH095,DEV0139,14.1,96.1,20.35,110.9,0.75,False
T009561,2025-08-17,19,HH096,DEV0140,16.6,100.0,6.0,28.9,0.11,False
T009562,2025-08-17,15,HH097,DEV0141,37.1,100.0,3.27,15.6,0.38,False
T009563,2025-08-17,17,HH099,DEV0144,31.7,100.0,5.26,35.5,0.28,False
T009564,2025-08-17,15,HH103,DEV0149,6.9,41.7,1.49,11.0,0.52,True
T009565,2025-08-17,17,HH104,DEV0150,5.2,90.2,27.97,202.3,0.29,False
T009566,2025-08-17,19,HH107,DEV0154,31.4,100.0,2.26,13.9,0.36,False
T009567,2025-08-17,17,HH109,DEV0156,33.7,100.0,5.04,32.6,0.51,False
T009568,2025-08-17,16,HH112,DEV0163,23.6,100.0,25.75,144.1,0.36,False
T009569,2025-08-17,17,HH115,DEV0169,14.8,99.9,34.37,148.7,0.48,False
T009570,2025-08-17,15,HH117,DEV0171,26.5,100.0,2.65,11.9,0.43,False
T009571,2025-08-17,17,HH123,DEV0180,14.3,98.7,17.64,109.7,0.36,False
T009572,2025-08-17,19,HH132,DEV0191,35.6,100.0,16.42,71.5,0.4,False
T009573,2025-08-17,18,HH135,DEV0198,36.5,100.0,3.68,16.3,0.13,False
T009574,2025-08-17,19,HH139,DEV0205,20.1,100.0,5.35,24.5,0.32,False
T009575,2025-08-18,17,HH002,DEV0002,37.9,100.0,35.27,181.7,0.59,False
T009576,2025-08-18,18,HH004,DEV0005,30.3,100.0,5.02,24.1,0.14,False
T009577,2025-08-18,15,HH006,DEV0007,33.8,100.0,13.64,85.6,0.69,False
T009578,2025-08-18,14,HH007,DEV0009,22.2,100.0,19.29,107.9,0.38,False
T009579,2025-08-18,19,HH012,DEV0016,10.4,65.6,1.88,11.4,0.13,True
T009580,2025-08-18,14,HH017,DEV0022,33.8,100.0,14.76,106.1,0.71,False
T009581,2025-08-18,19,HH018,DEV0025,13.1,92.3,31.85,213.8,0.58,False
T009582,2025-08-18,14,HH021,DEV0029,39.9,100.0,2.4,15.8,0.33,False
T009583,2025-08-18,18,HH022,DEV0030,17.6,99.5,3.68,20.7,0.5,False
T009584,2025-08-18,15,HH025,DEV0036,25.4,100.0,4.33,29.5,0.39,False
T009585,2025-08-18,19,HH028,DEV0040,10.6,83.7,28.23,150.5,0.3,False
T009586,2025-08-18,17,HH029,DEV0041,36.5,100.0,4.44,32.3,0.35,False
T009587,2025-08-18,16,HH032,DEV0047,19.6,95.3,4.62,28.0,0.58,False
T009588,2025-08-18,15,HH033,DEV0048,23.0,98.4,4.83,28.3,0.27,False
T009589,2025-08-18,13,HH042,DEV0063,17.0,92.6,5.67,28.1,0.29,False
T009590,2025-08-18,14,HH044,DEV0066,29.5,100.0,22.07,99.3,0.67,False
T009591,2025-08-18,15,HH046,DEV0068,14.4,100.0,40.23,239.4,0.08,False
T009592,2025-08-18,12,HH047,DEV0069,27.5,69.9,21.82,104.9,0.15,True
T009593,2025-08-18,17,HH048,DEV0072,7.4,92.8,6.66,37.7,0.07,False
T009594,2025-08-18,17,HH052,DEV0077,32.2,100.0,3.46,15.7,0.22,False
T009595,2025-08-18,16,HH053,DEV0078,16.4,97.0,16.11,74.5,0.14,False
T009596,2025-08-18,18,HH054,DEV0079,34.4,100.0,3.08,13.8,0.29,False
T009597,2025-08-18,19,HH055,DEV0080,21.1,91.4,21.38,112.2,0.48,False
T009598,2025-08-18,12,HH056,DEV0083,16.8,71.0,11.87,62.9,0.61,True
T009599,2025-08-18,17,HH057,DEV0085,25.8,100.0,5.64,29.8,0.59,False
T009600,2025-08-18,16,HH061,DEV0090,7.3,80.7,5.58,40.9,0.53,False
T009601,2025-08-18,16,HH067,DEV0099,30.0,100.0,5.6,29.9,0.55,False
T009602,2025-08-18,16,HH073,DEV0105,19.7,90.6,4.32,21.9,0.21,False
T009603,2025-08-18,14,HH074,DEV0108,27.3,100.0,4.07,19.5,0.33,False
T009604,2025-08-18,16,HH078,DEV0113,22.6,100.0,4.1,20.6,0.71,False
T009605,2025-08-18,16,HH082,DEV0119,26.9,100.0,4.82,32.1,0.77,False
T009606,2025-08-18,15,HH083,DEV0122,35.2,100.0,25.08,120.6,0.29,False
T009607,2025-08-18,16,HH084,DEV0123,17.1,98.6,4.08,24.9,0.48,False
T009608,2025-08-18,19,HH088,DEV0129,11.9,100.0,40.61,202.0,0.19,False
T009609,2025-08-18,11,HH091,DEV0133,35.9,100.0,2.88,12.6,0.33,False
T009610,2025-08-18,19,HH095,DEV0139,37.7,100.0,15.45,105.0,0.53,False
T009611,2025-08-18,17,HH096,DEV0140,23.9,95.7,5.17,37.4,0.15,False
T009612,2025-08-18,14,HH100,DEV0145,37.7,100.0,25.36,114.7,0.19,False
T009613,2025-08-18,18,HH105,DEV0151,29.0,100.0,3.55,24.6,0.16,False
T009614,2025-08-18,9,HH106,DEV0152,34.1,100.0,34.73,197.6,0.25,False
T009615,2025-08-18,17,HH113,DEV0165,18.3,100.0,6.13,30.1,0.36,False
T009616,2025-08-18,17,HH116,DEV0170,30.5,100.0,23.42,100.5,0.71,False
T009617,2025-08-18,16,HH120,DEV0176,39.2,100.0,3.89,20.2,0.36,False
T009618,2025-08-18,12,HH121,DEV0178,9.7,98.1,39.26,170.2,0.42,False
T009619,2025-08-18,14,HH125,DEV0183,34.6,100.0,3.53,15.4,0.24,False
T009620,2025-08-18,12,HH127,DEV0185,31.0,100.0,40.78,209.8,0.22,False
T009621,2025-08-18,11,HH129,DEV0188,20.6,100.0,4.68,21.9,0.75,False
T009622,2025-08-18,16,HH130,DEV0189,33.0,100.0,4.76,25.0,0.12,False
T009623,2025-08-18,16,HH134,DEV0196,19.2,92.5,5.42,25.4,0.14,False
T009624,2025-08-18,16,HH136,DEV0199,18.5,92.1,33.92,217.0,0.36,False
T009625,2025-08-19,16,HH003,DEV0004,28.4,99.3,28.21,203.4,0.48,False
T009626,2025-08-19,14,HH004,DEV0005,22.3,100.0,5.59,37.9,0.21,False
T009627,2025-08-19,15,HH008,DEV0010,8.9,58.9,25.46,163.3,0.59,True
T009628,2025-08-19,12,HH012,DEV0016,39.1,84.6,1.55,11.3,0.08,True
T009629,2025-08-19,16,HH013,DEV0017,10.0,97.5,4.64,25.7,0.87,False
T009630,2025-08-19,15,HH016,DEV0021,10.9,90.9,36.42,220.2,0.26,False
T009631,2025-08-19,15,HH017,DEV0022,33.2,100.0,14.9,73.6,0.74,False
T009632,2025-08-19,17,HH025,DEV0036,22.3,95.4,4.24,26.7,0.27,False
T009633,2025-08-19,16,HH027,DEV0039,39.3,100.0,1.94,10.1,0.17,False
T009634,2025-08-19,13,HH031,DEV0045,24.2,95.5,36.3,169.2,0.41,False
T009635,2025-08-19,19,HH033,DEV0048,39.3,100.0,3.88,19.5,0.15,False
T009636,2025-08-19,18,HH036,DEV0051,35.6,100.0,3.86,18.4,0.48,False
T009637,2025-08-19,19,HH039,DEV0057,24.9,100.0,5.71,25.8,0.66,False
T009638,2025-08-19,19,HH040,DEV0059,32.8,100.0,2.08,11.5,0.53,False
T009639,2025-08-19,12,HH046,DEV0068,30.0,100.0,32.9,157.3,0.07,False
T009640,2025-08-19,19,HH047,DEV0069,29.6,77.2,24.52,141.4,0.13,True
T009641,2025-08-19,16,HH048,DEV0072,6.6,88.1,6.36,38.3,0.07,False
T009642,2025-08-19,18,HH050,DEV0074,37.8,100.0,2.86,17.2,0.36,False
T009643,2025-08-19,17,HH053,DEV0078,34.1,100.0,13.18,94.6,0.21,False
T009644,2025-08-19,16,HH057,DEV0085,32.3,100.0,5.15,22.3,0.69,False
T009645,2025-08-19,19,HH058,DEV0086,8.3,86.7,2.82,13.7,0.28,False
T009646,2025-08-19,19,HH061,DEV0090,6.1,80.4,5.65,26.0,0.58,False
T009647,2025-08-19,19,HH064,DEV0095,12.7,92.0,2.46,17.7,0.49,False
T009648,2025-08-19,11,HH069,DEV0101,19.1,100.0,44.66,283.3,0.16,False
T009649,2025-08-19,17,HH070,DEV0102,10.3,59.3,1.62,10.8,0.23,True
T009650,2025-08-19,16,HH077,DEV0112,6.4,89.8,6.09,44.0,0.22,False
T009651,2025-08-19,17,HH079,DEV0115,6.0,85.3,39.03,251.9,0.18,False
T009652,2025-08-19,18,HH082,DEV0119,28.7,100.0,4.71,24.8,0.52,False
T009653,2025-08-19,15,HH084,DEV0123,28.8,100.0,3.56,25.6,0.51,False
T009654,2025-08-19,13,HH086,DEV0125,38.6,100.0,2.15,13.7,0.33,False
T009655,2025-08-19,19,HH088,DEV0129,11.0,97.6,39.93,178.2,0.31,False
T009656,2025-08-19,14,HH089,DEV0130,24.4,100.0,3.4,25.2,0.13,False
T009657,2025-08-19,16,HH094,DEV0136,24.4,100.0,37.35,260.7,0.2,False
T009658,2025-08-19,17,HH097,DEV0141,5.1,77.4,3.76,18.9,0.4,False
T009659,2025-08-19,19,HH099,DEV0144,19.2,97.0,5.99,44.8,0.18,False
T009660,2025-08-19,15,HH100,DEV0145,5.6,82.0,31.09,145.0,0.18,False
T009661,2025-08-19,14,HH106,DEV0152,28.2,100.0,37.84,181.5,0.2,False
T009662,2025-08-19,15,HH108,DEV0155,16.3,96.2,35.89,186.0,0.52,False
T009663,2025-08-19,15,HH120,DEV0176,33.3,100.0,4.27,27.9,0.37,False
T009664,2025-08-19,15,HH127,DEV0185,36.8,100.0,37.35,253.8,0.22,False
T009665,2025-08-19,15,HH130,DEV0189,37.1,100.0,4.47,31.3,0.11,False
T009666,2025-08-19,16,HH138,DEV0203,27.6,100.0,24.69,170.8,0.29,False
T009667,2025-08-19,18,HH139,DEV0205,23.6,100.0,5.12,21.9,0.33,False
T009668,2025-08-20,16,HH002,DEV0002,9.3,86.7,43.98,265.2,0.42,False
T009669,2025-08-20,16,HH005,DEV0006,16.1,100.0,3.27,14.7,0.35,False
T009670,2025-08-20,12,HH008,DEV0010,24.7,68.7,22.37,120.7,0.74,True
T009671,2025-08-20,18,HH009,DEV0013,9.3,81.3,4.03,20.2,0.23,False
T009672,2025-08-20,15,HH011,DEV0015,16.3,100.0,49.89,277.6,0.71,False
T009673,2025-08-20,19,HH013,DEV0017,30.5,100.0,3.68,17.4,0.64,False
T009674,2025-08-20,19,HH014,DEV0019,31.8,100.0,3.07,19.0,0.31,False
T009675,2025-08-20,18,HH017,DEV0023,18.4,95.5,4.39,27.3,0.48,False
T009676,2025-08-20,14,HH026,DEV0038,27.7,98.0,35.13,186.1,0.21,False
T009677,2025-08-20,15,HH027,DEV0039,35.6,100.0,2.06,12.8,0.19,False
T009678,2025-08-20,19,HH029,DEV0041,11.3,99.7,6.19,27.7,0.56,False
T009679,2025-08-20,19,HH030,DEV0044,30.4,100.0,2.44,12.2,0.09,False
T009680,2025-08-20,19,HH034,DEV0049,33.1,100.0,5.02,30.6,0.29,False
T009681,2025-08-20,14,HH038,DEV0054,39.6,100.0,19.27,99.9,0.63,False
T009682,2025-08-20,18,HH041,DEV0060,29.2,100.0,3.61,26.9,0.14,False
T009683,2025-08-20,13,HH044,DEV0066,11.3,80.5,21.67,136.9,0.79,False
T009684,2025-08-20,18,HH047,DEV0070,27.4,100.0,17.5,78.7,0.16,False
T009685,2025-08-20,19,HH049,DEV0073,6.3,78.1,3.02,17.1,0.07,False
T009686,2025-08-20,19,HH053,DEV0078,20.5,100.0,15.9,103.0,0.24,False
T009687,2025-08-20,14,HH054,DEV0079,11.2,86.9,3.56,25.9,0.42,False
T009688,2025-08-20,14,HH056,DEV0083,33.5,69.1,7.79,42.9,0.35,True
T009689,2025-08-20,15,HH057,DEV0084,8.6,81.5,2.33,14.7,0.79,False
T009690,2025-08-20,16,HH058,DEV0086,16.9,95.8,2.84,13.1,0.31,False
T009691,2025-08-20,18,HH069,DEV0101,13.7,93.3,43.94,215.7,0.25,False
T009692,2025-08-20,18,HH070,DEV0102,36.2,73.2,1.22,8.3,0.3,True
T009693,2025-08-20,17,HH071,DEV0103,39.7,100.0,3.8,20.8,0.41,False
T009694,2025-08-20,19,HH073,DEV0106,33.8,100.0,4.24,18.5,0.22,False
T009695,2025-08-20,14,HH075,DEV0109,18.1,100.0,33.42,185.8,0.47,False
T009696,2025-08-20,15,HH076,DEV0110,24.3,100.0,27.1,152.6,0.5,False
T009697,2025-08-20,17,HH077,DEV0111,29.7,100.0,5.48,23.8,0.26,False
T009698,2025-08-20,19,HH082,DEV0120,12.6,95.0,3.79,19.0,0.58,False
T009699,2025-08-20,19,HH084,DEV0123,12.9,87.3,3.72,22.3,0.48,False
T009700,2025-08-20,13,HH086,DEV0125,38.7,100.0,2.15,11.2,0.39,False
T009701,2025-08-20,18,HH087,DEV0128,5.4,80.1,2.39,11.2,0.31,False
T009702,2025-08-20,19,HH089,DEV0130,13.6,91.6,3.51,19.6,0.13,False
T009703,2025-08-20,17,HH090,DEV0132,37.8,100.0,36.14,224.1,0.76,False
T009704,2025-08-20,18,HH100,DEV0146,10.5,90.7,4.57,24.4,0.12,False
T009705,2025-08-20,15,HH101,DEV0147,28.3,100.0,2.58,17.8,0.08,False
T009706,2025-08-20,14,HH108,DEV0155,19.2,95.6,34.31,155.2,0.47,False
T009707,2025-08-20,17,HH109,DEV0156,11.1,94.8,6.36,41.1,0.48,False
T009708,2025-08-20,12,HH111,DEV0161,24.9,100.0,4.96,31.4,0.72,False
T009709,2025-08-20,13,HH112,DEV0163,35.3,100.0,21.8,105.5,0.35,False
T009710,2025-08-20,11,HH114,DEV0167,33.1,100.0,5.15,30.8,0.56,False
T009711,2025-08-20,12,HH115,DEV0169,30.2,100.0,28.2,184.0,0.65,False
T009712,2025-08-20,18,HH116,DEV0170,38.6,100.0,20.69,89.5,0.57,False
T009713,2025-08-20,17,HH118,DEV0173,14.8,86.6,3.31,15.1,0.28,False
T009714,2025-08-20,19,HH131,DEV0190,25.2,100.0,3.52,16.8,0.29,False
T009715,2025-08-20,15,HH132,DEV0191,6.7,79.9,18.66,84.9,0.27,False
T009716,2025-08-20,18,HH134,DEV0197,21.3,100.0,19.28,88.8,0.26,False
T009717,2025-08-20,16,HH137,DEV0201,24.2,100.0,44.8,197.1,0.57,False
T009718,2025-08-20,14,HH138,DEV0203,15.0,98.8,28.56,128.9,0.14,False
T009719,2025-08-20,16,HH139,DEV0204,39.8,100.0,22.09,116.0,0.31,False
T009720,2025-08-20,16,HH140,DEV0206,26.1,100.0,19.07,85.0,0.62,False
T009721,2025-08-21,14,HH001,DEV0001,30.0,100.0,24.08,112.6,0.26,False
T009722,2025-08-21,15,HH002,DEV0002,14.0,90.9,43.69,248.7,0.36,False
T009723,2025-08-21,14,HH004,DEV0005,20.1,98.8,5.67,25.8,0.16,False
T009724,2025-08-21,13,HH005,DEV0006,21.9,100.0,3.05,19.5,0.32,False
T009725,2025-08-21,15,HH007,DEV0008,10.7,81.1,2.67,18.1,0.25,False
T009726,2025-08-21,19,HH009,DEV0013,14.0,90.9,4.3,21.0,0.24,False
T009727,2025-08-21,14,HH010,DEV0014,29.9,100.0,41.78,215.1,0.35,False
T009728,2025-08-21,12,HH011,DEV0015,39.4,100.0,36.12,195.2,0.66,False
T009729,2025-08-21,18,HH012,DEV0016,35.5,90.4,1.87,13.0,0.11,True
T009730,2025-08-21,18,HH014,DEV0019,12.4,100.0,3.94,27.8,0.38,False
T009731,2025-08-21,16,HH018,DEV0024,32.5,100.0,4.59,24.2,0.4,False
T009732,2025-08-21,13,HH024,DEV0035,36.9,100.0,34.52,233.6,0.81,False
T009733,2025-08-21,14,HH026,DEV0038,22.6,100.0,38.7,168.8,0.21,False
T009734,2025-08-21,18,HH027,DEV0039,12.2,99.6,2.8,15.3,0.18,False
T009735,2025-08-21,18,HH038,DEV0054,21.5,100.0,25.04,162.0,0.81,False
T009736,2025-08-21,18,HH039,DEV0058,7.4,86.5,3.8,28.3,0.7,False
T009737,2025-08-21,19,HH040,DEV0059,5.7,88.3,2.56,11.0,0.38,False
T009738,2025-08-21,14,HH045,DEV0067,29.6,100.0,36.19,211.6,0.79,False
T009739,2025-08-21,15,HH047,DEV0069,29.2,69.5,20.75,93.0,0.15,True
T009740,2025-08-21,19,HH054,DEV0079,17.9,100.0,3.86,20.7,0.35,False
T009741,2025-08-21,16,HH056,DEV0082,7.8,95.5,4.12,28.7,0.49,False
T009742,2025-08-21,19,HH060,DEV0088,10.7,78.8,4.97,21.4,0.71,False
T009743,2025-08-21,19,HH063,DEV0094,26.3,100.0,2.51,18.6,0.38,False
T009744,2025-08-21,14,HH065,DEV0097,8.2,85.2,5.77,30.6,0.49,False
T009745,2025-08-21,18,HH069,DEV0101,37.8,100.0,34.33,217.3,0.16,False
T009746,2025-08-21,17,HH072,DEV0104,35.2,100.0,18.99,93.4,0.07,False
T009747,2025-08-21,13,HH073,DEV0106,8.8,90.3,5.21,29.4,0.25,False
T009748,2025-08-21,19,HH077,DEV0112,30.6,100.0,5.07,21.9,0.3,False
T009749,2025-08-21,15,HH086,DEV0125,22.0,100.0,2.73,14.8,0.25,False
T009750,2025-08-21,19,HH087,DEV0128,13.0,93.0,2.56,13.1,0.37,False
T009751,2025-08-21,17,HH091,DEV0133,32.8,100.0,3.02,16.9,0.51,False
T009752,2025-08-21,12,HH092,DEV0134,28.3,100.0,32.05,177.9,0.45,False
T009753,2025-08-21,17,HH098,DEV0143,13.3,100.0,4.94,28.2,0.52,False
T009754,2025-08-21,18,HH105,DEV0151,17.1,97.0,4.0,20.6,0.2,False
T009755,2025-08-21,16,HH109,DEV0157,20.3,100.0,4.94,26.9,0.3,False
T009756,2025-08-21,18,HH114,DEV0168,13.7,100.0,31.15,171.5,0.36,False
T009757,2025-08-21,19,HH115,DEV0169,11.9,88.0,30.75,226.3,0.42,False
T009758,2025-08-21,13,HH122,DEV0179,31.7,100.0,22.4,97.9,0.48,False
T009759,2025-08-21,17,HH127,DEV0186,19.0,100.0,40.9,298.4,0.29,False
T009760,2025-08-21,12,HH128,DEV0187,17.7,97.8,3.36,21.8,0.12,False
T009761,2025-08-21,18,HH129,DEV0188,11.5,85.4,4.36,19.3,0.56,False
T009762,2025-08-21,19,HH131,DEV0190,32.0,100.0,3.2,16.4,0.4,False
T009763,2025-08-21,17,HH134,DEV0197,28.3,100.0,17.57,83.5,0.14,False
T009764,2025-08-21,14,HH139,DEV0205,39.8,100.0,4.03,23.7,0.2,False
T009765,2025-08-22,17,HH001,DEV0001,34.9,100.0,22.39,96.5,0.17,False
T009766,2025-08-22,12,HH002,DEV0003,36.1,100.0,3.58,22.3,0.5,False
T009767,2025-08-22,14,HH005,DEV0006,9.6,79.0,2.71,15.8,0.31,False
T009768,2025-08-22,15,HH007,DEV0009,35.8,100.0,15.92,70.0,0.33,False
T009769,2025-08-22,17,HH008,DEV0012,13.5,97.1,5.19,37.4,0.87,False
T009770,2025-08-22,11,HH010,DEV0014,8.8,88.7,47.64,268.2,0.46,False
T009771,2025-08-22,14,HH011,DEV0015,39.0,100.0,36.36,160.6,0.79,False
T009772,2025-08-22,13,HH021,DEV0028,11.2,90.1,21.38,106.7,0.32,False
T009773,2025-08-22,17,HH022,DEV0031,18.3,100.0,16.59,76.8,0.49,False
T009774,2025-08-22,15,HH023,DEV0032,22.1,100.0,46.19,223.1,0.15,False
T009775,2025-08-22,15,HH025,DEV0037,37.6,100.0,36.69,179.7,0.54,False
T009776,2025-08-22,19,HH028,DEV0040,16.6,100.0,32.19,141.1,0.38,False
T009777,2025-08-22,17,HH029,DEV0041,38.6,100.0,4.3,19.9,0.44,False
T009778,2025-08-22,19,HH031,DEV0046,30.7,100.0,36.04,250.9,0.49,False
T009779,2025-08-22,11,HH032,DEV0047,12.1,93.9,4.99,22.2,0.4,False
T009780,2025-08-22,18,HH036,DEV0051,26.2,97.9,4.3,25.9,0.38,False
T009781,2025-08-22,18,HH037,DEV0053,40.0,100.0,2.82,12.7,0.69,False
T009782,2025-08-22,18,HH038,DEV0054,25.2,100.0,23.86,104.1,0.62,False
T009783,2025-08-22,16,HH039,DEV0057,12.0,89.4,5.88,29.8,1.02,False
T009784,2025-08-22,19,HH041,DEV0060,17.4,100.0,4.21,29.2,0.18,False
T009785,2025-08-22,11,HH044,DEV0066,12.6,97.1,26.44,121.6,0.52,False
T009786,2025-08-22,19,HH048,DEV0071,8.0,84.9,31.16,157.3,0.05,False
T009787,2025-08-22,13,HH051,DEV0075,9.6,91.6,4.02,24.9,0.54,False
T009788,2025-08-22,19,HH052,DEV0077,12.3,84.0,3.66,19.9,0.23,False
T009789,2025-08-22,15,HH053,DEV0078,9.8,93.7,16.78,72.1,0.25,False
T009790,2025-08-22,15,HH054,DEV0079,20.4,95.8,3.55,17.9,0.43,False
T009791,2025-08-22,17,HH055,DEV0081,31.1,100.0,2.89,15.2,0.37,False
T009792,2025-08-22,19,HH056,DEV0082,16.9,100.0,3.91,19.3,0.66,False
T009793,2025-08-22,19,HH058,DEV0086,14.1,99.8,3.09,15.8,0.32,False
T009794,2025-08-22,16,HH062,DEV0092,12.0,92.1,26.18,180.6,0.43,False
T009795,2025-08-22,15,HH066,DEV0098,32.5,72.0,2.57,13.3,0.22,True
T009796,2025-08-22,14,HH069,DEV0101,19.7,89.3,38.44,173.3,0.19,False
T009797,2025-08-22,15,HH071,DEV0103,30.4,100.0,4.38,26.5,0.58,False
T009798,2025-08-22,16,HH073,DEV0105,5.4,97.9,5.64,26.1,0.15,False
T009799,2025-08-22,17,HH076,DEV0110,35.1,100.0,23.23,118.3,0.74,False
T009800,2025-08-22,18,HH079,DEV0115,11.3,92.5,39.95,172.9,0.18,False
T009801,2025-08-22,17,HH080,DEV0116,33.7,100.0,4.97,25.8,0.7,False
T009802,2025-08-22,17,HH087,DEV0128,11.6,97.9,2.76,20.7,0.31,False
T009803,2025-08-22,17,HH089,DEV0130,7.8,83.5,3.41,17.4,0.1,False
T009804,2025-08-22,17,HH093,DEV0135,36.2,100.0,2.74,14.2,0.32,False
T009805,2025-08-22,18,HH094,DEV0137,12.2,88.2,3.72,20.4,0.28,False
T009806,2025-08-22,16,HH098,DEV0143,18.1,91.4,4.18,21.6,0.7,False
T009807,2025-08-22,19,HH099,DEV0144,22.7,100.0,5.95,38.1,0.28,False
T009808,2025-08-22,19,HH100,DEV0145,37.2,100.0,25.56,120.7,0.12,False
T009809,2025-08-22,11,HH105,DEV0151,14.1,94.3,4.01,22.1,0.22,False
T009810,2025-08-22,17,HH109,DEV0157,37.1,100.0,3.9,21.6,0.41,False
T009811,2025-08-22,14,HH113,DEV0164,9.3,56.5,10.19,54.2,0.29,True
T009812,2025-08-22,17,HH117,DEV0171,13.7,100.0,3.11,16.5,0.45,False
T009813,2025-08-22,16,HH119,DEV0174,17.0,94.3,23.13,113.1,0.28,False
T009814,2025-08-22,14,HH120,DEV0176,8.9,89.6,5.16,29.6,0.4,False
T009815,2025-08-22,15,HH121,DEV0178,13.8,87.0,32.48,217.0,0.62,False
T009816,2025-08-22,16,HH125,DEV0183,19.0,96.1,4.16,17.9,0.36,False
T009817,2025-08-22,14,HH130,DEV0189,23.7,100.0,5.42,38.0,0.14,False
T009818,2025-08-22,15,HH131,DEV0190,27.5,100.0,3.41,25.0,0.27,False
T009819,2025-08-22,17,HH139,DEV0205,22.9,100.0,5.17,38.7,0.27,False
T009820,2025-08-23,13,HH002,DEV0003,7.2,91.1,4.7,27.8,0.34,False
T009821,2025-08-23,16,HH003,DEV0004,38.8,100.0,24.36,143.7,0.71,False
T009822,2025-08-23,14,HH005,DEV0006,19.1,100.0,3.16,17.4,0.38,False
T009823,2025-08-23,18,HH006,DEV0007,14.9,100.0,17.53,93.9,0.61,False
T009824,2025-08-23,17,HH007,DEV0008,34.8,100.0,2.48,11.7,0.19,False
T009825,2025-08-23,18,HH008,DEV0011,25.1,100.0,4.79,33.9,0.63,False
T009826,2025-08-23,17,HH010,DEV0014,9.7,86.3,45.68,278.6,0.32,False
T009827,2025-08-23,14,HH012,DEV0016,5.5,57.5,1.77,12.8,0.11,True
T009828,2025-08-23,15,HH013,DEV0017,20.4,92.3,3.81,17.4,0.75,False
T009829,2025-08-23,15,HH014,DEV0019,33.9,100.0,2.97,14.8,0.33,False
T009830,2025-08-23,16,HH016,DEV0021,36.8,100.0,28.76,152.9,0.43,False
T009831,2025-08-23,18,HH019,DEV0026,17.8,87.6,23.45,144.2,0.27,False
T009832,2025-08-23,15,HH020,DEV0027,27.5,100.0,2.54,17.1,0.21,False
T009833,2025-08-23,18,HH022,DEV0031,11.3,99.4,17.89,92.2,0.48,False
T009834,2025-08-23,16,HH024,DEV0034,35.1,100.0,37.97,180.1,0.68,False
T009835,2025-08-23,16,HH026,DEV0038,12.1,95.7,41.78,191.5,0.17,False
T009836,2025-08-23,9,HH029,DEV0043,15.1,90.3,39.76,191.5,0.51,False
T009837,2025-08-23,15,HH032,DEV0047,11.0,97.4,5.27,28.6,0.38,False
T009838,2025-08-23,19,HH036,DEV0051,31.3,100.0,4.12,24.9,0.39,False
T009839,2025-08-23,16,HH041,DEV0060,39.0,100.0,3.11,14.9,0.14,False
T009840,2025-08-23,19,HH043,DEV0065,24.5,100.0,3.17,22.6,0.43,False
T009841,2025-08-23,17,HH045,DEV0067,17.8,89.3,36.77,195.0,0.93,False
T009842,2025-08-23,19,HH046,DEV0068,14.2,97.7,39.24,175.5,0.11,False
T009843,2025-08-23,19,HH047,DEV0069,21.4,61.6,20.73,129.9,0.11,True
T009844,2025-08-23,17,HH049,DEV0073,19.6,100.0,3.38,25.0,0.09,False
T009845,2025-08-23,15,HH058,DEV0086,29.5,98.7,2.49,16.2,0.34,False
T009846,2025-08-23,18,HH062,DEV0092,15.6,98.0,26.93,122.2,0.42,False
T009847,2025-08-23,17,HH065,DEV0096,27.3,100.0,35.99,166.4,0.57,False
T009848,2025-08-23,17,HH068,DEV0100,7.0,97.3,39.2,215.1,0.51,False
T009849,2025-08-23,18,HH069,DEV0101,9.6,80.4,39.1,272.5,0.2,False
T009850,2025-08-23,16,HH071,DEV0103,12.2,88.3,4.8,30.3,0.48,False
T009851,2025-08-23,18,HH074,DEV0107,17.9,92.4,37.48,222.6,0.29,False
T009852,2025-08-23,17,HH077,DEV0111,30.4,100.0,5.43,27.2,0.29,False
T009853,2025-08-23,14,HH085,DEV0124,33.5,100.0,22.34,137.8,0.1,False
T009854,2025-08-23,15,HH089,DEV0130,9.4,82.7,3.3,16.9,0.18,False
T009855,2025-08-23,13,HH090,DEV0132,22.9,100.0,44.8,249.7,0.51,False
T009856,2025-08-23,14,HH091,DEV0133,27.4,100.0,3.27,15.9,0.46,False
T009857,2025-08-23,18,HH093,DEV0135,39.1,100.0,2.62,19.2,0.26,False
T009858,2025-08-23,15,HH094,DEV0136,22.1,96.6,36.78,198.6,0.14,False
T009859,2025-08-23,13,HH096,DEV0140,17.5,100.0,5.94,26.6,0.16,False
T009860,2025-08-23,16,HH098,DEV0143,19.8,100.0,4.57,23.4,0.8,False
T009861,2025-08-23,19,HH100,DEV0145,23.4,100.0,31.18,164.0,0.22,False
T009862,2025-08-23,19,HH103,DEV0149,25.9,70.5,1.92,12.3,0.53,True
T009863,2025-08-23,19,HH105,DEV0151,38.3,100.0,3.08,21.5,0.12,False
T009864,2025-08-23,19,HH110,DEV0158,6.7,88.3,2.69,17.9,0.25,False
T009865,2025-08-23,13,HH111,DEV0162,21.6,100.0,34.5,187.2,0.61,False
T009866,2025-08-23,19,HH115,DEV0169,37.1,100.0,25.41,135.1,0.69,False
T009867,2025-08-23,13,HH116,DEV0170,36.5,100.0,21.4,101.1,0.68,False
T009868,2025-08-23,19,HH124,DEV0181,22.4,56.8,15.28,66.4,0.59,True
T009869,2025-08-23,19,HH125,DEV0182,12.2,93.4,26.7,121.7,0.33,False
T009870,2025-08-23,17,HH127,DEV0186,14.0,98.5,42.66,262.3,0.27,False
T009871,2025-08-23,14,HH133,DEV0193,24.4,100.0,2.87,15.9,0.14,False
T009872,2025-08-23,8,HH134,DEV0197,14.0,100.0,21.07,106.5,0.15,False
T009873,2025-08-23,17,HH136,DEV0199,13.5,92.8,36.57,272.1,0.51,False
T009874,2025-08-24,15,HH002,DEV0003,26.3,100.0,4.13,24.1,0.46,False
T009875,2025-08-24,16,HH005,DEV0006,32.9,100.0,2.62,12.0,0.44,False
T009876,2025-08-24,18,HH009,DEV0013,36.7,100.0,3.54,15.4,0.15,False
T009877,2025-08-24,19,HH012,DEV0016,21.4,74.9,1.82,8.2,0.11,True
T009878,2025-08-24,19,HH013,DEV0017,10.6,96.6,4.56,30.9,0.96,False
T009879,2025-08-24,18,HH017,DEV0023,30.2,100.0,3.98,26.0,0.56,False
T009880,2025-08-24,14,HH019,DEV0026,36.7,100.0,21.27,104.5,0.27,False
T009881,2025-08-24,19,HH020,DEV0027,25.2,100.0,2.62,11.6,0.22,False
T009882,2025-08-24,18,HH024,DEV0034,24.1,96.6,42.43,273.1,0.63,False
T009883,2025-08-24,17,HH028,DEV0040,39.4,100.0,23.39,102.0,0.26,False
T009884,2025-08-24,16,HH032,DEV0047,35.5,100.0,3.93,18.3,0.43,False
T009885,2025-08-24,16,HH034,DEV0049,19.0,96.2,5.79,42.2,0.33,False
T009886,2025-08-24,19,HH041,DEV0060,6.9,78.5,3.65,16.3,0.13,False
T009887,2025-08-24,14,HH042,DEV0063,36.6,100.0,4.76,20.7,0.27,False
T009888,2025-08-24,16,HH044,DEV0066,36.0,100.0,20.03,129.8,0.75,False
T009889,2025-08-24,16,HH048,DEV0072,11.0,84.4,5.72,29.0,0.09,False
T009890,2025-08-24,19,HH051,DEV0075,21.6,100.0,3.84,24.1,0.27,False
T009891,2025-08-24,15,HH053,DEV0078,19.4,100.0,16.12,120.3,0.22,False
T009892,2025-08-24,13,HH055,DEV0080,14.5,95.2,24.55,181.8,0.39,False
T009893,2025-08-24,18,HH056,DEV0082,33.9,100.0,3.11,17.3,0.63,False
T009894,2025-08-24,19,HH060,DEV0089,20.4,91.6,18.86,81.2,0.65,False
T009895,2025-08-24,14,HH064,DEV0095,21.1,100.0,2.45,15.3,0.44,False
T009896,2025-08-24,15,HH069,DEV0101,28.0,100.0,39.74,183.7,0.25,False
T009897,2025-08-24,16,HH073,DEV0105,29.8,100.0,4.28,22.6,0.18,False
T009898,2025-08-24,19,HH076,DEV0110,10.6,88.5,27.87,132.3,0.65,False
T009899,2025-08-24,15,HH081,DEV0118,33.6,100.0,13.88,61.3,0.9,False
T009900,2025-08-24,14,HH084,DEV0123,14.9,100.0,4.26,21.6,0.68,False
T009901,2025-08-24,16,HH085,DEV0124,18.6,97.5,26.52,128.4,0.09,False
T009902,2025-08-24,11,HH086,DEV0125,20.4,100.0,2.79,13.4,0.35,False
T009903,2025-08-24,17,HH087,DEV0128,15.9,93.5,2.48,11.5,0.28,False
T009904,2025-08-24,13,HH088,DEV0129,7.3,97.5,41.59,279.6,0.29,False
T009905,2025-08-24,19,HH090,DEV0132,24.9,100.0,43.63,197.9,0.53,False
T009906,2025-08-24,15,HH095,DEV0139,36.7,100.0,15.7,101.7,0.72,False
T009907,2025-08-24,14,HH096,DEV0140,39.0,100.0,4.39,20.1,0.21,False
T009908,2025-08-24,10,HH097,DEV0141,6.7,82.7,3.95,17.0,0.32,False
T009909,2025-08-24,15,HH098,DEV0143,6.7,80.2,4.19,20.0,0.65,False
T009910,2025-08-24,13,HH101,DEV0147,39.0,100.0,2.2,14.9,0.05,False
T009911,2025-08-24,19,HH103,DEV0149,37.2,70.1,1.41,6.9,0.86,True
T009912,2025-08-24,18,HH105,DEV0151,23.6,100.0,3.82,16.5,0.13,False
T009913,2025-08-24,16,HH109,DEV0156,12.6,84.7,5.48,36.8,0.64,False
T009914,2025-08-24,16,HH110,DEV0159,35.2,100.0,2.33,12.6,0.33,False
T009915,2025-08-24,18,HH112,DEV0163,18.7,99.3,27.17,118.4,0.35,False
T009916,2025-08-24,16,HH116,DEV0170,10.0,86.4,25.73,153.9,0.83,False
T009917,2025-08-24,19,HH117,DEV0171,26.6,100.0,2.64,17.1,0.32,False
T009918,2025-08-24,17,HH121,DEV0178,14.7,100.0,37.87,263.7,0.49,False
T009919,2025-08-24,19,HH126,DEV0184,32.2,67.8,2.7,15.6,0.21,True
T009920,2025-08-24,18,HH128,DEV0187,16.1,100.0,3.52,21.6,0.13,False
T009921,2025-08-24,17,HH131,DEV0190,22.7,100.0,3.63,23.5,0.42,False
T009922,2025-08-24,19,HH132,DEV0192,24.6,100.0,3.77,18.9,0.45,False
T009923,2025-08-24,15,HH135,DEV0198,15.7,97.1,4.72,33.9,0.11,False
T009924,2025-08-24,19,HH138,DEV0203,32.0,100.0,23.19,135.4,0.16,False
T009925,2025-08-25,17,HH001,DEV0001,31.0,100.0,23.74,118.9,0.21,False
T009926,2025-08-25,18,HH004,DEV0005,23.8,98.0,5.34,29.8,0.19,False
T009927,2025-08-25,19,HH008,DEV0010,31.0,78.5,24.16,127.3,0.88,True
T009928,2025-08-25,17,HH012,DEV0016,29.0,74.7,1.55,7.6,0.11,True
T009929,2025-08-25,15,HH014,DEV0019,6.1,99.9,4.22,24.5,0.4,False
T009930,2025-08-25,15,HH016,DEV0021,21.0,94.8,33.59,194.8,0.39,False
T009931,2025-08-25,17,HH017,DEV0023,19.5,91.5,4.11,25.0,0.47,False
T009932,2025-08-25,17,HH019,DEV0026,37.2,100.0,21.1,108.7,0.33,False
T009933,2025-08-25,17,HH020,DEV0027,19.7,92.3,2.54,16.8,0.2,False
T009934,2025-08-25,14,HH023,DEV0033,20.0,100.0,31.28,145.2,0.15,False
T009935,2025-08-25,16,HH025,DEV0037,16.0,100.0,49.39,218.6,0.34,False
T009936,2025-08-25,14,HH026,DEV0038,32.7,100.0,33.65,147.6,0.32,False
T009937,2025-08-25,19,HH029,DEV0041,32.4,100.0,4.73,25.9,0.49,False
T009938,2025-08-25,16,HH031,DEV0045,11.5,89.5,39.7,293.6,0.46,False
T009939,2025-08-25,13,HH036,DEV0052,20.3,100.0,5.9,28.7,0.71,False
T009940,2025-08-25,19,HH039,DEV0058,37.7,100.0,2.99,15.0,1.09,False
T009941,2025-08-25,19,HH043,DEV0064,36.9,100.0,29.09,134.2,0.5,False
T009942,2025-08-25,19,HH045,DEV0067,33.2,100.0,34.34,217.9,0.68,False
T009943,2025-08-25,14,HH046,DEV0068,36.0,100.0,30.08,196.2,0.08,False
T009944,2025-08-25,15,HH047,DEV0070,38.2,100.0,14.89,87.3,0.13,False
T009945,2025-08-25,11,HH048,DEV0072,35.5,100.0,5.03,30.9,0.05,False
T009946,2025-08-25,15,HH052,DEV0077,10.4,86.0,3.85,24.3,0.38,False
T009947,2025-08-25,15,HH058,DEV0086,20.0,100.0,2.88,14.2,0.47,False
T009948,2025-08-25,13,HH060,DEV0089,39.7,100.0,15.98,105.0,0.64,False
T009949,2025-08-25,15,HH063,DEV0094,36.6,100.0,2.16,15.9,0.4,False
T009950,2025-08-25,18,HH065,DEV0096,25.2,97.4,35.72,223.1,0.66,False
T009951,2025-08-25,15,HH068,DEV0100,18.0,96.9,34.23,169.0,0.86,False
T009952,2025-08-25,15,HH069,DEV0101,5.8,82.1,42.12,250.5,0.17,False
T009953,2025-08-25,14,HH070,DEV0102,32.7,79.1,1.53,9.1,0.23,True
T009954,2025-08-25,15,HH072,DEV0104,25.0,98.0,21.4,145.1,0.05,False
T009955,2025-08-25,16,HH073,DEV0106,23.0,100.0,4.93,25.1,0.13,False
T009956,2025-08-25,12,HH074,DEV0108,22.1,97.4,4.22,18.2,0.25,False
T009957,2025-08-25,19,HH078,DEV0113,36.3,100.0,3.38,15.6,0.75,False
T009958,2025-08-25,17,HH079,DEV0115,31.9,100.0,33.51,159.0,0.23,False
T009959,2025-08-25,15,HH082,DEV0121,12.0,90.4,33.89,216.8,0.73,False
T009960,2025-08-25,10,HH085,DEV0124,22.0,100.0,26.21,146.9,0.08,False
T009961,2025-08-25,17,HH087,DEV0128,13.7,99.2,2.74,18.0,0.29,False
T009962,2025-08-25,14,HH093,DEV0135,11.0,88.8,3.34,14.4,0.32,False
T009963,2025-08-25,13,HH094,DEV0136,39.6,100.0,29.84,172.4,0.25,False
T009964,2025-08-25,16,HH098,DEV0143,8.3,89.8,4.65,28.8,0.64,False
T009965,2025-08-25,19,HH099,DEV0144,7.6,100.0,7.11,30.6,0.18,False
T009966,2025-08-25,17,HH100,DEV0145,8.6,100.0,37.2,275.3,0.2,False
T009967,2025-08-25,17,HH101,DEV0147,14.8,84.2,2.5,12.4,0.08,False
T009968,2025-08-25,19,HH104,DEV0150,27.3,100.0,23.92,106.3,0.27,False
T009969,2025-08-25,15,HH105,DEV0151,24.7,100.0,3.76,18.5,0.26,False
T009970,2025-08-25,19,HH107,DEV0153,31.9,100.0,2.59,15.6,0.22,False
T009971,2025-08-25,16,HH108,DEV0155,17.8,96.6,35.4,154.6,0.66,False
T009972,2025-08-25,19,HH112,DEV0163,27.5,100.0,24.43,126.6,0.42,False
T009973,2025-08-25,14,HH115,DEV0169,35.2,100.0,26.18,139.5,0.73,False
T009974,2025-08-25,13,HH118,DEV0173,40.0,100.0,2.76,18.9,0.27,False
T009975,2025-08-25,17,HH119,DEV0175,20.8,100.0,19.96,120.5,0.31,False
T009976,2025-08-25,19,HH120,DEV0176,7.8,88.9,5.19,37.0,0.41,False
T009977,2025-08-25,16,HH127,DEV0186,31.6,100.0,34.54,197.5,0.25,False
T009978,2025-08-25,17,HH129,DEV0188,19.5,96.7,4.55,28.2,0.37,False
T009979,2025-08-25,16,HH131,DEV0190,36.2,100.0,3.0,17.9,0.37,False
T009980,2025-08-25,19,HH139,DEV0205,32.1,100.0,4.55,24.3,0.4,False
T009981,2025-08-26,19,HH010,DEV0014,9.6,92.4,49.35,350.5,0.28,False
T009982,2025-08-26,17,HH012,DEV0016,38.5,75.0,1.24,5.7,0.08,True
T009983,2025-08-26,19,HH016,DEV0021,16.6,100.0,37.95,245.1,0.25,False
T009984,2025-08-26,16,HH024,DEV0034,31.7,100.0,39.96,272.7,0.64,False
T009985,2025-08-26,19,HH026,DEV0038,38.4,100.0,30.8,211.2,0.21,False
T009986,2025-08-26,17,HH027,DEV0039,38.2,100.0,1.98,9.3,0.22,False
T009987,2025-08-26,14,HH031,DEV0045,9.7,84.6,38.12,233.9,0.5,False
T009988,2025-08-26,14,HH034,DEV0049,23.4,100.0,5.74,40.9,0.2,False
T009989,2025-08-26,18,HH037,DEV0053,39.8,100.0,2.83,15.1,0.69,False
T009990,2025-08-26,19,HH042,DEV0062,30.4,100.0,20.46,111.8,0.18,False
T009991,2025-08-26,18,HH052,DEV0076,22.7,100.0,3.48,17.0,0.35,False
T009992,2025-08-26,19,HH054,DEV0079,11.8,99.8,4.14,17.8,0.39,False
T009993,2025-08-26,17,HH058,DEV0086,35.1,100.0,2.34,11.8,0.47,False
T009994,2025-08-26,14,HH059,DEV0087,17.3,91.9,4.33,24.3,0.3,False
T009995,2025-08-26,19,HH060,DEV0088,21.3,100.0,5.75,27.3,0.82,False
T009996,2025-08-26,19,HH062,DEV0092,13.1,93.7,26.35,118.2,0.4,False
T009997,2025-08-26,15,HH064,DEV0095,13.9,95.4,2.53,14.8,0.42,False
T009998,2025-08-26,15,HH069,DEV0101,24.2,100.0,41.84,203.0,0.2,False
T009999,2025-08-26,17,HH074,DEV0108,19.7,100.0,4.5,27.0,0.3,False
T010000,2025-08-26,15,HH079,DEV0115,10.4,96.0,42.1,210.8,0.23,False
T010001,2025-08-26,17,HH082,DEV0120,36.7,100.0,2.91,19.2,0.64,False
T010002,2025-08-26,18,HH083,DEV0122,34.0,100.0,25.54,147.9,0.37,False
T010003,2025-08-26,17,HH084,DEV0123,18.1,91.9,3.69,23.8,0.71,False
T010004,2025-08-26,16,HH085,DEV0124,39.3,100.0,20.4,118.1,0.1,False
T010005,2025-08-26,17,HH086,DEV0126,13.5,91.9,24.38,118.8,0.26,False
T010006,2025-08-26,19,HH087,DEV0128,28.7,100.0,2.28,12.8,0.25,False
T010007,2025-08-26,15,HH090,DEV0131,35.5,100.0,36.18,242.0,0.61,False
T010008,2025-08-26,14,HH094,DEV0136,37.1,100.0,31.07,156.0,0.23,False
T010009,2025-08-26,19,HH095,DEV0139,34.3,100.0,16.29,102.5,0.79,False
T010010,2025-08-26,13,HH096,DEV0140,14.0,96.4,5.93,26.1,0.1,False
T010011,2025-08-26,14,HH097,DEV0141,20.4,100.0,4.14,19.8,0.28,False
T010012,2025-08-26,16,HH098,DEV0143,20.3,100.0,4.54,26.0,0.55,False
T010013,2025-08-26,14,HH099,DEV0144,14.1,99.6,6.58,35.0,0.24,False
T010014,2025-08-26,18,HH101,DEV0147,27.9,100.0,2.6,18.4,0.07,False
T010015,2025-08-26,15,HH103,DEV0149,5.8,51.7,1.97,13.6,0.62,True
T010016,2025-08-26,19,HH104,DEV0150,34.3,100.0,21.62,96.8,0.26,False
T010017,2025-08-26,17,HH105,DEV0151,30.1,100.0,3.5,16.7,0.16,False
T010018,2025-08-26,17,HH107,DEV0154,37.2,100.0,2.07,11.7,0.31,False
T010019,2025-08-26,16,HH110,DEV0158,36.0,100.0,2.11,11.2,0.36,False
T010020,2025-08-26,18,HH111,DEV0161,10.4,81.7,4.7,22.4,0.48,False
T010021,2025-08-26,16,HH117,DEV0171,34.0,100.0,2.38,13.6,0.31,False
T010022,2025-08-26,19,HH118,DEV0172,28.2,100.0,33.39,156.3,0.34,False
T010023,2025-08-26,18,HH122,DEV0179,10.5,96.5,28.22,174.3,0.75,False
T010024,2025-08-26,13,HH123,DEV0180,17.8,96.6,16.47,88.8,0.23,False
T010025,2025-08-26,17,HH124,DEV0181,13.5,49.5,16.0,95.5,0.61,True
T010026,2025-08-26,18,HH126,DEV0184,15.2,55.3,3.05,22.3,0.26,True
T010027,2025-08-26,17,HH128,DEV0187,10.3,86.9,3.22,18.3,0.15,False
T010028,2025-08-26,14,HH130,DEV0189,20.7,100.0,5.63,27.5,0.12,False
T010029,2025-08-26,18,HH132,DEV0191,33.4,100.0,16.98,88.5,0.35,False
T010030,2025-08-26,19,HH138,DEV0203,15.8,100.0,28.71,138.2,0.2,False
T010031,2025-08-27,14,HH001,DEV0001,14.5,92.9,26.97,131.3,0.31,False
T010032,2025-08-27,19,HH009,DEV0013,34.8,100.0,3.65,19.0,0.17,False
T010033,2025-08-27,19,HH011,DEV0015,23.3,100.0,45.71,246.5,0.61,False
T010034,2025-08-27,19,HH013,DEV0018,5.6,87.3,6.13,40.5,0.77,False
T010035,2025-08-27,14,HH020,DEV0027,32.1,100.0,2.38,17.0,0.22,False
T010036,2025-08-27,17,HH026,DEV0038,33.6,100.0,33.2,172.8,0.22,False
T010037,2025-08-27,17,HH028,DEV0040,30.0,100.0,27.02,181.3,0.3,False
T010038,2025-08-27,19,HH032,DEV0047,21.9,100.0,4.76,25.9,0.43,False
T010039,2025-08-27,18,HH033,DEV0048,11.9,89.4,4.96,33.7,0.27,False
T010040,2025-08-27,19,HH037,DEV0053,11.8,87.8,3.57,19.9,0.45,False
T010041,2025-08-27,13,HH043,DEV0064,33.4,100.0,30.7,225.7,0.4,False
T010042,2025-08-27,18,HH048,DEV0072,28.9,100.0,5.55,27.8,0.06,False
T010043,2025-08-27,19,HH049,DEV0073,36.0,100.0,2.69,17.3,0.11,False
T010044,2025-08-27,11,HH050,DEV0074,13.5,91.3,3.58,25.4,0.6,False
T010045,2025-08-27,16,HH052,DEV0076,23.5,100.0,3.44,19.7,0.33,False
T010046,2025-08-27,19,HH054,DEV0079,17.5,100.0,3.88,28.7,0.37,False
T010047,2025-08-27,16,HH056,DEV0082,35.1,100.0,3.05,14.3,0.51,False
T010048,2025-08-27,16,HH060,DEV0088,13.5,100.0,6.31,27.5,0.6,False
T010049,2025-08-27,19,HH074,DEV0107,11.5,97.7,43.37,309.4,0.25,False
T010050,2025-08-27,12,HH075,DEV0109,20.4,95.9,30.82,197.9,0.35,False
T010051,2025-08-27,19,HH078,DEV0113,38.6,100.0,3.25,22.6,0.68,False
T010052,2025-08-27,15,HH079,DEV0115,35.1,100.0,31.93,173.6,0.17,False
T010053,2025-08-27,14,HH081,DEV0117,6.4,93.0,20.79,126.3,0.85,False
T010054,2025-08-27,12,HH082,DEV0120,15.4,94.4,3.63,19.3,0.53,False
T010055,2025-08-27,15,HH085,DEV0124,34.9,100.0,21.87,112.3,0.06,False
T010056,2025-08-27,18,HH086,DEV0127,15.3,95.6,3.13,17.7,0.31,False
T010057,2025-08-27,14,HH090,DEV0132,9.5,87.1,45.1,201.1,0.56,False
T010058,2025-08-27,14,HH097,DEV0141,12.1,86.6,3.87,17.2,0.41,False
T010059,2025-08-27,18,HH100,DEV0145,19.6,98.9,32.27,219.3,0.24,False
T010060,2025-08-27,15,HH101,DEV0147,30.1,100.0,2.52,16.1,0.06,False
T010061,2025-08-27,17,HH106,DEV0152,12.3,86.6,39.15,222.0,0.26,False
T010062,2025-08-27,19,HH107,DEV0153,28.8,100.0,2.71,16.4,0.33,False
T010063,2025-08-27,19,HH112,DEV0163,25.2,97.2,24.27,127.6,0.43,False
T010064,2025-08-27,13,HH113,DEV0164,11.2,59.1,10.34,62.4,0.43,True
T010065,2025-08-27,17,HH115,DEV0169,39.0,100.0,24.64,146.3,0.69,False
T010066,2025-08-27,13,HH116,DEV0170,16.8,100.0,28.04,165.7,0.73,False
T010067,2025-08-27,18,HH118,DEV0173,37.7,100.0,2.87,16.5,0.28,False
T010068,2025-08-27,19,HH128,DEV0187,9.6,99.6,3.78,18.0,0.12,False
T010069,2025-08-27,19,HH132,DEV0192,35.7,100.0,3.22,14.4,0.45,False
T010070,2025-08-27,16,HH136,DEV0199,35.7,100.0,29.64,208.2,0.49,False
T010071,2025-08-27,10,HH137,DEV0200,35.8,100.0,2.25,16.2,0.57,False
T010072,2025-08-27,19,HH139,DEV0205,8.9,85.2,5.11,22.5,0.27,False
T010073,2025-08-28,17,HH002,DEV0003,23.7,100.0,4.27,21.1,0.47,False
T010074,2025-08-28,17,HH003,DEV0004,10.2,90.7,32.03,158.3,0.42,False
T010075,2025-08-28,15,HH004,DEV0005,31.7,100.0,4.92,26.1,0.15,False
T010076,2025-08-28,14,HH005,DEV0006,32.6,100.0,2.63,12.9,0.44,False
T010077,2025-08-28,11,HH006,DEV0007,34.7,100.0,13.45,100.0,0.55,False
T010078,2025-08-28,16,HH008,DEV0012,32.0,100.0,4.22,20.7,0.78,False
T010079,2025-08-28,16,HH009,DEV0013,20.8,92.5,4.01,24.3,0.25,False
T010080,2025-08-28,19,HH011,DEV0015,11.5,94.8,49.63,309.6,0.77,False
T010081,2025-08-28,15,HH018,DEV0024,35.3,100.0,4.4,19.7,0.48,False
T010082,2025-08-28,13,HH021,DEV0029,7.4,83.0,3.02,15.6,0.46,False
T010083,2025-08-28,19,HH026,DEV0038,21.8,100.0,39.1,177.3,0.21,False
T010084,2025-08-28,18,HH027,DEV0039,38.9,100.0,1.96,12.7,0.23,False
T010085,2025-08-28,18,HH031,DEV0046,6.4,96.0,46.59,284.3,0.39,False
T010086,2025-08-28,17,HH036,DEV0052,10.8,94.7,6.21,40.6,0.53,False
T010087,2025-08-28,14,HH040,DEV0059,39.3,100.0,1.88,8.9,0.54,False
T010088,2025-08-28,17,HH041,DEV0060,9.3,88.6,4.05,20.7,0.18,False
T010089,2025-08-28,14,HH044,DEV0066,36.3,100.0,19.94,126.6,0.67,False
T010090,2025-08-28,19,HH048,DEV0071,34.7,100.0,26.45,153.7,0.06,False
T010091,2025-08-28,17,HH053,DEV0078,17.5,100.0,16.5,84.3,0.13,False
T010092,2025-08-28,19,HH056,DEV0083,23.6,58.3,7.59,52.2,0.42,True
T010093,2025-08-28,16,HH059,DEV0087,27.1,100.0,4.23,25.4,0.24,False
T010094,2025-08-28,17,HH060,DEV0089,33.5,100.0,17.62,122.1,0.87,False
T010095,2025-08-28,13,HH062,DEV0092,6.6,82.0,24.66,129.5,0.3,False
T010096,2025-08-28,16,HH066,DEV0098,36.7,84.9,3.13,13.9,0.4,True
T010097,2025-08-28,17,HH069,DEV0101,12.8,100.0,48.13,244.0,0.21,False
T010098,2025-08-28,16,HH075,DEV0109,13.9,92.1,31.89,164.6,0.32,False
T010099,2025-08-28,17,HH082,DEV0121,30.6,100.0,29.98,160.6,0.54,False
T010100,2025-08-28,13,HH084,DEV0123,21.3,100.0,3.94,25.4,0.43,False
T010101,2025-08-28,16,HH085,DEV0124,27.3,100.0,24.43,126.4,0.09,False
T010102,2025-08-28,18,HH087,DEV0128,12.7,100.0,2.79,20.2,0.2,False
T010103,2025-08-28,15,HH093,DEV0135,10.9,95.1,3.62,17.7,0.37,False
T010104,2025-08-28,12,HH095,DEV0139,37.5,100.0,15.5,82.7,0.95,False
T010105,2025-08-28,17,HH096,DEV0140,39.6,100.0,4.35,22.0,0.12,False
T010106,2025-08-28,19,HH106,DEV0152,19.2,91.4,38.07,283.9,0.19,False
T010107,2025-08-28,16,HH107,DEV0154,31.8,100.0,2.25,13.4,0.23,False
T010108,2025-08-28,19,HH108,DEV0155,31.8,100.0,30.62,223.1,0.45,False
T010109,2025-08-28,16,HH113,DEV0165,21.3,100.0,5.9,38.5,0.36,False
T010110,2025-08-28,17,HH114,DEV0166,25.1,60.5,2.23,12.5,0.52,True
T010111,2025-08-28,15,HH115,DEV0169,36.7,100.0,25.57,171.2,0.63,False
T010112,2025-08-28,18,HH116,DEV0170,10.2,85.9,25.5,160.4,0.94,False
T010113,2025-08-28,16,HH117,DEV0171,37.3,100.0,2.26,15.5,0.34,False
T010114,2025-08-28,16,HH121,DEV0178,11.8,86.6,33.21,166.5,0.77,False
T010115,2025-08-28,14,HH123,DEV0180,30.5,100.0,14.53,88.2,0.35,False
T010116,2025-08-28,19,HH127,DEV0185,31.6,100.0,40.42,224.8,0.22,False
T010117,2025-08-28,12,HH132,DEV0192,35.5,100.0,3.22,15.8,0.23,False
T010118,2025-08-28,18,HH134,DEV0197,33.7,100.0,16.24,120.7,0.24,False
T010119,2025-08-29,16,HH001,DEV0001,17.6,100.0,28.35,143.2,0.2,False
T010120,2025-08-29,16,HH003,DEV0004,23.8,100.0,30.33,191.1,0.68,False
T010121,2025-08-29,19,HH004,DEV0005,19.5,100.0,5.8,37.3,0.2,False
T010122,2025-08-29,18,HH005,DEV0006,8.9,83.0,2.89,20.4,0.58,False
T010123,2025-08-29,14,HH007,DEV0009,11.0,100.0,22.07,116.9,0.26,False
T010124,2025-08-29,18,HH010,DEV0014,5.3,84.5,47.18,282.8,0.45,False
T010125,2025-08-29,14,HH011,DEV0015,34.8,100.0,38.86,192.9,0.57,False
T010126,2025-08-29,12,HH012,DEV0016,24.5,55.1,1.04,5.0,0.07,True
T010127,2025-08-29,16,HH019,DEV0026,7.5,80.1,24.38,164.5,0.21,False
T010128,2025-08-29,16,HH021,DEV0028,5.3,84.9,21.57,133.1,0.26,False
T010129,2025-08-29,18,HH022,DEV0030,31.5,100.0,3.08,14.1,0.39,False
T010130,2025-08-29,15,HH025,DEV0037,27.5,100.0,42.63,248.8,0.54,False
T010131,2025-08-29,18,HH027,DEV0039,31.5,100.0,2.19,14.2,0.22,False
T010132,2025-08-29,14,HH031,DEV0046,31.4,100.0,35.67,248.8,0.34,False
T010133,2025-08-29,17,HH032,DEV0047,18.7,95.0,4.65,23.9,0.52,False
T010134,2025-08-29,14,HH034,DEV0049,32.6,100.0,5.06,22.0,0.24,False
T010135,2025-08-29,19,HH035,DEV0050,37.1,100.0,21.32,123.9,0.43,False
T010136,2025-08-29,19,HH040,DEV0059,13.9,95.5,2.53,12.3,0.41,False
T010137,2025-08-29,15,HH044,DEV0066,14.1,86.5,22.65,97.4,0.53,False
T010138,2025-08-29,16,HH045,DEV0067,14.6,100.0,43.9,216.5,0.83,False
T010139,2025-08-29,17,HH049,DEV0073,22.1,97.0,3.15,18.5,0.08,False
T010140,2025-08-29,17,HH050,DEV0074,12.6,90.6,3.59,20.4,0.54,False
T010141,2025-08-29,15,HH052,DEV0077,23.8,94.1,3.59,18.5,0.43,False
T010142,2025-08-29,12,HH061,DEV0091,21.6,91.2,4.17,22.1,0.62,False
T010143,2025-08-29,19,HH064,DEV0095,30.0,100.0,2.17,9.4,0.36,False
T010144,2025-08-29,14,HH065,DEV0097,34.1,100.0,4.94,21.6,0.7,False
T010145,2025-08-29,19,HH067,DEV0099,17.0,99.5,6.6,32.0,0.7,False
T010146,2025-08-29,14,HH074,DEV0107,39.2,100.0,30.58,161.6,0.26,False
T010147,2025-08-29,15,HH076,DEV0110,39.4,100.0,21.69,130.7,0.48,False
T010148,2025-08-29,14,HH081,DEV0118,8.9,79.6,14.77,63.4,0.63,False
T010149,2025-08-29,19,HH083,DEV0122,38.9,100.0,23.65,124.0,0.28,False
T010150,2025-08-29,17,HH085,DEV0124,34.6,100.0,21.97,107.9,0.06,False
T010151,2025-08-29,18,HH088,DEV0129,27.7,100.0,33.33,146.3,0.22,False
T010152,2025-08-29,17,HH090,DEV0132,19.5,90.4,41.19,179.3,0.67,False
T010153,2025-08-29,19,HH095,DEV0139,10.6,88.2,19.24,84.1,0.78,False
T010154,2025-08-29,15,HH096,DEV0140,26.8,100.0,5.27,24.5,0.11,False
T010155,2025-08-29,14,HH097,DEV0141,38.3,100.0,3.21,17.7,0.51,False
T010156,2025-08-29,19,HH098,DEV0142,11.7,91.0,43.6,302.0,0.44,False
T010157,2025-08-29,19,HH099,DEV0144,36.0,100.0,4.93,26.1,0.3,False
T010158,2025-08-29,19,HH100,DEV0145,22.1,100.0,31.71,190.9,0.14,False
T010159,2025-08-29,16,HH104,DEV0150,9.8,83.6,24.29,172.5,0.21,False
T010160,2025-08-29,15,HH107,DEV0153,22.8,100.0,2.93,17.1,0.19,False
T010161,2025-08-29,15,HH111,DEV0162,21.0,100.0,34.76,184.1,0.4,False
T010162,2025-08-29,19,HH113,DEV0165,32.8,100.0,5.04,32.6,0.49,False
T010163,2025-08-29,15,HH114,DEV0168,9.6,88.6,28.51,157.2,0.35,False
T010164,2025-08-29,18,HH116,DEV0170,30.1,100.0,23.56,122.7,0.58,False
T010165,2025-08-29,19,HH118,DEV0173,9.0,100.0,4.19,18.7,0.28,False
T010166,2025-08-29,13,HH124,DEV0181,33.5,83.5,22.22,112.6,0.77,True
T010167,2025-08-29,16,HH125,DEV0183,33.1,100.0,3.61,16.8,0.4,False
T010168,2025-08-29,16,HH127,DEV0186,17.6,100.0,41.61,286.8,0.18,False
T010169,2025-08-29,11,HH129,DEV0188,17.9,99.3,4.8,30.8,0.53,False
T010170,2025-08-29,18,HH130,DEV0189,32.8,100.0,4.77,25.6,0.17,False
T010171,2025-08-29,17,HH133,DEV0194,19.3,94.3,42.97,197.6,0.15,False
T010172,2025-08-29,17,HH134,DEV0197,27.1,100.0,17.86,77.7,0.17,False
T010173,2025-08-29,16,HH137,DEV0202,7.2,44.7,1.91,12.6,0.53,True
T010174,2025-08-29,19,HH139,DEV0204,7.2,92.2,31.2,140.7,0.4,False
T010175,2025-08-30,16,HH001,DEV0001,13.7,100.0,29.69,155.5,0.26,False
T010176,2025-08-30,19,HH005,DEV0006,21.7,100.0,3.05,16.9,0.37,False
T010177,2025-08-30,16,HH007,DEV0008,31.3,100.0,2.61,14.4,0.22,False
T010178,2025-08-30,15,HH015,DEV0020,13.3,100.0,2.95,16.9,0.51,False
T010179,2025-08-30,17,HH016,DEV0021,39.8,100.0,27.39,190.3,0.4,False
T010180,2025-08-30,14,HH020,DEV0027,35.1,100.0,2.27,11.5,0.2,False
T010181,2025-08-30,14,HH024,DEV0034,24.1,93.9,40.86,177.7,0.63,False
T010182,2025-08-30,11,HH031,DEV0046,18.1,100.0,42.59,189.0,0.37,False
T010183,2025-08-30,12,HH035,DEV0050,6.4,82.9,25.92,122.6,0.27,False
T010184,2025-08-30,17,HH037,DEV0053,32.4,100.0,3.18,22.1,0.46,False
T010185,2025-08-30,13,HH040,DEV0059,20.8,100.0,2.46,10.9,0.52,False
T010186,2025-08-30,18,HH044,DEV0066,25.0,100.0,23.48,124.5,0.53,False
T010187,2025-08-30,17,HH046,DEV0068,15.8,86.3,33.13,151.0,0.13,False
T010188,2025-08-30,17,HH047,DEV0069,39.8,86.0,23.79,169.9,0.08,True
T010189,2025-08-30,18,HH048,DEV0072,35.1,100.0,5.06,22.8,0.07,False
T010190,2025-08-30,13,HH053,DEV0078,10.2,99.4,17.85,79.9,0.17,False
T010191,2025-08-30,13,HH056,DEV0082,37.8,100.0,2.92,14.1,0.49,False
T010192,2025-08-30,17,HH059,DEV0087,16.8,100.0,4.83,23.1,0.17,False
T010193,2025-08-30,19,HH060,DEV0088,12.8,94.3,5.95,41.5,0.56,False
T010194,2025-08-30,18,HH063,DEV0094,5.5,79.2,2.51,11.0,0.35,False
T010195,2025-08-30,19,HH070,DEV0102,29.2,72.6,1.43,7.3,0.19,True
T010196,2025-08-30,17,HH072,DEV0104,18.5,100.0,23.88,135.5,0.09,False
T010197,2025-08-30,18,HH074,DEV0108,18.8,100.0,4.55,19.5,0.21,False
T010198,2025-08-30,13,HH075,DEV0109,22.6,100.0,31.58,183.7,0.34,False
T010199,2025-08-30,15,HH078,DEV0114,17.0,95.3,27.55,165.0,0.62,False
T010200,2025-08-30,18,HH085,DEV0124,16.7,100.0,27.99,128.0,0.06,False
T010201,2025-08-30,19,HH089,DEV0130,12.3,100.0,3.95,19.9,0.13,False
T010202,2025-08-30,18,HH093,DEV0135,37.5,100.0,2.69,12.0,0.37,False
T010203,2025-08-30,19,HH095,DEV0138,37.4,100.0,17.72,110.3,0.72,False
T010204,2025-08-30,19,HH102,DEV0148,30.9,100.0,18.31,99.2,0.76,False
T010205,2025-08-30,16,HH105,DEV0151,32.5,100.0,3.38,23.8,0.13,False
T010206,2025-08-30,15,HH106,DEV0152,31.6,100.0,36.05,233.1,0.23,False
T010207,2025-08-30,14,HH107,DEV0153,16.2,93.9,2.95,19.1,0.21,False
T010208,2025-08-30,15,HH108,DEV0155,10.0,87.6,34.83,189.3,0.6,False
T010209,2025-08-30,19,HH112,DEV0163,32.1,100.0,22.88,123.8,0.38,False
T010210,2025-08-30,18,HH113,DEV0165,6.9,84.0,5.78,26.2,0.47,False
T010211,2025-08-30,14,HH114,DEV0166,30.3,70.4,2.53,11.1,0.46,True
T010212,2025-08-30,15,HH117,DEV0171,32.7,100.0,2.42,13.9,0.45,False
T010213,2025-08-30,15,HH120,DEV0176,22.8,95.8,4.67,21.4,0.32,False
T010214,2025-08-30,18,HH122,DEV0179,17.8,100.0,26.96,143.9,0.73,False
T010215,2025-08-30,18,HH125,DEV0183,13.0,91.9,4.26,29.8,0.27,False
T010216,2025-08-30,17,HH127,DEV0185,28.8,100.0,42.08,253.8,0.26,False
T010217,2025-08-30,14,HH129,DEV0188,32.2,100.0,4.0,29.8,0.78,False
T010218,2025-08-30,17,HH138,DEV0203,32.3,100.0,23.09,122.4,0.17,False
T010219,2025-08-30,13,HH139,DEV0204,11.5,98.2,31.83,212.8,0.21,False
T010220,2025-08-30,18,HH140,DEV0206,9.4,86.1,19.8,95.4,0.68,False
T010221,2025-08-31,15,HH001,DEV0001,5.9,95.0,30.65,200.0,0.32,False
T010222,2025-08-31,17,HH002,DEV0002,30.8,100.0,39.31,183.2,0.61,False
T010223,2025-08-31,18,HH011,DEV0015,34.7,100.0,38.92,184.2,0.57,False
T010224,2025-08-31,19,HH016,DEV0021,35.7,100.0,29.26,132.5,0.43,False
T010225,2025-08-31,18,HH017,DEV0022,7.7,98.3,20.2,138.8,0.43,False
T010226,2025-08-31,17,HH019,DEV0026,36.1,100.0,21.47,138.7,0.28,False
T010227,2025-08-31,15,HH021,DEV0028,19.8,100.0,21.73,128.4,0.27,False
T010228,2025-08-31,18,HH023,DEV0032,37.4,100.0,37.12,222.2,0.15,False
T010229,2025-08-31,15,HH024,DEV0035,10.2,92.7,45.14,209.8,0.58,False
T010230,2025-08-31,19,HH028,DEV0040,37.0,100.0,24.32,118.9,0.52,False
T010231,2025-08-31,13,HH030,DEV0044,8.4,87.4,2.77,20.3,0.07,False
T010232,2025-08-31,16,HH031,DEV0045,34.9,100.0,33.14,178.9,0.46,False
T010233,2025-08-31,19,HH036,DEV0051,12.2,97.4,5.11,24.5,0.61,False
T010234,2025-08-31,13,HH037,DEV0053,20.5,97.3,3.61,19.0,0.88,False
T010235,2025-08-31,16,HH039,DEV0057,8.2,80.5,5.5,30.4,0.65,False
T010236,2025-08-31,19,HH040,DEV0059,20.7,100.0,2.46,17.1,0.34,False
T010237,2025-08-31,16,HH045,DEV0067,25.2,100.0,38.45,188.0,0.8,False
T010238,2025-08-31,16,HH048,DEV0071,11.8,90.5,31.89,224.1,0.06,False
T010239,2025-08-31,18,HH050,DEV0074,16.3,100.0,3.85,23.4,0.42,False
T010240,2025-08-31,14,HH054,DEV0079,25.4,100.0,3.51,22.7,0.41,False
T010241,2025-08-31,14,HH056,DEV0082,20.1,100.0,3.76,19.6,0.48,False
T010242,2025-08-31,19,HH058,DEV0086,16.7,100.0,3.0,15.1,0.34,False
T010243,2025-08-31,13,HH061,DEV0090,36.2,100.0,4.85,22.8,0.31,False
T010244,2025-08-31,16,HH067,DEV0099,22.3,97.1,5.99,30.5,0.4,False
T010245,2025-08-31,18,HH069,DEV0101,23.9,100.0,42.01,214.4,0.22,False
T010246,2025-08-31,15,HH070,DEV0102,32.1,66.4,1.13,7.3,0.18,True
T010247,2025-08-31,15,HH073,DEV0106,28.8,100.0,4.56,27.8,0.26,False
T010248,2025-08-31,18,HH077,DEV0111,35.5,100.0,5.03,24.7,0.31,False
T010249,2025-08-31,18,HH078,DEV0114,37.5,100.0,22.0,113.9,0.69,False
T010250,2025-08-31,18,HH085,DEV0124,31.4,100.0,23.05,172.9,0.08,False
T010251,2025-08-31,15,HH087,DEV0128,39.7,100.0,1.93,8.5,0.31,False
T010252,2025-08-31,17,HH088,DEV0129,5.4,77.2,33.11,175.1,0.21,False
T010253,2025-08-31,14,HH091,DEV0133,5.5,77.1,3.22,18.9,0.59,False
T010254,2025-08-31,16,HH093,DEV0135,15.3,100.0,3.64,20.8,0.38,False
T010255,2025-08-31,17,HH098,DEV0142,11.3,85.0,40.53,228.5,0.74,False
T010256,2025-08-31,16,HH099,DEV0144,18.3,100.0,6.29,28.2,0.32,False
T010257,2025-08-31,15,HH101,DEV0147,13.6,90.6,2.77,13.3,0.08,False
T010258,2025-08-31,19,HH106,DEV0152,28.1,100.0,37.89,205.0,0.18,False
T010259,2025-08-31,19,HH107,DEV0154,32.5,100.0,2.23,12.4,0.33,False
T010260,2025-08-31,19,HH111,DEV0162,24.3,100.0,33.31,151.1,0.41,False
T010261,2025-08-31,15,HH112,DEV0163,26.5,100.0,24.77,130.2,0.25,False
T010262,2025-08-31,15,HH113,DEV0164,38.5,81.0,9.17,53.7,0.31,True
T010263,2025-08-31,18,HH114,DEV0166,39.5,84.4,2.83,20.0,0.35,True
T010264,2025-08-31,14,HH119,DEV0174,27.4,100.0,21.71,160.4,0.26,False
T010265,2025-08-31,16,HH124,DEV0181,35.5,70.9,15.7,91.9,0.44,True
T010266,2025-08-31,17,HH129,DEV0188,17.2,93.6,4.51,30.9,0.69,False
T010267,2025-08-31,17,HH131,DEV0190,19.9,96.9,3.62,19.2,0.42,False
T010268,2025-08-31,12,HH133,DEV0193,35.7,100.0,2.44,13.9,0.12,False
T010269,2025-08-31,13,HH135,DEV0198,29.5,100.0,4.09,19.2,0.08,False
T010270,2025-08-31,15,HH138,DEV0203,8.0,94.4,29.45,201.9,0.28,False
T010271,2025-08-31,18,HH139,DEV0205,25.3,100.0,5.0,29.9,0.29,False
T010272,2025-09-01,15,HH001,DEV0001,32.8,100.0,23.12,121.5,0.22,False
T010273,2025-09-01,15,HH002,DEV0003,9.2,86.1,4.3,26.9,0.51,False
T010274,2025-09-01,16,HH012,DEV0016,32.8,85.8,1.8,9.7,0.11,True
T010275,2025-09-01,16,HH015,DEV0020,24.7,99.5,2.54,17.0,0.46,False
T010276,2025-09-01,19,HH018,DEV0024,8.7,100.0,6.21,41.5,0.49,False
T010277,2025-09-01,15,HH019,DEV0026,7.1,91.3,28.28,199.5,0.3,False
T010278,2025-09-01,19,HH020,DEV0027,38.0,100.0,2.17,14.1,0.22,False
T010279,2025-09-01,16,HH022,DEV0031,26.6,100.0,14.9,97.2,0.59,False
T010280,2025-09-01,16,HH028,DEV0040,5.0,78.5,28.37,176.0,0.28,False
T010281,2025-09-01,16,HH029,DEV0043,37.4,100.0,33.12,169.2,0.59,False
T010282,2025-09-01,13,HH033,DEV0048,40.0,100.0,3.84,19.9,0.17,False
T010283,2025-09-01,14,HH036,DEV0051,9.1,88.1,4.74,22.3,0.43,False
T010284,2025-09-01,18,HH037,DEV0053,19.9,93.3,3.45,21.1,0.53,False
T010285,2025-09-01,19,HH042,DEV0062,18.1,98.3,23.59,144.0,0.2,False
T010286,2025-09-01,18,HH044,DEV0066,7.4,81.4,23.16,117.4,0.77,False
T010287,2025-09-01,19,HH047,DEV0070,6.9,97.5,21.83,96.4,0.13,False
T010288,2025-09-01,13,HH056,DEV0082,37.2,100.0,2.95,17.4,0.39,False
T010289,2025-09-01,18,HH057,DEV0084,20.0,100.0,2.56,15.6,0.48,False
T010290,2025-09-01,19,HH060,DEV0088,32.2,100.0,4.95,23.8,0.82,False
T010291,2025-09-01,15,HH065,DEV0097,22.4,100.0,5.82,27.0,0.49,False
T010292,2025-09-01,17,HH067,DEV0099,31.9,100.0,5.45,30.6,0.45,False
T010293,2025-09-01,14,HH068,DEV0100,23.6,99.0,32.72,188.5,0.58,False
T010294,2025-09-01,12,HH071,DEV0103,11.8,99.0,5.49,25.4,0.45,False
T010295,2025-09-01,18,HH074,DEV0107,37.4,100.0,31.49,208.2,0.2,False
T010296,2025-09-01,19,HH076,DEV0110,21.2,94.9,26.38,183.6,0.41,False
T010297,2025-09-01,15,HH080,DEV0116,31.0,100.0,5.18,24.7,0.52,False
T010298,2025-09-01,17,HH082,DEV0120,15.7,95.9,3.69,22.7,0.75,False
T010299,2025-09-01,16,HH083,DEV0122,19.3,98.4,30.61,208.6,0.29,False
T010300,2025-09-01,17,HH087,DEV0128,31.3,100.0,2.2,10.0,0.16,False
T010301,2025-09-01,10,HH089,DEV0130,13.9,100.0,3.87,18.8,0.16,False
T010302,2025-09-01,18,HH090,DEV0132,15.3,99.3,48.81,213.1,0.55,False
T010303,2025-09-01,13,HH092,DEV0134,16.9,100.0,37.15,231.9,0.44,False
T010304,2025-09-01,11,HH098,DEV0142,12.7,95.5,45.52,222.3,0.75,False
T010305,2025-09-01,16,HH099,DEV0144,39.4,100.0,4.67,23.6,0.22,False
T010306,2025-09-01,17,HH100,DEV0146,14.4,95.5,4.62,30.3,0.13,False
T010307,2025-09-01,14,HH101,DEV0147,26.1,100.0,2.66,17.1,0.05,False
T010308,2025-09-01,19,HH105,DEV0151,34.7,100.0,3.26,16.1,0.2,False
T010309,2025-09-01,14,HH106,DEV0152,34.1,100.0,34.73,152.2,0.15,False
T010310,2025-09-01,19,HH109,DEV0156,14.8,89.3,5.66,29.0,0.32,False
T010311,2025-09-01,16,HH119,DEV0175,38.6,100.0,15.47,72.6,0.31,False
T010312,2025-09-01,15,HH121,DEV0177,23.3,100.0,4.37,29.2,0.72,False
T010313,2025-09-01,13,HH124,DEV0181,26.8,61.5,15.4,88.1,0.76,True
T010314,2025-09-01,17,HH126,DEV0184,5.1,54.6,3.76,21.0,0.21,True
T010315,2025-09-01,19,HH127,DEV0186,16.0,100.0,42.42,212.4,0.23,False
T010316,2025-09-01,17,HH128,DEV0187,33.1,100.0,2.81,19.8,0.15,False
T010317,2025-09-01,16,HH129,DEV0188,30.7,100.0,4.09,30.6,0.81,False
T010318,2025-09-01,15,HH131,DEV0190,6.5,89.4,3.9,17.9,0.43,False
T010319,2025-09-01,13,HH132,DEV0192,34.6,100.0,3.27,16.7,0.28,False
T010320,2025-09-01,10,HH133,DEV0195,34.4,100.0,14.96,74.1,0.15,False
T010321,2025-09-01,8,HH135,DEV0198,34.5,100.0,3.8,23.6,0.13,False
T010322,2025-09-01,18,HH136,DEV0199,33.4,100.0,30.7,184.4,0.42,False
T010323,2025-09-01,18,HH138,DEV0203,11.2,100.0,30.28,157.3,0.16,False
T010324,2025-09-01,15,HH140,DEV0206,15.0,98.6,21.56,102.0,0.41,False
T010325,2025-09-02,13,HH002,DEV0002,24.9,100.0,42.66,198.1,0.63,False
T010326,2025-09-02,19,HH003,DEV0004,39.7,100.0,24.0,166.2,0.34,False
T010327,2025-09-02,17,HH005,DEV0006,22.3,100.0,3.03,13.4,0.48,False
T010328,2025-09-02,18,HH009,DEV0013,34.5,100.0,3.67,24.1,0.21,False
T010329,2025-09-02,14,HH011,DEV0015,7.4,78.5,42.35,216.6,0.75,False
T010330,2025-09-02,17,HH012,DEV0016,5.7,36.1,1.03,6.6,0.1,True
T010331,2025-09-02,15,HH015,DEV0020,28.9,100.0,2.42,10.7,0.33,False
T010332,2025-09-02,16,HH016,DEV0021,23.6,100.0,34.76,193.4,0.27,False
T010333,2025-09-02,16,HH018,DEV0025,20.5,98.7,31.43,143.3,0.59,False
T010334,2025-09-02,12,HH020,DEV0027,28.2,100.0,2.51,15.8,0.12,False
T010335,2025-09-02,15,HH025,DEV0037,9.9,95.5,50.35,269.8,0.46,False
T010336,2025-09-02,13,HH030,DEV0044,22.7,100.0,2.71,14.1,0.11,False
T010337,2025-09-02,17,HH037,DEV0053,25.8,100.0,3.49,22.4,0.45,False
T010338,2025-09-02,18,HH042,DEV0061,26.8,98.0,29.64,153.6,0.38,False
T010339,2025-09-02,15,HH044,DEV0066,9.5,99.1,28.05,162.8,0.65,False
T010340,2025-09-02,11,HH045,DEV0067,25.5,97.8,37.15,265.8,0.87,False
T010341,2025-09-02,17,HH050,DEV0074,10.8,95.6,3.9,21.3,0.38,False
T010342,2025-09-02,17,HH052,DEV0077,6.4,98.7,4.71,27.6,0.32,False
T010343,2025-09-02,18,HH055,DEV0081,14.3,92.6,3.29,15.0,0.43,False
T010344,2025-09-02,17,HH063,DEV0093,29.1,100.0,20.35,96.3,0.38,False
T010345,2025-09-02,15,HH064,DEV0095,37.7,100.0,1.93,8.9,0.38,False
T010346,2025-09-02,15,HH065,DEV0097,34.3,100.0,4.93,26.0,0.62,False
T010347,2025-09-02,19,HH066,DEV0098,5.9,35.3,1.91,9.6,0.35,True
T010348,2025-09-02,15,HH071,DEV0103,30.3,100.0,4.39,28.9,0.38,False
T010349,2025-09-02,14,HH072,DEV0104,15.1,98.5,24.44,125.4,0.09,False
T010350,2025-09-02,19,HH073,DEV0105,23.7,100.0,4.65,25.7,0.15,False
T010351,2025-09-02,19,HH083,DEV0122,25.4,100.0,28.87,180.6,0.25,False
T010352,2025-09-02,17,HH086,DEV0126,27.1,100.0,22.67,134.6,0.34,False
T010353,2025-09-02,17,HH087,DEV0128,31.9,100.0,2.18,12.6,0.31,False
T010354,2025-09-02,14,HH093,DEV0135,6.8,80.0,3.15,17.0,0.29,False
T010355,2025-09-02,12,HH094,DEV0137,31.0,100.0,3.38,19.6,0.22,False
T010356,2025-09-02,17,HH099,DEV0144,6.1,89.2,6.39,32.0,0.22,False
T010357,2025-09-02,18,HH100,DEV0145,35.3,100.0,26.33,129.6,0.16,False
T010358,2025-09-02,19,HH101,DEV0147,38.3,100.0,2.22,10.4,0.06,False
T010359,2025-09-02,17,HH105,DEV0151,10.2,83.8,3.68,16.8,0.23,False
T010360,2025-09-02,18,HH106,DEV0152,39.5,100.0,31.88,194.2,0.14,False
T010361,2025-09-02,14,HH112,DEV0163,28.9,100.0,23.96,117.6,0.45,False
T010362,2025-09-02,16,HH113,DEV0164,12.3,58.3,9.94,43.0,0.29,True
T010363,2025-09-02,15,HH118,DEV0172,39.0,100.0,28.36,136.4,0.23,False
T010364,2025-09-02,18,HH125,DEV0182,20.9,98.8,25.62,116.9,0.25,False
T010365,2025-09-02,17,HH129,DEV0188,35.6,100.0,3.8,18.4,0.5,False
T010366,2025-09-02,15,HH131,DEV0190,6.2,79.4,3.44,15.9,0.27,False
T010367,2025-09-02,14,HH134,DEV0197,29.0,100.0,17.4,112.8,0.13,False
T010368,2025-09-02,14,HH135,DEV0198,16.7,100.0,4.83,25.7,0.16,False
T010369,2025-09-02,19,HH140,DEV0206,23.0,100.0,19.87,91.5,0.39,False
T010370,2025-09-03,15,HH002,DEV0003,38.9,100.0,3.42,20.8,0.52,False
T010371,2025-09-03,18,HH004,DEV0005,30.0,100.0,5.04,26.8,0.22,False
T010372,2025-09-03,14,HH005,DEV0006,15.5,94.3,3.07,17.3,0.32,False
T010373,2025-09-03,15,HH010,DEV0014,39.8,100.0,35.88,260.9,0.43,False
T010374,2025-09-03,17,HH012,DEV0016,15.6,52.5,1.25,7.9,0.08,True
T010375,2025-09-03,16,HH013,DEV0018,7.9,82.9,5.63,30.7,0.93,False
T010376,2025-09-03,12,HH021,DEV0028,6.5,90.4,22.74,147.6,0.48,False
T010377,2025-09-03,19,HH027,DEV0039,22.2,100.0,2.49,12.1,0.28,False
T010378,2025-09-03,17,HH031,DEV0046,22.4,100.0,40.35,225.5,0.46,False
T010379,2025-09-03,18,HH034,DEV0049,24.1,100.0,5.69,34.4,0.17,False
T010380,2025-09-03,19,HH036,DEV0051,35.0,100.0,3.9,27.0,0.61,False
T010381,2025-09-03,19,HH037,DEV0053,18.9,100.0,3.81,26.8,0.48,False
T010382,2025-09-03,17,HH039,DEV0057,34.7,100.0,4.96,25.9,0.61,False
T010383,2025-09-03,19,HH041,DEV0060,34.2,100.0,3.36,22.2,0.1,False
T010384,2025-09-03,19,HH046,DEV0068,15.9,96.0,37.62,191.5,0.06,False
T010385,2025-09-03,17,HH047,DEV0070,11.0,100.0,21.45,98.1,0.14,False
T010386,2025-09-03,17,HH050,DEV0074,16.2,95.5,3.65,27.1,0.46,False
T010387,2025-09-03,19,HH054,DEV0079,22.7,100.0,3.63,22.5,0.34,False
T010388,2025-09-03,14,HH055,DEV0080,8.5,87.7,24.07,138.9,0.32,False
T010389,2025-09-03,15,HH064,DEV0095,39.7,100.0,1.87,11.5,0.35,False
T010390,2025-09-03,16,HH069,DEV0101,7.4,92.7,47.11,289.9,0.21,False
T010391,2025-09-03,19,HH077,DEV0111,34.2,100.0,5.13,25.4,0.37,False
T010392,2025-09-03,19,HH081,DEV0117,20.6,100.0,19.06,133.1,0.51,False
T010393,2025-09-03,14,HH086,DEV0127,37.8,100.0,2.43,16.7,0.3,False
T010394,2025-09-03,19,HH097,DEV0141,6.4,88.6,4.27,19.3,0.54,False
T010395,2025-09-03,14,HH098,DEV0142,20.7,100.0,43.61,236.4,0.61,False
T010396,2025-09-03,17,HH100,DEV0146,32.0,100.0,3.88,18.1,0.2,False
T010397,2025-09-03,19,HH104,DEV0150,36.0,100.0,21.06,151.4,0.24,False
T010398,2025-09-03,15,HH110,DEV0159,38.4,100.0,2.22,9.7,0.45,False
T010399,2025-09-03,17,HH113,DEV0164,21.0,62.5,8.96,60.0,0.34,True
T010400,2025-09-03,19,HH126,DEV0184,35.3,77.1,3.18,18.8,0.19,True
T010401,2025-09-03,13,HH127,DEV0185,26.4,100.0,43.5,218.8,0.13,False
T010402,2025-09-03,16,HH130,DEV0189,11.1,100.0,6.31,27.9,0.11,False
T010403,2025-09-03,19,HH131,DEV0190,6.7,90.3,3.93,20.0,0.36,False
T010404,2025-09-03,16,HH133,DEV0193,17.5,91.2,2.8,17.7,0.19,False
T010405,2025-09-03,18,HH139,DEV0204,10.4,86.2,27.82,181.5,0.34,False
T010406,2025-09-03,16,HH140,DEV0206,24.9,98.4,18.97,106.2,0.33,False
T010407,2025-09-04,19,HH001,DEV0001,13.3,88.5,25.88,150.9,0.29,False
T010408,2025-09-04,16,HH002,DEV0002,9.4,82.8,41.71,251.1,0.67,False
T010409,2025-09-04,15,HH003,DEV0004,6.4,90.1,33.33,230.5,0.38,False
T010410,2025-09-04,19,HH005,DEV0006,7.3,88.4,3.16,14.5,0.52,False
T010411,2025-09-04,19,HH009,DEV0013,12.8,100.0,4.88,28.3,0.21,False
T010412,2025-09-04,18,HH010,DEV0014,30.0,100.0,41.72,194.2,0.32,False
T010413,2025-09-04,15,HH011,DEV0015,31.6,100.0,40.77,229.9,0.61,False
T010414,2025-09-04,14,HH014,DEV0019,17.6,95.6,3.51,17.5,0.29,False
T010415,2025-09-04,16,HH016,DEV0021,39.2,100.0,27.66,186.1,0.36,False
T010416,2025-09-04,16,HH017,DEV0023,14.5,100.0,4.87,34.6,0.71,False
T010417,2025-09-04,17,HH018,DEV0024,22.4,100.0,5.28,36.2,0.33,False
T010418,2025-09-04,19,HH027,DEV0039,37.0,100.0,2.02,10.6,0.25,False
T010419,2025-09-04,14,HH028,DEV0040,30.5,100.0,26.83,190.4,0.31,False
T010420,2025-09-04,18,HH029,DEV0043,33.4,100.0,35.23,213.7,0.38,False
T010421,2025-09-04,16,HH031,DEV0046,7.4,95.3,45.7,219.6,0.5,False
T010422,2025-09-04,12,HH033,DEV0048,7.5,94.7,5.58,24.1,0.19,False
T010423,2025-09-04,15,HH034,DEV0049,20.6,100.0,5.96,31.1,0.23,False
T010424,2025-09-04,15,HH039,DEV0058,17.8,89.0,3.42,20.4,0.94,False
T010425,2025-09-04,17,HH040,DEV0059,15.2,100.0,2.63,18.0,0.46,False
T010426,2025-09-04,15,HH043,DEV0065,36.3,100.0,2.68,18.3,0.37,False
T010427,2025-09-04,16,HH044,DEV0066,5.9,92.7,27.16,119.1,0.66,False
T010428,2025-09-04,19,HH045,DEV0067,19.6,100.0,41.33,286.4,1.0,False
T010429,2025-09-04,19,HH046,DEV0068,10.6,85.1,35.03,182.8,0.1,False
T010430,2025-09-04,13,HH048,DEV0071,35.1,100.0,26.28,148.6,0.07,False
T010431,2025-09-04,13,HH056,DEV0082,10.1,91.6,3.83,25.2,0.36,False
T010432,2025-09-04,18,HH059,DEV0087,6.6,82.0,4.37,27.2,0.23,False
T010433,2025-09-04,9,HH060,DEV0089,30.5,100.0,18.42,125.4,0.49,False
T010434,2025-09-04,16,HH061,DEV0090,12.5,94.5,6.23,36.9,0.41,False
T010435,2025-09-04,16,HH062,DEV0092,37.9,100.0,20.31,123.2,0.5,False
T010436,2025-09-04,19,HH063,DEV0094,16.0,91.7,2.57,11.1,0.37,False
T010437,2025-09-04,16,HH065,DEV0097,21.9,100.0,5.86,41.1,0.72,False
T010438,2025-09-04,13,HH067,DEV0099,13.5,90.2,6.13,29.9,0.68,False
T010439,2025-09-04,15,HH071,DEV0103,16.2,93.0,4.84,31.5,0.51,False
T010440,2025-09-04,16,HH072,DEV0104,20.8,98.6,22.79,142.3,0.08,False
T010441,2025-09-04,19,HH078,DEV0114,35.6,100.0,22.67,127.6,0.62,False
T010442,2025-09-04,14,HH079,DEV0115,31.1,100.0,33.9,215.6,0.17,False
T010443,2025-09-04,18,HH086,DEV0125,28.2,100.0,2.51,15.9,0.28,False
T010444,2025-09-04,15,HH092,DEV0134,26.5,100.0,32.85,190.4,0.35,False
T010445,2025-09-04,17,HH096,DEV0140,24.9,100.0,5.41,27.7,0.18,False
T010446,2025-09-04,17,HH098,DEV0142,5.6,76.6,39.03,187.6,0.51,False
T010447,2025-09-04,19,HH099,DEV0144,9.8,91.1,6.26,38.1,0.26,False
T010448,2025-09-04,19,HH101,DEV0147,37.4,100.0,2.25,13.6,0.08,False
T010449,2025-09-04,17,HH103,DEV0149,38.7,84.5,1.97,10.5,0.5,True
T010450,2025-09-04,14,HH105,DEV0151,30.0,100.0,3.5,19.7,0.18,False
T010451,2025-09-04,19,HH108,DEV0155,20.8,97.7,34.51,218.4,0.47,False
T010452,2025-09-04,19,HH109,DEV0156,8.3,81.8,5.58,29.0,0.7,False
T010453,2025-09-04,16,HH110,DEV0158,39.3,100.0,2.0,8.8,0.25,False
T010454,2025-09-04,17,HH111,DEV0162,19.4,100.0,35.46,206.6,0.4,False
T010455,2025-09-04,13,HH114,DEV0166,16.1,54.0,2.39,11.1,0.45,True
T010456,2025-09-04,16,HH116,DEV0170,36.3,100.0,21.47,154.1,1.0,False
T010457,2025-09-04,18,HH118,DEV0173,39.5,100.0,2.78,16.4,0.27,False
T010458,2025-09-04,18,HH122,DEV0179,11.5,93.7,26.96,126.0,0.73,False
T010459,2025-09-04,16,HH124,DEV0181,35.5,85.0,21.96,107.9,0.73,True
T010460,2025-09-04,16,HH125,DEV0182,32.8,100.0,22.11,112.9,0.38,False
T010461,2025-09-04,16,HH127,DEV0186,35.6,100.0,32.52,158.6,0.24,False
T010462,2025-09-05,14,HH003,DEV0004,13.4,94.9,32.44,164.5,0.56,False
T010463,2025-09-05,18,HH004,DEV0005,25.4,100.0,5.37,26.6,0.19,False
T010464,2025-09-05,15,HH006,DEV0007,6.8,87.0,16.52,75.9,0.57,False
T010465,2025-09-05,19,HH008,DEV0010,26.6,63.3,18.68,97.2,0.66,True
T010466,2025-09-05,16,HH010,DEV0014,34.8,100.0,38.86,253.6,0.33,False
T010467,2025-09-05,17,HH011,DEV0015,8.9,90.6,48.68,243.1,0.69,False
T010468,2025-09-05,19,HH012,DEV0016,28.4,61.5,1.13,5.3,0.1,True
T010469,2025-09-05,12,HH013,DEV0018,16.0,100.0,6.3,36.5,0.6,False
T010470,2025-09-05,16,HH020,DEV0027,16.5,98.9,2.88,12.8,0.21,False
T010471,2025-09-05,16,HH024,DEV0034,12.4,98.2,50.19,261.8,0.7,False
T010472,2025-09-05,16,HH029,DEV0042,14.6,98.2,43.57,290.7,0.45,False
T010473,2025-09-05,19,HH031,DEV0045,37.1,100.0,32.02,225.5,0.46,False
T010474,2025-09-05,17,HH034,DEV0049,9.3,93.0,6.28,33.5,0.18,False
T010475,2025-09-05,18,HH038,DEV0055,8.0,87.5,2.94,21.8,0.53,False
T010476,2025-09-05,14,HH041,DEV0060,9.5,86.6,3.93,19.4,0.17,False
T010477,2025-09-05,19,HH042,DEV0062,11.0,97.4,25.41,153.0,0.23,False
T010478,2025-09-05,17,HH045,DEV0067,34.5,100.0,33.67,236.0,0.53,False
T010479,2025-09-05,18,HH047,DEV0070,40.0,100.0,14.46,68.2,0.14,False
T010480,2025-09-05,18,HH049,DEV0073,38.1,100.0,2.6,18.3,0.07,False
T010481,2025-09-05,16,HH050,DEV0074,39.6,100.0,2.78,16.1,0.46,False
T010482,2025-09-05,19,HH053,DEV0078,5.5,87.6,16.42,119.4,0.16,False
T010483,2025-09-05,18,HH054,DEV0079,9.3,91.1,3.85,27.2,0.25,False
T010484,2025-09-05,19,HH059,DEV0087,35.7,100.0,3.73,19.1,0.21,False
T010485,2025-09-05,14,HH063,DEV0094,33.5,100.0,2.26,9.8,0.31,False
T010486,2025-09-05,19,HH065,DEV0097,14.9,94.7,5.98,32.8,0.55,False
T010487,2025-09-05,17,HH066,DEV0098,28.2,84.2,3.64,15.9,0.22,True
T010488,2025-09-05,15,HH067,DEV0099,37.4,100.0,5.01,22.7,0.76,False
T010489,2025-09-05,18,HH069,DEV0101,31.9,100.0,37.59,227.6,0.13,False
T010490,2025-09-05,15,HH071,DEV0103,30.3,100.0,4.39,22.6,0.48,False
T010491,2025-09-05,19,HH075,DEV0109,12.5,100.0,35.7,208.2,0.32,False
T010492,2025-09-05,15,HH076,DEV0110,9.0,86.1,27.59,202.8,0.55,False
T010493,2025-09-05,15,HH077,DEV0111,33.0,100.0,5.23,34.8,0.29,False
T010494,2025-09-05,16,HH081,DEV0117,35.7,100.0,15.43,104.6,0.75,False
T010495,2025-09-05,19,HH089,DEV0130,20.8,92.7,3.24,16.7,0.13,False
T010496,2025-09-05,19,HH090,DEV0132,35.3,100.0,37.59,193.2,0.82,False
T010497,2025-09-05,16,HH091,DEV0133,23.2,95.1,3.23,19.2,0.33,False
T010498,2025-09-05,19,HH092,DEV0134,15.0,94.9,35.72,249.5,0.28,False
T010499,2025-09-05,18,HH096,DEV0140,15.8,99.8,6.05,29.1,0.18,False
T010500,2025-09-05,15,HH098,DEV0142,5.3,81.2,41.72,228.2,0.44,False
T010501,2025-09-05,15,HH099,DEV0144,34.6,100.0,5.04,37.2,0.29,False
T010502,2025-09-05,11,HH107,DEV0154,24.5,97.6,2.41,10.9,0.35,False
T010503,2025-09-05,18,HH108,DEV0155,25.1,100.0,33.63,183.6,0.44,False
T010504,2025-09-05,19,HH109,DEV0156,14.0,91.7,5.91,41.4,0.54,False
T010505,2025-09-05,17,HH117,DEV0171,19.9,91.1,2.56,14.0,0.38,False
T010506,2025-09-05,19,HH118,DEV0172,9.1,87.8,36.59,223.2,0.25,False
T010507,2025-09-05,15,HH120,DEV0176,20.5,96.6,4.87,24.0,0.48,False
T010508,2025-09-05,18,HH121,DEV0177,17.3,100.0,4.71,25.4,0.6,False
T010509,2025-09-05,16,HH126,DEV0184,36.8,76.6,3.02,13.9,0.31,True
T010510,2025-09-05,19,HH127,DEV0185,27.5,100.0,42.85,272.2,0.24,False
T010511,2025-09-05,15,HH128,DEV0187,19.5,99.2,3.35,25.1,0.14,False
T010512,2025-09-05,17,HH134,DEV0197,20.6,100.0,19.45,121.8,0.22,False
T010513,2025-09-06,17,HH006,DEV0007,16.3,96.3,16.47,83.6,0.66,False
T010514,2025-09-06,14,HH014,DEV0019,13.4,85.6,3.25,18.4,0.44,False
T010515,2025-09-06,16,HH021,DEV0028,37.8,100.0,16.86,120.3,0.41,False
T010516,2025-09-06,15,HH023,DEV0033,10.7,100.0,34.92,237.4,0.18,False
T010517,2025-09-06,15,HH024,DEV0035,17.2,89.9,39.76,190.3,0.65,False
T010518,2025-09-06,15,HH026,DEV0038,31.7,100.0,34.15,209.3,0.17,False
T010519,2025-09-06,15,HH028,DEV0040,22.1,100.0,30.07,145.9,0.33,False
T010520,2025-09-06,12,HH029,DEV0043,21.0,100.0,41.79,246.9,0.51,False
T010521,2025-09-06,16,HH030,DEV0044,29.6,100.0,2.46,16.2,0.11,False
T010522,2025-09-06,19,HH033,DEV0048,17.0,100.0,5.31,23.0,0.25,False
T010523,2025-09-06,19,HH037,DEV0053,28.7,100.0,3.35,23.0,0.69,False
T010524,2025-09-06,13,HH038,DEV0054,27.2,100.0,23.22,170.7,0.52,False
T010525,2025-09-06,17,HH039,DEV0057,5.4,82.2,5.84,31.9,0.82,False
T010526,2025-09-06,13,HH040,DEV0059,10.9,86.0,2.33,11.7,0.36,False
T010527,2025-09-06,16,HH041,DEV0060,39.3,100.0,3.1,22.4,0.14,False
T010528,2025-09-06,15,HH046,DEV0068,12.9,93.9,38.05,166.1,0.1,False
T010529,2025-09-06,17,HH048,DEV0071,6.0,93.6,35.46,208.4,0.09,False
T010530,2025-09-06,17,HH049,DEV0073,12.5,100.0,3.68,17.6,0.08,False
T010531,2025-09-06,15,HH054,DEV0079,9.2,81.4,3.39,17.5,0.44,False
T010532,2025-09-06,19,HH055,DEV0081,26.9,100.0,3.07,19.9,0.5,False
T010533,2025-09-06,18,HH058,DEV0086,34.6,100.0,2.35,13.5,0.28,False
T010534,2025-09-06,18,HH061,DEV0090,24.5,100.0,5.74,37.8,0.54,False
T010535,2025-09-06,13,HH065,DEV0097,34.4,100.0,4.92,35.3,0.62,False
T010536,2025-09-06,19,HH066,DEV0098,11.3,57.5,3.0,14.5,0.3,True
T010537,2025-09-06,19,HH067,DEV0099,20.2,100.0,6.38,34.6,0.48,False
T010538,2025-09-06,17,HH071,DEV0103,7.9,89.3,5.13,27.1,0.64,False
T010539,2025-09-06,18,HH072,DEV0104,13.2,95.7,24.17,165.9,0.05,False
T010540,2025-09-06,19,HH074,DEV0108,29.9,99.6,3.9,18.1,0.19,False
T010541,2025-09-06,12,HH075,DEV0109,26.8,100.0,29.87,156.3,0.31,False
T010542,2025-09-06,17,HH076,DEV0110,17.6,87.9,25.18,141.0,0.67,False
T010543,2025-09-06,11,HH077,DEV0111,30.8,100.0,5.4,30.1,0.36,False
T010544,2025-09-06,15,HH078,DEV0113,29.6,100.0,3.73,18.7,0.69,False
T010545,2025-09-06,18,HH079,DEV0115,16.3,96.2,39.33,188.2,0.18,False
T010546,2025-09-06,18,HH082,DEV0120,11.0,84.7,3.39,17.2,0.51,False
T010547,2025-09-06,13,HH086,DEV0126,34.0,100.0,20.53,95.3,0.35,False
T010548,2025-09-06,19,HH090,DEV0132,11.9,96.3,49.01,273.1,0.42,False
T010549,2025-09-06,14,HH096,DEV0140,23.5,100.0,5.51,38.7,0.19,False
T010550,2025-09-06,18,HH108,DEV0155,25.2,100.0,33.59,173.3,0.43,False
T010551,2025-09-06,15,HH110,DEV0159,14.1,100.0,3.09,20.8,0.23,False
T010552,2025-09-06,15,HH112,DEV0163,17.2,92.7,25.44,115.0,0.4,False
T010553,2025-09-06,19,HH113,DEV0165,37.7,100.0,4.67,20.6,0.29,False
T010554,2025-09-06,14,HH115,DEV0169,23.1,100.0,31.07,180.5,0.65,False
T010555,2025-09-06,16,HH124,DEV0181,26.0,77.3,22.79,130.6,0.76,True
T010556,2025-09-06,18,HH125,DEV0183,5.3,83.9,4.24,20.4,0.27,False
T010557,2025-09-06,19,HH126,DEV0184,35.5,78.8,3.29,17.5,0.26,True
T010558,2025-09-06,15,HH130,DEV0189,26.0,100.0,5.25,27.9,0.13,False
T010559,2025-09-06,16,HH132,DEV0192,23.1,100.0,3.84,19.5,0.29,False
T010560,2025-09-06,17,HH136,DEV0199,16.9,90.1,33.72,198.7,0.54,False
T010561,2025-09-06,19,HH137,DEV0201,10.7,89.2,46.41,205.4,0.55,False
T010562,2025-09-07,19,HH002,DEV0003,22.5,100.0,4.34,21.5,0.55,False
T010563,2025-09-07,17,HH003,DEV0004,11.3,98.5,34.69,158.6,0.64,False
T010564,2025-09-07,15,HH004,DEV0005,38.4,100.0,4.44,31.1,0.14,False
T010565,2025-09-07,17,HH008,DEV0012,26.0,100.0,4.59,26.7,0.9,False
T010566,2025-09-07,17,HH014,DEV0019,33.5,100.0,2.99,22.4,0.45,False
T010567,2025-09-07,16,HH015,DEV0020,13.3,94.1,2.75,20.2,0.41,False
T010568,2025-09-07,16,HH020,DEV0027,39.7,100.0,2.11,10.8,0.15,False
T010569,2025-09-07,15,HH021,DEV0029,23.1,100.0,3.08,14.5,0.25,False
T010570,2025-09-07,18,HH025,DEV0037,29.5,100.0,41.45,188.3,0.47,False
T010571,2025-09-07,14,HH027,DEV0039,13.7,98.1,2.7,19.6,0.26,False
T010572,2025-09-07,16,HH028,DEV0040,14.6,88.7,28.59,129.8,0.38,False
T010573,2025-09-07,14,HH030,DEV0044,25.7,100.0,2.6,13.1,0.11,False
T010574,2025-09-07,15,HH033,DEV0048,11.4,94.4,5.31,22.8,0.3,False
T010575,2025-09-07,17,HH034,DEV0049,29.6,100.0,5.28,25.9,0.2,False
T010576,2025-09-07,14,HH035,DEV0050,36.4,100.0,21.56,146.7,0.3,False
T010577,2025-09-07,17,HH036,DEV0051,21.4,97.3,4.55,24.7,0.49,False
T010578,2025-09-07,14,HH039,DEV0058,25.6,100.0,3.57,25.9,0.67,False
T010579,2025-09-07,14,HH046,DEV0068,39.1,100.0,28.62,184.8,0.12,False
T010580,2025-09-07,18,HH048,DEV0071,17.2,92.0,30.3,200.3,0.08,False
T010581,2025-09-07,14,HH051,DEV0075,24.3,96.5,3.54,25.3,0.45,False
T010582,2025-09-07,17,HH053,DEV0078,23.4,100.0,15.32,66.5,0.22,False
T010583,2025-09-07,16,HH056,DEV0083,24.0,71.1,10.32,65.7,0.66,True
T010584,2025-09-07,15,HH057,DEV0085,25.7,100.0,5.65,31.5,0.81,False
T010585,2025-09-07,17,HH058,DEV0086,29.7,100.0,2.53,11.7,0.28,False
T010586,2025-09-07,15,HH059,DEV0087,5.6,76.8,4.13,17.9,0.28,False
T010587,2025-09-07,14,HH066,DEV0098,34.5,89.3,3.56,22.1,0.2,True
T010588,2025-09-07,16,HH067,DEV0099,11.5,88.0,6.12,27.9,0.77,False
T010589,2025-09-07,17,HH069,DEV0101,36.3,100.0,35.16,223.0,0.16,False
T010590,2025-09-07,15,HH070,DEV0102,33.5,85.4,1.71,10.4,0.24,True
T010591,2025-09-07,19,HH071,DEV0103,16.0,98.2,5.18,31.2,0.58,False
T010592,2025-09-07,17,HH072,DEV0104,18.3,95.6,22.66,118.0,0.05,False
T010593,2025-09-07,19,HH073,DEV0105,29.5,100.0,4.3,31.9,0.2,False
T010594,2025-09-07,19,HH074,DEV0107,7.6,83.0,37.95,168.2,0.3,False
T010595,2025-09-07,13,HH078,DEV0113,34.5,100.0,3.47,16.6,0.76,False
T010596,2025-09-07,15,HH080,DEV0116,30.5,100.0,5.21,28.3,0.8,False
T010597,2025-09-07,17,HH085,DEV0124,16.9,100.0,27.92,123.2,0.06,False
T010598,2025-09-07,17,HH086,DEV0126,8.7,93.1,26.25,158.9,0.36,False
T010599,2025-09-07,14,HH091,DEV0133,35.0,100.0,2.92,17.7,0.31,False
T010600,2025-09-07,18,HH092,DEV0134,15.5,92.3,34.33,256.4,0.44,False
T010601,2025-09-07,18,HH095,DEV0139,17.5,94.8,19.17,118.1,0.7,False
T010602,2025-09-07,19,HH099,DEV0144,38.7,100.0,4.72,22.7,0.32,False
T010603,2025-09-07,14,HH109,DEV0157,27.5,100.0,4.5,32.6,0.62,False
T010604,2025-09-07,19,HH110,DEV0158,34.7,100.0,2.15,15.7,0.34,False
T010605,2025-09-07,15,HH112,DEV0163,17.2,95.4,26.34,149.7,0.27,False
T010606,2025-09-07,14,HH115,DEV0169,33.3,100.0,26.95,148.8,0.61,False
T010607,2025-09-07,13,HH119,DEV0175,24.8,100.0,18.95,83.5,0.21,False
T010608,2025-09-07,16,HH122,DEV0179,39.9,100.0,19.71,134.5,0.71,False
T010609,2025-09-07,19,HH127,DEV0186,6.6,84.3,39.23,185.0,0.17,False
T010610,2025-09-07,17,HH129,DEV0188,33.3,100.0,3.94,18.2,0.56,False
T010611,2025-09-07,19,HH130,DEV0189,6.2,89.7,5.93,35.9,0.14,False
T010612,2025-09-07,19,HH131,DEV0190,33.7,100.0,3.12,22.0,0.45,False
T010613,2025-09-07,15,HH133,DEV0193,10.5,94.7,3.2,16.0,0.19,False
T010614,2025-09-07,15,HH135,DEV0198,10.8,91.7,4.69,24.3,0.09,False
T010615,2025-09-07,15,HH136,DEV0199,29.1,100.0,32.68,199.1,0.38,False
T010616,2025-09-07,12,HH137,DEV0201,16.6,91.2,44.11,325.1,0.67,False
T010617,2025-09-07,19,HH138,DEV0203,35.9,100.0,21.86,111.2,0.18,False
T010618,2025-09-07,17,HH140,DEV0206,29.1,100.0,18.29,92.6,0.69,False
T010619,2025-09-08,19,HH002,DEV0003,9.5,85.4,4.25,27.4,0.55,False
T010620,2025-09-08,19,HH003,DEV0004,9.6,92.5,33.0,241.1,0.63,False
T010621,2025-09-08,17,HH004,DEV0005,14.0,85.1,5.12,33.4,0.19,False
T010622,2025-09-08,19,HH006,DEV0007,23.9,100.0,15.68,67.5,0.52,False
T010623,2025-09-08,17,HH007,DEV0008,17.7,99.4,3.11,13.4,0.32,False
T010624,2025-09-08,16,HH011,DEV0015,8.6,100.0,54.47,319.8,0.61,False
T010625,2025-09-08,16,HH012,DEV0016,33.4,75.5,1.43,8.9,0.1,True
T010626,2025-09-08,15,HH019,DEV0026,30.5,100.0,23.35,104.5,0.21,False
T010627,2025-09-08,19,HH020,DEV0027,19.6,100.0,2.81,12.8,0.16,False
T010628,2025-09-08,15,HH027,DEV0039,10.3,84.4,2.37,12.5,0.27,False
T010629,2025-09-08,18,HH028,DEV0040,25.9,100.0,28.6,146.0,0.38,False
T010630,2025-09-08,17,HH029,DEV0043,26.8,100.0,38.72,232.7,0.33,False
T010631,2025-09-08,19,HH035,DEV0050,36.4,100.0,21.56,101.5,0.39,False
T010632,2025-09-08,15,HH038,DEV0054,30.8,100.0,22.07,128.0,0.45,False
T010633,2025-09-08,15,HH043,DEV0065,36.2,100.0,2.68,15.1,0.5,False
T010634,2025-09-08,10,HH045,DEV0067,10.3,87.0,39.42,187.9,0.63,False
T010635,2025-09-08,19,HH047,DEV0069,9.7,61.7,26.76,170.7,0.11,True
T010636,2025-09-08,15,HH049,DEV0073,37.0,100.0,2.65,13.1,0.11,False
T010637,2025-09-08,15,HH053,DEV0078,13.1,89.5,15.27,84.8,0.15,False
T010638,2025-09-08,14,HH062,DEV0092,20.6,100.0,25.96,150.9,0.38,False
T010639,2025-09-08,12,HH064,DEV0095,17.4,100.0,2.56,16.3,0.54,False
T010640,2025-09-08,16,HH071,DEV0103,23.2,94.4,4.49,32.5,0.31,False
T010641,2025-09-08,18,HH073,DEV0105,20.0,91.6,4.37,20.9,0.24,False
T010642,2025-09-08,15,HH074,DEV0108,39.3,100.0,3.4,16.7,0.25,False
T010643,2025-09-08,17,HH076,DEV0110,13.9,88.5,26.72,165.0,0.46,False
T010644,2025-09-08,17,HH078,DEV0113,8.7,93.9,4.52,23.5,0.53,False
T010645,2025-09-08,13,HH080,DEV0116,10.9,100.0,6.68,37.5,0.46,False
T010646,2025-09-08,17,HH081,DEV0118,9.5,93.2,17.5,79.7,0.87,False
T010647,2025-09-08,14,HH084,DEV0123,28.1,100.0,3.6,21.3,0.87,False
T010648,2025-09-08,15,HH087,DEV0128,40.0,100.0,1.92,9.4,0.19,False
T010649,2025-09-08,15,HH090,DEV0132,23.1,100.0,44.68,230.7,0.59,False
T010650,2025-09-08,14,HH093,DEV0135,26.1,100.0,3.18,15.1,0.46,False
T010651,2025-09-08,16,HH098,DEV0142,21.6,100.0,43.12,283.6,0.67,False
T010652,2025-09-08,13,HH103,DEV0149,38.4,74.9,1.57,8.7,0.83,True
T010653,2025-09-08,17,HH104,DEV0150,33.2,100.0,21.98,94.9,0.2,False
T010654,2025-09-08,18,HH108,DEV0155,26.8,100.0,32.87,166.5,0.5,False
T010655,2025-09-08,15,HH110,DEV0160,5.0,92.3,31.18,149.3,0.31,False
T010656,2025-09-08,15,HH112,DEV0163,28.1,100.0,24.23,123.3,0.29,False
T010657,2025-09-08,19,HH114,DEV0166,19.2,72.4,3.35,21.5,0.41,True
T010658,2025-09-08,19,HH116,DEV0170,17.0,100.0,27.97,142.9,0.69,False
T010659,2025-09-08,13,HH117,DEV0171,39.2,100.0,2.19,10.5,0.37,False
T010660,2025-09-08,18,HH123,DEV0180,18.3,100.0,17.08,87.3,0.31,False
T010661,2025-09-08,16,HH130,DEV0189,23.1,100.0,5.46,29.5,0.15,False
T010662,2025-09-08,16,HH132,DEV0192,25.2,100.0,3.74,16.1,0.3,False
T010663,2025-09-08,13,HH135,DEV0198,8.9,99.7,5.27,25.6,0.1,False
T010664,2025-09-08,15,HH136,DEV0199,35.3,100.0,29.83,193.1,0.53,False
T010665,2025-09-08,16,HH138,DEV0203,34.7,100.0,22.27,155.4,0.24,False
T010666,2025-09-08,19,HH139,DEV0204,13.2,90.6,28.39,208.1,0.27,False
T010667,2025-09-09,18,HH009,DEV0013,20.0,100.0,4.48,33.4,0.18,False
T010668,2025-09-09,15,HH010,DEV0014,39.8,100.0,35.88,163.4,0.4,False
T010669,2025-09-09,16,HH012,DEV0016,25.8,68.2,1.44,6.2,0.07,True
T010670,2025-09-09,14,HH016,DEV0021,21.7,100.0,35.63,163.0,0.35,False
T010671,2025-09-09,18,HH021,DEV0028,27.1,100.0,19.76,87.5,0.4,False
T010672,2025-09-09,18,HH026,DEV0038,14.1,98.9,42.42,284.4,0.16,False
T010673,2025-09-09,13,HH027,DEV0039,38.1,100.0,1.98,11.8,0.29,False
T010674,2025-09-09,16,HH029,DEV0041,39.9,100.0,4.21,20.0,0.65,False
T010675,2025-09-09,15,HH038,DEV0054,8.8,100.0,29.09,175.7,0.47,False
T010676,2025-09-09,16,HH041,DEV0060,16.4,100.0,4.26,23.8,0.15,False
T010677,2025-09-09,16,HH042,DEV0062,34.9,100.0,19.14,94.2,0.22,False
T010678,2025-09-09,18,HH044,DEV0066,29.3,100.0,22.13,163.6,0.41,False
T010679,2025-09-09,17,HH046,DEV0068,35.8,100.0,30.17,204.3,0.08,False
T010680,2025-09-09,15,HH050,DEV0074,7.9,95.0,4.01,29.0,0.44,False
T010681,2025-09-09,15,HH052,DEV0077,19.0,100.0,4.13,21.2,0.47,False
T010682,2025-09-09,13,HH054,DEV0079,6.4,79.9,3.45,17.8,0.31,False
T010683,2025-09-09,19,HH056,DEV0083,6.3,39.6,7.3,49.1,0.4,True
T010684,2025-09-09,16,HH058,DEV0086,27.3,100.0,2.62,12.2,0.36,False
T010685,2025-09-09,13,HH063,DEV0093,37.3,100.0,17.99,85.4,0.37,False
T010686,2025-09-09,15,HH064,DEV0095,23.0,100.0,2.39,12.3,0.48,False
T010687,2025-09-09,18,HH066,DEV0098,39.5,75.4,2.33,11.5,0.41,True
T010688,2025-09-09,12,HH067,DEV0099,11.0,100.0,7.12,46.5,0.72,False
T010689,2025-09-09,18,HH068,DEV0100,7.7,84.0,33.11,181.8,0.56,False
T010690,2025-09-09,17,HH069,DEV0101,7.8,98.2,49.91,229.3,0.18,False
T010691,2025-09-09,16,HH080,DEV0116,29.5,100.0,5.29,37.7,0.8,False
T010692,2025-09-09,19,HH081,DEV0118,32.0,100.0,14.21,64.4,0.65,False
T010693,2025-09-09,18,HH084,DEV0123,18.5,100.0,4.07,19.0,0.72,False
T010694,2025-09-09,15,HH088,DEV0129,15.4,87.9,33.41,157.1,0.2,False
T010695,2025-09-09,16,HH089,DEV0130,38.1,100.0,2.79,15.1,0.13,False
T010696,2025-09-09,13,HH093,DEV0135,34.7,100.0,2.81,20.9,0.36,False
T010697,2025-09-09,17,HH095,DEV0139,28.7,100.0,17.68,89.7,0.71,False
T010698,2025-09-09,14,HH096,DEV0140,15.3,95.1,5.74,33.0,0.17,False
T010699,2025-09-09,18,HH100,DEV0145,7.6,99.4,37.38,276.6,0.15,False
T010700,2025-09-09,15,HH102,DEV0148,14.3,91.3,20.39,125.2,0.69,False
T010701,2025-09-09,15,HH104,DEV0150,40.0,100.0,19.74,111.9,0.26,False
T010702,2025-09-09,17,HH107,DEV0153,27.8,100.0,2.74,11.8,0.29,False
T010703,2025-09-09,17,HH108,DEV0155,10.3,87.6,34.73,251.8,0.49,False
T010704,2025-09-09,17,HH109,DEV0157,36.8,100.0,3.92,19.8,0.49,False
T010705,2025-09-09,19,HH112,DEV0163,6.5,83.8,26.04,115.6,0.4,False
T010706,2025-09-09,19,HH116,DEV0170,11.0,89.9,26.59,157.2,0.72,False
T010707,2025-09-09,17,HH119,DEV0175,37.2,100.0,15.83,92.9,0.25,False
T010708,2025-09-09,16,HH122,DEV0179,27.1,100.0,23.91,151.9,0.69,False
T010709,2025-09-09,16,HH127,DEV0186,16.3,100.0,42.27,273.3,0.17,False
T010710,2025-09-09,17,HH132,DEV0192,35.0,100.0,3.25,14.8,0.46,False
T010711,2025-09-09,16,HH135,DEV0198,10.5,98.0,5.08,35.2,0.12,False
T010712,2025-09-09,16,HH140,DEV0206,11.0,94.0,21.41,160.2,0.62,False
T010713,2025-09-10,12,HH003,DEV0004,26.4,100.0,29.29,142.6,0.63,False
T010714,2025-09-10,18,HH006,DEV0007,18.3,100.0,16.83,99.8,0.49,False
T010715,2025-09-10,19,HH012,DEV0016,14.9,54.7,1.35,7.2,0.1,True
T010716,2025-09-10,19,HH016,DEV0021,33.8,100.0,30.12,166.1,0.33,False
T010717,2025-09-10,13,HH022,DEV0031,8.9,87.5,15.95,82.7,0.32,False
T010718,2025-09-10,16,HH024,DEV0035,34.4,100.0,35.88,157.9,0.43,False
T010719,2025-09-10,16,HH025,DEV0037,14.1,100.0,50.51,310.4,0.4,False
T010720,2025-09-10,15,HH033,DEV0048,16.4,99.9,5.34,28.6,0.3,False
T010721,2025-09-10,15,HH034,DEV0049,10.3,91.5,6.09,26.7,0.3,False
T010722,2025-09-10,14,HH035,DEV0050,21.0,100.0,26.78,121.2,0.48,False
T010723,2025-09-10,17,HH037,DEV0053,5.8,84.1,3.68,16.2,0.63,False
T010724,2025-09-10,14,HH038,DEV0054,8.2,84.2,24.24,144.8,0.62,False
T010725,2025-09-10,15,HH042,DEV0063,34.8,100.0,4.89,30.2,0.34,False
T010726,2025-09-10,15,HH043,DEV0064,10.4,91.2,37.26,182.2,0.6,False
T010727,2025-09-10,19,HH044,DEV0066,37.0,100.0,19.72,94.1,0.79,False
T010728,2025-09-10,17,HH047,DEV0069,39.3,95.6,28.99,187.7,0.1,True
T010729,2025-09-10,19,HH050,DEV0074,17.2,97.8,3.71,19.5,0.61,False
T010730,2025-09-10,18,HH053,DEV0078,16.2,91.5,15.05,95.1,0.18,False
T010731,2025-09-10,17,HH055,DEV0080,34.9,100.0,19.79,131.1,0.31,False
T010732,2025-09-10,18,HH056,DEV0083,8.8,45.8,8.1,59.2,0.59,True
T010733,2025-09-10,18,HH060,DEV0088,8.1,92.2,6.14,32.9,0.44,False
T010734,2025-09-10,15,HH061,DEV0091,37.2,100.0,3.77,17.1,0.54,False
T010735,2025-09-10,16,HH064,DEV0095,18.8,100.0,2.52,13.1,0.32,False
T010736,2025-09-10,13,HH066,DEV0098,17.8,49.5,2.06,10.2,0.3,True
T010737,2025-09-10,18,HH070,DEV0102,17.1,59.1,1.39,9.5,0.2,True
T010738,2025-09-10,17,HH071,DEV0103,15.1,100.0,5.35,25.0,0.63,False
T010739,2025-09-10,13,HH072,DEV0104,38.6,100.0,17.99,119.0,0.05,False
T010740,2025-09-10,15,HH073,DEV0105,39.3,100.0,3.7,24.5,0.23,False
T010741,2025-09-10,14,HH083,DEV0122,29.4,100.0,27.32,139.8,0.25,False
T010742,2025-09-10,16,HH090,DEV0132,29.0,100.0,41.25,261.7,0.67,False
T010743,2025-09-10,19,HH096,DEV0140,5.3,86.1,5.82,35.7,0.14,False
T010744,2025-09-10,18,HH097,DEV0141,28.1,100.0,3.74,17.3,0.29,False
T010745,2025-09-10,17,HH098,DEV0143,31.2,100.0,3.92,18.4,0.58,False
T010746,2025-09-10,14,HH099,DEV0144,13.1,98.6,6.58,42.7,0.2,False
T010747,2025-09-10,15,HH100,DEV0145,28.4,100.0,29.14,137.6,0.14,False
T010748,2025-09-10,15,HH102,DEV0148,14.8,90.3,20.0,146.3,0.58,False
T010749,2025-09-10,16,HH103,DEV0149,14.6,47.8,1.43,8.3,0.64,True
T010750,2025-09-10,13,HH108,DEV0155,14.1,94.3,36.0,169.1,0.54,False
T010751,2025-09-10,17,HH115,DEV0169,18.9,94.0,30.32,150.8,0.4,False
T010752,2025-09-10,19,HH118,DEV0173,27.1,100.0,3.35,18.8,0.17,False
T010753,2025-09-10,15,HH124,DEV0181,16.0,62.6,20.68,153.0,0.5,True
T010754,2025-09-10,18,HH126,DEV0184,26.0,64.5,2.93,15.6,0.27,True
T010755,2025-09-10,17,HH127,DEV0185,38.5,100.0,36.35,255.8,0.14,False
T010756,2025-09-10,13,HH132,DEV0191,32.7,100.0,17.16,110.4,0.45,False
T010757,2025-09-10,17,HH139,DEV0204,27.1,100.0,26.75,117.2,0.26,False
T010758,2025-09-11,17,HH002,DEV0002,38.4,100.0,34.99,164.2,0.33,False
T010759,2025-09-11,12,HH006,DEV0007,5.7,89.0,17.15,88.4,0.66,False
T010760,2025-09-11,15,HH010,DEV0014,35.6,100.0,38.38,171.2,0.24,False
T010761,2025-09-11,19,HH014,DEV0019,35.3,100.0,2.91,20.1,0.44,False
T010762,2025-09-11,14,HH017,DEV0022,18.2,93.6,16.82,123.3,0.56,False
T010763,2025-09-11,13,HH018,DEV0024,35.0,100.0,4.42,29.4,0.52,False
T010764,2025-09-11,16,HH024,DEV0034,30.5,100.0,40.66,174.7,0.77,False
T010765,2025-09-11,14,HH025,DEV0037,6.0,80.5,43.82,301.7,0.53,False
T010766,2025-09-11,19,HH029,DEV0043,11.8,92.9,42.9,192.0,0.62,False
T010767,2025-09-11,19,HH030,DEV0044,5.1,89.9,2.97,14.4,0.09,False
T010768,2025-09-11,12,HH031,DEV0045,14.4,84.0,35.44,253.3,0.29,False
T010769,2025-09-11,18,HH036,DEV0051,27.7,100.0,4.34,27.9,0.51,False
T010770,2025-09-11,13,HH037,DEV0053,19.0,100.0,3.81,21.6,0.41,False
T010771,2025-09-11,14,HH042,DEV0062,11.7,81.2,20.43,106.4,0.3,False
T010772,2025-09-11,14,HH046,DEV0068,25.7,100.0,34.92,197.3,0.09,False
T010773,2025-09-11,19,HH047,DEV0070,14.6,94.9,19.35,95.4,0.12,False
T010774,2025-09-11,14,HH049,DEV0073,13.2,90.6,3.25,19.6,0.09,False
T010775,2025-09-11,19,HH055,DEV0080,21.1,96.2,22.84,139.9,0.41,False
T010776,2025-09-11,17,HH058,DEV0086,14.5,86.1,2.58,11.9,0.29,False
T010777,2025-09-11,15,HH063,DEV0093,20.9,100.0,22.7,129.5,0.55,False
T010778,2025-09-11,19,HH066,DEV0098,12.7,49.7,2.4,16.8,0.36,True
T010779,2025-09-11,18,HH068,DEV0100,9.1,99.9,39.4,176.6,0.91,False
T010780,2025-09-11,17,HH070,DEV0102,39.0,91.4,1.73,10.6,0.21,True
T010781,2025-09-11,18,HH071,DEV0103,6.6,85.4,4.96,24.1,0.41,False
T010782,2025-09-11,17,HH078,DEV0114,11.1,85.8,26.3,183.0,0.45,False
T010783,2025-09-11,15,HH080,DEV0116,33.9,100.0,4.96,25.9,0.57,False
T010784,2025-09-11,19,HH092,DEV0134,29.5,100.0,31.51,186.6,0.4,False
T010785,2025-09-11,15,HH094,DEV0137,5.3,92.3,4.26,28.2,0.24,False
T010786,2025-09-11,14,HH102,DEV0148,38.1,100.0,16.4,70.4,0.47,False
T010787,2025-09-11,16,HH104,DEV0150,28.8,100.0,23.42,105.3,0.21,False
T010788,2025-09-11,16,HH105,DEV0151,19.1,100.0,4.04,19.9,0.25,False
T010789,2025-09-11,16,HH108,DEV0155,39.2,100.0,27.3,158.3,0.4,False
T010790,2025-09-11,18,HH111,DEV0162,38.0,100.0,27.28,148.7,0.63,False
T010791,2025-09-11,17,HH113,DEV0164,36.1,72.1,7.78,49.8,0.36,True
T010792,2025-09-11,19,HH115,DEV0169,13.6,97.8,34.01,147.3,0.64,False
T010793,2025-09-11,19,HH116,DEV0170,10.3,99.0,29.9,147.1,0.63,False
T010794,2025-09-11,15,HH117,DEV0171,19.2,100.0,2.91,18.0,0.4,False
T010795,2025-09-11,14,HH118,DEV0173,7.3,90.6,3.83,19.8,0.25,False
T010796,2025-09-11,14,HH119,DEV0174,24.5,100.0,22.57,108.6,0.18,False
T010797,2025-09-11,19,HH120,DEV0176,20.9,100.0,5.06,33.9,0.36,False
T010798,2025-09-11,17,HH123,DEV0180,33.9,100.0,13.81,75.3,0.32,False
T010799,2025-09-11,14,HH125,DEV0183,18.6,100.0,4.4,28.0,0.34,False
T010800,2025-09-11,14,HH133,DEV0194,7.1,89.4,47.15,255.7,0.18,False
T010801,2025-09-11,19,HH134,DEV0196,21.8,95.8,5.48,28.1,0.2,False
T010802,2025-09-11,14,HH136,DEV0199,35.2,100.0,29.87,200.4,0.55,False
T010803,2025-09-11,15,HH138,DEV0203,23.9,100.0,25.95,151.1,0.16,False
T010804,2025-09-11,14,HH140,DEV0206,32.4,100.0,17.44,97.9,0.43,False
T010805,2025-09-12,18,HH002,DEV0002,28.5,100.0,40.61,205.2,0.32,False
T010806,2025-09-12,19,HH003,DEV0004,18.1,95.1,30.65,175.9,0.52,False
T010807,2025-09-12,13,HH006,DEV0007,5.1,94.4,18.39,98.6,0.73,False
T010808,2025-09-12,18,HH009,DEV0013,34.0,100.0,3.7,18.2,0.15,False
T010809,2025-09-12,15,HH013,DEV0017,31.3,100.0,3.64,26.1,0.52,False
T010810,2025-09-12,15,HH015,DEV0020,24.8,100.0,2.56,15.3,0.34,False
T010811,2025-09-12,12,HH018,DEV0025,33.6,100.0,26.69,131.1,0.51,False
T010812,2025-09-12,16,HH019,DEV0026,8.3,84.8,25.7,125.7,0.29,False
T010813,2025-09-12,13,HH020,DEV0027,38.3,100.0,2.16,16.1,0.18,False
T010814,2025-09-12,16,HH021,DEV0029,31.0,100.0,2.76,12.4,0.31,False
T010815,2025-09-12,17,HH023,DEV0032,8.9,87.2,46.42,227.7,0.16,False
T010816,2025-09-12,15,HH024,DEV0035,25.0,100.0,41.03,227.6,0.65,False
T010817,2025-09-12,13,HH028,DEV0040,9.3,84.7,29.09,175.9,0.27,False
T010818,2025-09-12,18,HH031,DEV0046,18.6,100.0,42.33,221.7,0.29,False
T010819,2025-09-12,16,HH032,DEV0047,35.5,100.0,3.93,21.3,0.44,False
T010820,2025-09-12,19,HH035,DEV0050,15.1,100.0,28.78,187.7,0.27,False
T010821,2025-09-12,15,HH039,DEV0056,8.8,94.3,37.46,204.9,1.04,False
T010822,2025-09-12,18,HH042,DEV0062,19.5,100.0,23.67,137.7,0.27,False
T010823,2025-09-12,16,HH046,DEV0068,34.0,100.0,31.02,179.9,0.13,False
T010824,2025-09-12,13,HH048,DEV0071,16.0,97.7,33.07,234.9,0.08,False
T010825,2025-09-12,16,HH050,DEV0074,17.4,99.2,3.76,22.1,0.37,False
T010826,2025-09-12,15,HH054,DEV0079,30.0,100.0,3.29,23.4,0.34,False
T010827,2025-09-12,15,HH055,DEV0080,31.1,100.0,20.95,91.6,0.35,False
T010828,2025-09-12,16,HH059,DEV0087,12.5,94.2,4.74,25.0,0.22,False
T010829,2025-09-12,11,HH062,DEV0092,6.2,92.2,28.12,134.4,0.5,False
T010830,2025-09-12,18,HH063,DEV0094,5.3,95.2,3.06,15.4,0.54,False
T010831,2025-09-12,18,HH068,DEV0100,30.7,100.0,30.08,194.8,0.54,False
T010832,2025-09-12,18,HH069,DEV0101,9.6,96.1,47.73,311.3,0.18,False
T010833,2025-09-12,19,HH070,DEV0102,24.2,60.8,1.21,8.8,0.27,True
T010834,2025-09-12,17,HH071,DEV0103,36.0,100.0,4.03,29.3,0.37,False
T010835,2025-09-12,19,HH076,DEV0110,39.6,100.0,21.62,131.0,0.45,False
T010836,2025-09-12,11,HH077,DEV0111,16.7,94.4,6.06,38.3,0.32,False
T010837,2025-09-12,16,HH078,DEV0113,8.6,97.0,4.68,21.3,0.54,False
T010838,2025-09-12,16,HH082,DEV0121,22.1,100.0,33.65,250.8,0.44,False
T010839,2025-09-12,13,HH094,DEV0136,30.7,100.0,34.23,202.2,0.27,False
T010840,2025-09-12,16,HH104,DEV0150,36.9,100.0,20.76,121.3,0.27,False
T010841,2025-09-12,15,HH105,DEV0151,27.7,100.0,3.62,26.5,0.2,False
T010842,2025-09-12,17,HH106,DEV0152,34.1,100.0,34.73,209.6,0.14,False
T010843,2025-09-12,15,HH109,DEV0157,17.6,100.0,5.11,26.1,0.4,False
T010844,2025-09-12,14,HH111,DEV0162,33.2,100.0,29.39,206.5,0.65,False
T010845,2025-09-12,19,HH115,DEV0169,12.0,87.6,30.54,165.6,0.65,False
T010846,2025-09-12,16,HH117,DEV0171,8.7,84.5,2.73,20.3,0.39,False
T010847,2025-09-12,18,HH118,DEV0172,11.5,87.1,35.18,156.9,0.18,False
T010848,2025-09-12,16,HH120,DEV0176,19.4,97.1,4.97,25.0,0.28,False
T010849,2025-09-12,16,HH121,DEV0177,31.9,100.0,3.88,23.3,0.42,False
T010850,2025-09-12,19,HH131,DEV0190,6.2,91.9,4.03,17.6,0.42,False
T010851,2025-09-12,19,HH132,DEV0192,7.6,100.0,4.62,20.9,0.42,False
T010852,2025-09-12,18,HH136,DEV0199,29.2,100.0,32.64,167.3,0.43,False
T010853,2025-09-12,17,HH138,DEV0203,30.7,100.0,23.63,136.6,0.23,False
T010854,2025-09-13,17,HH001,DEV0001,18.9,100.0,27.9,146.6,0.28,False
T010855,2025-09-13,14,HH005,DEV0006,36.1,100.0,2.49,13.3,0.46,False
T010856,2025-09-13,16,HH008,DEV0011,14.8,94.3,5.09,33.7,0.71,False
T010857,2025-09-13,19,HH009,DEV0013,39.7,100.0,3.38,20.8,0.2,False
T010858,2025-09-13,18,HH010,DEV0014,5.1,83.4,46.66,227.2,0.26,False
T010859,2025-09-13,15,HH011,DEV0015,8.9,79.2,41.89,265.7,0.55,False
T010860,2025-09-13,14,HH019,DEV0026,14.0,90.1,25.56,109.9,0.3,False
T010861,2025-09-13,11,HH020,DEV0027,27.6,100.0,2.53,12.4,0.16,False
T010862,2025-09-13,18,HH022,DEV0030,31.1,100.0,3.1,16.2,0.44,False
T010863,2025-09-13,19,HH025,DEV0036,8.9,93.5,4.91,23.9,0.42,False
T010864,2025-09-13,19,HH027,DEV0039,24.6,94.9,2.25,14.8,0.25,False
T010865,2025-09-13,17,HH031,DEV0045,32.5,100.0,34.36,169.4,0.31,False
T010866,2025-09-13,15,HH037,DEV0053,9.0,95.1,4.05,21.9,0.8,False
T010867,2025-09-13,18,HH038,DEV0054,11.4,91.6,25.6,152.8,0.59,False
T010868,2025-09-13,19,HH039,DEV0058,24.4,100.0,3.63,19.8,0.94,False
T010869,2025-09-13,17,HH041,DEV0060,6.5,92.7,4.39,26.2,0.11,False
T010870,2025-09-13,19,HH045,DEV0067,31.1,100.0,35.41,172.0,0.71,False
T010871,2025-09-13,12,HH050,DEV0074,23.8,100.0,3.51,21.1,0.49,False
T010872,2025-09-13,13,HH051,DEV0075,33.2,100.0,3.27,16.8,0.47,False
T010873,2025-09-13,19,HH055,DEV0081,29.6,100.0,2.96,14.3,0.51,False
T010874,2025-09-13,19,HH056,DEV0083,14.2,49.4,7.7,56.8,0.43,True
T010875,2025-09-13,15,HH059,DEV0087,24.7,100.0,4.37,22.0,0.31,False
T010876,2025-09-13,19,HH060,DEV0089,35.0,100.0,17.23,79.5,0.56,False
T010877,2025-09-13,15,HH061,DEV0090,11.9,94.7,6.29,46.7,0.5,False
T010878,2025-09-13,17,HH067,DEV0099,34.6,100.0,5.23,34.5,0.53,False
T010879,2025-09-13,18,HH069,DEV0101,19.1,100.0,44.66,207.0,0.26,False
T010880,2025-09-13,19,HH070,DEV0102,27.0,75.7,1.61,11.5,0.23,True
T010881,2025-09-13,17,HH071,DEV0103,21.2,100.0,4.96,25.3,0.53,False
T010882,2025-09-13,19,HH073,DEV0105,22.8,100.0,4.71,24.7,0.17,False
T010883,2025-09-13,19,HH085,DEV0124,22.3,100.0,26.11,179.8,0.07,False
T010884,2025-09-13,15,HH090,DEV0132,30.3,100.0,40.5,205.2,0.83,False
T010885,2025-09-13,18,HH092,DEV0134,7.7,95.2,39.1,183.4,0.31,False
T010886,2025-09-13,16,HH095,DEV0138,16.7,100.0,23.57,161.8,0.92,False
T010887,2025-09-13,11,HH097,DEV0141,17.4,100.0,4.3,21.2,0.38,False
T010888,2025-09-13,12,HH100,DEV0146,11.0,97.2,4.92,26.5,0.2,False
T010889,2025-09-13,16,HH108,DEV0155,24.3,100.0,33.99,154.0,0.51,False
T010890,2025-09-13,16,HH110,DEV0158,29.0,100.0,2.34,17.3,0.35,False
T010891,2025-09-13,12,HH111,DEV0161,39.5,100.0,3.99,19.9,0.6,False
T010892,2025-09-13,14,HH115,DEV0169,5.2,84.8,32.17,147.8,0.75,False
T010893,2025-09-13,13,HH118,DEV0172,25.5,100.0,34.64,233.3,0.25,False
T010894,2025-09-13,17,HH125,DEV0182,9.2,93.2,27.65,122.2,0.39,False
T010895,2025-09-13,18,HH126,DEV0184,14.7,67.3,4.0,17.2,0.18,True
T010896,2025-09-13,13,HH127,DEV0185,9.1,96.1,51.4,249.1,0.3,False
T010897,2025-09-13,15,HH128,DEV0187,32.8,100.0,2.82,13.4,0.12,False
T010898,2025-09-13,14,HH130,DEV0189,36.8,100.0,4.49,21.2,0.1,False
T010899,2025-09-13,19,HH133,DEV0195,9.8,85.4,17.24,98.6,0.18,False
T010900,2025-09-13,18,HH134,DEV0197,12.6,99.7,21.33,121.6,0.16,False
T010901,2025-09-13,19,HH137,DEV0200,26.6,100.0,2.57,12.8,0.79,False
T010902,2025-09-13,15,HH138,DEV0203,12.0,97.4,29.11,184.2,0.26,False
T010903,2025-09-13,19,HH140,DEV0206,36.8,100.0,16.31,75.0,0.38,False
T010904,2025-09-14,15,HH002,DEV0003,14.3,90.5,4.26,23.7,0.69,False
T010905,2025-09-14,14,HH007,DEV0009,12.2,100.0,21.77,133.2,0.26,False
T010906,2025-09-14,12,HH008,DEV0011,16.3,91.2,4.8,23.0,0.47,False
T010907,2025-09-14,19,HH012,DEV0016,35.4,78.2,1.46,7.2,0.09,True
T010908,2025-09-14,17,HH014,DEV0019,18.9,96.0,3.47,15.0,0.41,False
T010909,2025-09-14,18,HH015,DEV0020,22.4,98.0,2.57,12.2,0.54,False
T010910,2025-09-14,18,HH016,DEV0021,35.0,100.0,29.58,189.9,0.27,False
T010911,2025-09-14,17,HH018,DEV0024,31.6,100.0,4.65,28.6,0.6,False
T010912,2025-09-14,15,HH024,DEV0034,32.8,100.0,39.31,213.3,0.7,False
T010913,2025-09-14,16,HH029,DEV0041,35.3,100.0,4.53,25.7,0.41,False
T010914,2025-09-14,14,HH032,DEV0047,10.0,89.0,4.82,33.7,0.53,False
T010915,2025-09-14,18,HH033,DEV0048,6.5,88.4,5.24,22.7,0.19,False
T010916,2025-09-14,17,HH036,DEV0051,26.5,100.0,4.41,21.0,0.6,False
T010917,2025-09-14,17,HH041,DEV0060,37.8,100.0,3.17,14.0,0.14,False
T010918,2025-09-14,14,HH042,DEV0063,7.4,87.9,6.04,37.1,0.21,False
T010919,2025-09-14,15,HH043,DEV0064,37.9,100.0,28.63,138.9,0.3,False
T010920,2025-09-14,17,HH048,DEV0072,22.8,100.0,6.02,30.4,0.06,False
T010921,2025-09-14,17,HH052,DEV0076,33.3,100.0,3.0,16.2,0.32,False
T010922,2025-09-14,14,HH055,DEV0080,8.9,89.7,24.55,176.4,0.53,False
T010923,2025-09-14,14,HH058,DEV0086,29.0,100.0,2.56,15.1,0.52,False
T010924,2025-09-14,15,HH059,DEV0087,38.1,100.0,3.59,18.9,0.27,False
T010925,2025-09-14,14,HH061,DEV0091,26.5,100.0,4.41,21.9,0.47,False
T010926,2025-09-14,16,HH063,DEV0093,38.4,100.0,17.68,84.1,0.52,False
T010927,2025-09-14,16,HH064,DEV0095,13.5,100.0,2.68,13.9,0.42,False
T010928,2025-09-14,19,HH065,DEV0096,6.5,87.1,39.89,268.7,0.48,False
T010929,2025-09-14,19,HH066,DEV0098,39.5,79.3,2.59,16.4,0.35,True
T010930,2025-09-14,19,HH068,DEV0100,36.7,100.0,27.47,132.7,0.75,False
T010931,2025-09-14,19,HH071,DEV0103,10.5,95.2,5.33,27.7,0.46,False
T010932,2025-09-14,18,HH072,DEV0104,31.8,100.0,19.98,110.4,0.05,False
T010933,2025-09-14,15,HH074,DEV0107,19.3,99.3,40.24,261.5,0.3,False
T010934,2025-09-14,19,HH075,DEV0109,36.9,100.0,25.74,145.0,0.28,False
T010935,2025-09-14,18,HH077,DEV0111,26.0,100.0,5.77,26.7,0.36,False
T010936,2025-09-14,17,HH078,DEV0114,30.7,100.0,24.39,117.9,0.46,False
T010937,2025-09-14,19,HH081,DEV0118,18.7,100.0,16.99,77.5,0.66,False
T010938,2025-09-14,19,HH091,DEV0133,22.4,91.7,3.12,17.8,0.32,False
T010939,2025-09-14,19,HH092,DEV0134,26.7,100.0,32.77,146.9,0.45,False
T010940,2025-09-14,19,HH094,DEV0136,21.7,100.0,38.68,232.6,0.21,False
T010941,2025-09-14,19,HH095,DEV0138,5.8,80.4,21.11,96.0,0.64,False
T010942,2025-09-14,17,HH096,DEV0140,19.8,92.0,5.2,25.3,0.19,False
T010943,2025-09-14,19,HH099,DEV0144,33.9,100.0,5.09,24.4,0.31,False
T010944,2025-09-14,15,HH102,DEV0148,35.1,100.0,17.2,78.7,0.48,False
T010945,2025-09-14,17,HH104,DEV0150,34.4,100.0,21.58,94.5,0.25,False
T010946,2025-09-14,16,HH111,DEV0162,39.3,100.0,26.71,190.8,0.52,False
T010947,2025-09-14,18,HH112,DEV0163,17.9,100.0,27.67,145.3,0.4,False
T010948,2025-09-14,18,HH113,DEV0164,29.3,58.0,6.2,28.0,0.46,True
T010949,2025-09-14,15,HH116,DEV0170,30.2,100.0,23.52,110.5,0.83,False
T010950,2025-09-14,13,HH118,DEV0173,9.5,89.2,3.67,17.1,0.28,False
T010951,2025-09-14,19,HH120,DEV0176,23.9,100.0,4.87,23.9,0.32,False
T010952,2025-09-14,18,HH123,DEV0180,5.8,85.3,16.61,114.7,0.31,False
T010953,2025-09-14,19,HH127,DEV0186,39.5,100.0,30.55,146.6,0.25,False
T010954,2025-09-14,16,HH128,DEV0187,10.3,95.4,3.57,23.3,0.1,False
T010955,2025-09-14,16,HH131,DEV0190,11.8,85.7,3.47,19.1,0.5,False
T010956,2025-09-14,19,HH133,DEV0194,20.7,97.3,43.87,308.4,0.11,False
T010957,2025-09-14,19,HH136,DEV0199,35.1,100.0,29.92,146.7,0.48,False
T010958,2025-09-15,17,HH001,DEV0001,37.2,100.0,21.6,136.0,0.33,False
T010959,2025-09-15,18,HH002,DEV0002,36.4,100.0,36.12,164.2,0.62,False
T010960,2025-09-15,16,HH004,DEV0005,25.4,100.0,5.37,39.7,0.25,False
T010961,2025-09-15,16,HH005,DEV0006,36.7,100.0,2.47,11.0,0.47,False
T010962,2025-09-15,15,HH006,DEV0007,17.2,98.7,16.79,101.3,0.8,False
T010963,2025-09-15,18,HH010,DEV0014,26.4,100.0,43.87,324.5,0.22,False
T010964,2025-09-15,15,HH012,DEV0016,25.1,80.4,1.88,8.1,0.07,True
T010965,2025-09-15,15,HH014,DEV0019,20.0,99.4,3.57,15.8,0.44,False
T010966,2025-09-15,15,HH015,DEV0020,13.9,99.7,2.92,20.2,0.42,False
T010967,2025-09-15,17,HH020,DEV0027,30.7,100.0,2.43,14.2,0.25,False
T010968,2025-09-15,15,HH021,DEV0028,33.6,100.0,17.99,105.4,0.33,False
T010969,2025-09-15,17,HH022,DEV0030,16.6,88.3,3.23,17.2,0.43,False
T010970,2025-09-15,19,HH025,DEV0036,17.9,100.0,4.76,27.8,0.52,False
T010971,2025-09-15,16,HH027,DEV0039,31.5,100.0,2.19,11.5,0.17,False
T010972,2025-09-15,19,HH028,DEV0040,24.9,100.0,28.99,132.7,0.39,False
T010973,2025-09-15,17,HH033,DEV0048,5.7,79.0,4.69,32.1,0.3,False
T010974,2025-09-15,19,HH035,DEV0050,39.7,100.0,20.44,129.4,0.32,False
T010975,2025-09-15,16,HH036,DEV0051,34.5,100.0,3.93,17.5,0.51,False
T010976,2025-09-15,12,HH037,DEV0053,14.5,88.2,3.46,25.8,0.5,False
T010977,2025-09-15,19,HH038,DEV0054,35.1,100.0,20.7,139.6,0.64,False
T010978,2025-09-15,17,HH041,DEV0060,32.7,100.0,3.43,17.1,0.09,False
T010979,2025-09-15,16,HH042,DEV0063,30.1,100.0,5.24,34.9,0.26,False
T010980,2025-09-15,17,HH043,DEV0065,15.2,92.1,3.23,16.4,0.57,False
T010981,2025-09-15,14,HH044,DEV0066,10.2,84.4,23.23,106.9,0.44,False
T010982,2025-09-15,15,HH045,DEV0067,23.6,100.0,39.27,200.6,0.5,False
T010983,2025-09-15,16,HH047,DEV0070,12.5,86.8,17.92,94.2,0.13,False
T010984,2025-09-15,19,HH051,DEV0075,5.2,85.7,3.95,19.1,0.48,False
T010985,2025-09-15,18,HH052,DEV0076,28.0,100.0,3.24,17.6,0.37,False
T010986,2025-09-15,12,HH053,DEV0078,25.3,100.0,14.94,104.6,0.22,False
T010987,2025-09-15,15,HH054,DEV0079,24.5,100.0,3.55,18.6,0.33,False
T010988,2025-09-15,17,HH057,DEV0084,10.1,84.8,2.39,13.1,0.57,False
T010989,2025-09-15,15,HH063,DEV0093,18.6,100.0,23.36,120.2,0.41,False
T010990,2025-09-15,18,HH065,DEV0097,22.1,92.2,5.26,22.7,0.54,False
T010991,2025-09-15,19,HH066,DEV0098,9.4,46.1,2.38,17.5,0.41,True
T010992,2025-09-15,18,HH068,DEV0100,35.6,100.0,27.95,141.3,0.44,False
T010993,2025-09-15,16,HH069,DEV0101,15.1,100.0,46.86,324.2,0.25,False
T010994,2025-09-15,18,HH070,DEV0102,29.3,67.2,1.25,7.1,0.21,True
T010995,2025-09-15,10,HH073,DEV0106,19.0,100.0,5.18,37.5,0.14,False
T010996,2025-09-15,15,HH079,DEV0115,31.8,100.0,33.55,224.7,0.21,False
T010997,2025-09-15,16,HH080,DEV0116,13.9,93.0,5.93,32.6,0.6,False
T010998,2025-09-15,14,HH083,DEV0122,18.9,95.7,29.72,216.6,0.29,False
T010999,2025-09-15,19,HH084,DEV0123,14.1,100.0,4.3,24.5,0.62,False
T011000,2025-09-15,15,HH085,DEV0124,36.8,100.0,21.24,122.8,0.11,False
T011001,2025-09-15,14,HH087,DEV0128,7.3,96.7,2.86,17.7,0.26,False
T011002,2025-09-15,12,HH094,DEV0137,22.4,100.0,3.8,21.5,0.16,False
T011003,2025-09-15,19,HH097,DEV0141,16.1,94.9,4.1,29.7,0.4,False
T011004,2025-09-15,18,HH098,DEV0142,36.2,100.0,35.09,155.7,0.55,False
T011005,2025-09-15,14,HH099,DEV0144,11.1,100.0,6.85,34.4,0.23,False
T011006,2025-09-15,19,HH103,DEV0149,8.7,59.8,2.2,10.7,0.46,True
T011007,2025-09-15,14,HH104,DEV0150,23.4,100.0,25.2,173.3,0.24,False
T011008,2025-09-15,19,HH105,DEV0151,38.8,100.0,3.06,20.6,0.13,False
T011009,2025-09-15,11,HH107,DEV0153,26.0,100.0,2.81,19.5,0.3,False
T011010,2025-09-15,18,HH111,DEV0162,36.1,100.0,28.12,168.5,0.56,False
T011011,2025-09-15,19,HH115,DEV0169,18.7,94.4,30.57,210.9,0.69,False
T011012,2025-09-15,18,HH122,DEV0179,29.8,100.0,23.03,149.7,0.43,False
T011013,2025-09-15,16,HH125,DEV0183,38.2,100.0,3.34,19.2,0.3,False
T011014,2025-09-15,15,HH129,DEV0188,12.9,89.3,4.51,19.6,0.36,False
T011015,2025-09-15,14,HH130,DEV0189,31.2,100.0,4.88,28.0,0.13,False
T011016,2025-09-15,17,HH138,DEV0203,28.6,100.0,24.35,108.3,0.17,False
T011017,2025-09-15,18,HH139,DEV0205,7.1,83.5,5.12,23.5,0.2,False
T011018,2025-09-16,19,HH001,DEV0001,14.8,92.5,26.74,161.6,0.21,False
T011019,2025-09-16,18,HH004,DEV0005,27.0,100.0,5.26,36.3,0.2,False
T011020,2025-09-16,15,HH009,DEV0013,17.9,95.2,4.33,29.3,0.2,False
T011021,2025-09-16,17,HH010,DEV0014,12.8,91.5,46.92,229.3,0.34,False
T011022,2025-09-16,16,HH013,DEV0017,19.1,89.1,3.71,27.5,1.0,False
T011023,2025-09-16,18,HH017,DEV0022,37.8,100.0,13.87,60.0,0.55,False
T011024,2025-09-16,19,HH022,DEV0031,39.8,100.0,12.22,58.1,0.49,False
T011025,2025-09-16,18,HH024,DEV0035,27.6,100.0,39.6,269.7,0.69,False
T011026,2025-09-16,19,HH029,DEV0043,32.5,100.0,35.71,158.6,0.5,False
T011027,2025-09-16,18,HH032,DEV0047,31.6,100.0,4.17,25.3,0.58,False
T011028,2025-09-16,19,HH035,DEV0050,18.2,93.8,25.61,145.5,0.37,False
T011029,2025-09-16,19,HH037,DEV0053,31.0,100.0,3.24,16.5,0.64,False
T011030,2025-09-16,19,HH038,DEV0054,23.0,100.0,24.56,116.9,0.41,False
T011031,2025-09-16,17,HH039,DEV0057,10.9,93.4,6.27,37.6,0.96,False
T011032,2025-09-16,16,HH043,DEV0064,7.8,97.1,41.15,212.1,0.55,False
T011033,2025-09-16,16,HH047,DEV0069,33.6,70.9,19.2,140.9,0.11,True
T011034,2025-09-16,16,HH054,DEV0079,29.3,100.0,3.32,20.0,0.29,False
T011035,2025-09-16,16,HH062,DEV0092,13.3,92.1,25.77,178.1,0.46,False
T011036,2025-09-16,14,HH065,DEV0096,25.9,100.0,36.68,246.8,0.61,False
T011037,2025-09-16,16,HH066,DEV0098,28.1,84.4,3.66,16.7,0.37,True
T011038,2025-09-16,18,HH067,DEV0099,9.1,99.0,7.19,46.9,0.63,False
T011039,2025-09-16,15,HH069,DEV0101,6.8,86.5,44.02,229.9,0.19,False
T011040,2025-09-16,19,HH070,DEV0102,8.0,43.5,1.17,6.2,0.29,True
T011041,2025-09-16,19,HH073,DEV0106,32.3,100.0,4.33,20.0,0.26,False
T011042,2025-09-16,17,HH074,DEV0108,39.3,100.0,3.4,18.1,0.24,False
T011043,2025-09-16,15,HH075,DEV0109,22.0,100.0,31.82,179.6,0.38,False
T011044,2025-09-16,16,HH076,DEV0110,17.6,100.0,29.5,142.3,0.39,False
T011045,2025-09-16,15,HH077,DEV0112,20.0,95.9,5.54,23.8,0.23,False
T011046,2025-09-16,19,HH078,DEV0113,9.0,82.5,3.89,19.5,0.37,False
T011047,2025-09-16,14,HH080,DEV0116,31.6,100.0,5.13,33.6,0.77,False
T011048,2025-09-16,13,HH084,DEV0123,34.7,100.0,3.26,16.6,0.73,False
T011049,2025-09-16,18,HH087,DEV0128,26.6,100.0,2.35,16.2,0.34,False
T011050,2025-09-16,16,HH091,DEV0133,23.3,100.0,3.45,18.6,0.36,False
T011051,2025-09-16,16,HH092,DEV0134,21.2,97.0,33.89,152.1,0.33,False
T011052,2025-09-16,18,HH094,DEV0136,37.6,100.0,30.83,203.3,0.21,False
T011053,2025-09-16,13,HH097,DEV0141,5.8,81.7,3.95,26.0,0.47,False
T011054,2025-09-16,18,HH098,DEV0142,23.8,100.0,41.91,181.4,0.68,False
T011055,2025-09-16,15,HH107,DEV0154,21.1,100.0,2.6,19.5,0.25,False
T011056,2025-09-16,17,HH108,DEV0155,18.4,100.0,36.64,181.3,0.58,False
T011057,2025-09-16,16,HH109,DEV0156,32.7,100.0,5.11,23.0,0.44,False
T011058,2025-09-16,16,HH110,DEV0158,32.9,100.0,2.21,11.8,0.37,False
T011059,2025-09-16,14,HH112,DEV0163,16.9,93.8,25.92,111.1,0.34,False
T011060,2025-09-16,19,HH119,DEV0175,30.0,100.0,17.64,124.3,0.27,False
T011061,2025-09-16,18,HH120,DEV0176,14.6,91.8,4.94,25.9,0.45,False
T011062,2025-09-16,15,HH121,DEV0177,32.6,100.0,3.84,18.7,0.65,False
T011063,2025-09-16,19,HH122,DEV0179,29.0,100.0,23.29,147.9,0.57,False
T011064,2025-09-16,15,HH125,DEV0183,9.2,91.7,4.45,28.1,0.3,False
T011065,2025-09-16,17,HH126,DEV0184,31.7,67.0,2.68,13.2,0.26,True
T011066,2025-09-16,11,HH127,DEV0186,36.3,100.0,32.17,182.9,0.21,False
T011067,2025-09-16,15,HH129,DEV0188,5.5,88.5,4.89,24.4,0.71,False
T011068,2025-09-16,18,HH131,DEV0190,29.4,100.0,3.32,23.6,0.45,False
T011069,2025-09-16,13,HH134,DEV0196,13.8,97.8,6.21,44.9,0.14,False
T011070,2025-09-16,16,HH137,DEV0201,36.3,100.0,37.65,241.0,0.76,False
T011071,2025-09-16,19,HH139,DEV0204,26.3,100.0,27.05,129.6,0.29,False
T011072,2025-09-16,19,HH140,DEV0206,26.1,100.0,19.07,88.8,0.53,False
T011073,2025-09-17,17,HH001,DEV0001,11.7,96.5,29.18,182.7,0.35,False
T011074,2025-09-17,19,HH002,DEV0002,8.7,88.8,45.48,298.9,0.49,False
T011075,2025-09-17,15,HH003,DEV0004,9.9,91.9,32.63,187.3,0.42,False
T011076,2025-09-17,14,HH005,DEV0006,15.5,100.0,3.3,20.0,0.43,False
T011077,2025-09-17,16,HH006,DEV0007,17.7,95.3,15.99,99.6,0.45,False
T011078,2025-09-17,17,HH007,DEV0008,34.5,100.0,2.49,12.6,0.24,False
T011079,2025-09-17,19,HH011,DEV0015,9.2,84.4,44.81,279.9,0.77,False
T011080,2025-09-17,19,HH015,DEV0020,14.0,97.2,2.83,19.9,0.64,False
T011081,2025-09-17,19,HH017,DEV0022,38.1,100.0,13.8,59.6,0.65,False
T011082,2025-09-17,17,HH018,DEV0025,12.8,84.1,28.68,188.6,0.53,False
T011083,2025-09-17,19,HH022,DEV0030,12.3,84.3,3.24,15.9,0.5,False
T011084,2025-09-17,15,HH023,DEV0033,9.3,81.5,28.25,181.3,0.18,False
T011085,2025-09-17,16,HH024,DEV0034,12.6,90.6,45.63,297.5,0.7,False
T011086,2025-09-17,18,HH026,DEV0038,21.7,100.0,39.15,250.9,0.25,False
T011087,2025-09-17,16,HH027,DEV0039,18.2,97.5,2.54,11.3,0.15,False
T011088,2025-09-17,17,HH028,DEV0040,9.3,98.3,34.37,177.2,0.29,False
T011089,2025-09-17,19,HH033,DEV0048,14.0,95.2,5.2,27.0,0.28,False
T011090,2025-09-17,19,HH035,DEV0050,10.6,90.3,27.03,168.5,0.33,False
T011091,2025-09-17,16,HH037,DEV0053,7.0,86.9,3.75,17.2,0.76,False
T011092,2025-09-17,13,HH042,DEV0062,20.6,98.7,22.95,148.3,0.24,False
T011093,2025-09-17,19,HH044,DEV0066,34.9,100.0,20.38,118.8,0.85,False
T011094,2025-09-17,15,HH045,DEV0067,31.7,100.0,35.11,214.4,0.99,False
T011095,2025-09-17,14,HH049,DEV0073,24.8,100.0,3.16,19.4,0.07,False
T011096,2025-09-17,17,HH050,DEV0074,26.2,100.0,3.39,18.1,0.52,False
T011097,2025-09-17,17,HH051,DEV0075,36.1,100.0,3.13,17.2,0.39,False
T011098,2025-09-17,17,HH055,DEV0080,6.7,90.5,25.48,134.7,0.36,False
T011099,2025-09-17,15,HH061,DEV0091,21.5,99.1,4.66,20.5,0.35,False
T011100,2025-09-17,15,HH063,DEV0094,28.2,100.0,2.44,11.6,0.5,False
T011101,2025-09-17,16,HH064,DEV0095,32.3,100.0,2.1,10.9,0.25,False
T011102,2025-09-17,19,HH068,DEV0100,39.0,100.0,26.47,134.0,0.88,False
T011103,2025-09-17,15,HH073,DEV0105,33.1,100.0,4.08,23.6,0.25,False
T011104,2025-09-17,14,HH076,DEV0110,6.5,92.1,30.65,219.5,0.38,False
T011105,2025-09-17,12,HH077,DEV0112,24.3,100.0,5.53,24.3,0.32,False
T011106,2025-09-17,16,HH078,DEV0114,7.1,89.8,29.12,155.3,0.55,False
T011107,2025-09-17,18,HH082,DEV0121,25.3,100.0,32.27,139.4,0.79,False
T011108,2025-09-17,17,HH087,DEV0128,36.3,100.0,2.04,13.9,0.19,False
T011109,2025-09-17,19,HH090,DEV0132,9.9,92.3,47.87,357.6,0.51,False
T011110,2025-09-17,13,HH098,DEV0143,20.9,100.0,4.51,21.4,0.82,False
T011111,2025-09-17,17,HH102,DEV0148,21.6,95.5,19.59,84.3,0.42,False
T011112,2025-09-17,13,HH105,DEV0151,16.3,97.1,4.04,21.0,0.19,False
T011113,2025-09-17,19,HH109,DEV0157,22.8,100.0,4.79,21.2,0.64,False
T011114,2025-09-17,18,HH112,DEV0163,36.8,100.0,21.3,155.4,0.44,False
T011115,2025-09-17,18,HH117,DEV0171,23.0,94.4,2.57,16.8,0.35,False
T011116,2025-09-17,16,HH118,DEV0173,22.2,97.8,3.48,16.8,0.21,False
T011117,2025-09-17,14,HH119,DEV0175,26.6,100.0,18.5,123.0,0.28,False
T011118,2025-09-17,16,HH122,DEV0179,23.7,100.0,25.03,149.0,0.43,False
T011119,2025-09-17,14,HH123,DEV0180,14.2,96.6,17.23,80.2,0.28,False
T011120,2025-09-17,19,HH135,DEV0198,31.2,100.0,3.99,23.1,0.15,False
T011121,2025-09-17,13,HH140,DEV0206,22.7,100.0,19.94,88.2,0.54,False
T011122,2025-09-18,13,HH008,DEV0010,32.3,88.4,28.54,189.8,0.47,True
T011123,2025-09-18,18,HH011,DEV0015,9.3,94.5,50.76,271.0,0.58,False
T011124,2025-09-18,15,HH012,DEV0016,35.3,86.8,1.75,8.3,0.1,True
T011125,2025-09-18,17,HH015,DEV0020,6.8,97.0,3.07,16.6,0.37,False
T011126,2025-09-18,16,HH016,DEV0021,33.0,100.0,30.49,145.9,0.46,False
T011127,2025-09-18,19,HH019,DEV0026,7.5,91.4,28.18,198.2,0.3,False
T011128,2025-09-18,13,HH027,DEV0039,20.1,100.0,2.56,12.2,0.27,False
T011129,2025-09-18,15,HH029,DEV0043,10.9,85.9,39.68,288.6,0.51,False
T011130,2025-09-18,16,HH030,DEV0044,25.2,100.0,2.62,12.7,0.08,False
T011131,2025-09-18,14,HH032,DEV0047,28.4,100.0,4.37,20.9,0.56,False
T011132,2025-09-18,19,HH033,DEV0048,11.7,100.0,5.65,32.4,0.29,False
T011133,2025-09-18,19,HH035,DEV0050,35.4,100.0,21.9,143.0,0.38,False
T011134,2025-09-18,17,HH036,DEV0051,16.8,99.1,4.94,33.5,0.58,False
T011135,2025-09-18,17,HH037,DEV0053,25.6,100.0,3.5,23.8,0.77,False
T011136,2025-09-18,16,HH041,DEV0060,38.7,100.0,3.13,18.6,0.18,False
T011137,2025-09-18,16,HH045,DEV0067,31.5,100.0,35.21,162.7,0.62,False
T011138,2025-09-18,17,HH047,DEV0070,19.7,100.0,19.35,115.0,0.18,False
T011139,2025-09-18,14,HH062,DEV0092,11.3,85.0,24.11,139.7,0.37,False
T011140,2025-09-18,18,HH066,DEV0098,23.6,61.8,2.48,17.8,0.28,True
T011141,2025-09-18,14,HH070,DEV0102,14.7,47.4,1.08,5.1,0.23,True
T011142,2025-09-18,16,HH074,DEV0107,18.3,94.2,38.19,172.5,0.25,False
T011143,2025-09-18,17,HH077,DEV0112,13.8,85.2,5.21,37.6,0.44,False
T011144,2025-09-18,17,HH081,DEV0117,17.3,89.9,17.43,79.8,0.82,False
T011145,2025-09-18,14,HH082,DEV0119,16.1,98.2,5.42,26.3,0.46,False
T011146,2025-09-18,19,HH084,DEV0123,8.4,94.5,4.31,23.4,0.85,False
T011147,2025-09-18,18,HH086,DEV0127,37.0,100.0,2.46,11.4,0.36,False
T011148,2025-09-18,19,HH088,DEV0129,13.9,98.0,38.76,195.4,0.34,False
T011149,2025-09-18,16,HH089,DEV0130,15.9,91.3,3.39,20.5,0.09,False
T011150,2025-09-18,9,HH093,DEV0135,35.1,100.0,2.79,12.6,0.35,False
T011151,2025-09-18,10,HH094,DEV0137,9.5,83.8,3.64,17.6,0.25,False
T011152,2025-09-18,17,HH099,DEV0144,16.0,95.5,6.12,35.5,0.33,False
T011153,2025-09-18,17,HH105,DEV0151,16.0,92.0,3.8,27.3,0.19,False
T011154,2025-09-18,13,HH107,DEV0153,19.2,100.0,3.07,16.6,0.23,False
T011155,2025-09-18,16,HH109,DEV0157,37.0,100.0,3.91,23.2,0.38,False
T011156,2025-09-18,17,HH111,DEV0162,28.4,100.0,31.5,136.8,0.39,False
T011157,2025-09-18,13,HH112,DEV0163,34.7,100.0,22.01,100.2,0.34,False
T011158,2025-09-18,14,HH115,DEV0169,24.6,100.0,30.46,134.1,0.51,False
T011159,2025-09-18,18,HH118,DEV0173,35.6,100.0,2.96,15.5,0.17,False
T011160,2025-09-18,15,HH122,DEV0179,13.1,96.7,27.42,136.7,0.45,False
T011161,2025-09-18,17,HH123,DEV0180,14.8,100.0,17.81,123.4,0.24,False
T011162,2025-09-18,14,HH124,DEV0181,37.7,71.0,14.81,101.7,0.85,True
T011163,2025-09-18,15,HH129,DEV0188,39.0,100.0,3.6,21.7,0.53,False
T011164,2025-09-18,17,HH130,DEV0189,10.5,95.4,6.03,37.0,0.12,False
T011165,2025-09-19,17,HH001,DEV0001,38.3,100.0,21.22,101.8,0.35,False
T011166,2025-09-19,14,HH007,DEV0009,18.3,100.0,20.26,95.6,0.28,False
T011167,2025-09-19,15,HH011,DEV0015,8.9,88.4,47.39,233.3,0.57,False
T011168,2025-09-19,16,HH012,DEV0016,19.4,69.2,1.69,9.8,0.08,True
T011169,2025-09-19,14,HH013,DEV0018,28.2,100.0,5.38,24.1,0.69,False
T011170,2025-09-19,19,HH026,DEV0038,5.4,84.5,39.54,176.9,0.32,False
T011171,2025-09-19,16,HH030,DEV0044,18.0,93.9,2.66,17.9,0.06,False
T011172,2025-09-19,15,HH034,DEV0049,14.9,95.0,6.01,40.6,0.25,False
T011173,2025-09-19,14,HH042,DEV0063,12.2,94.7,6.19,28.8,0.21,False
T011174,2025-09-19,19,HH046,DEV0068,25.5,100.0,35.02,170.4,0.08,False
T011175,2025-09-19,16,HH054,DEV0079,6.6,88.9,3.87,26.4,0.43,False
T011176,2025-09-19,19,HH056,DEV0082,10.3,83.9,3.46,23.1,0.59,False
T011177,2025-09-19,19,HH058,DEV0086,33.7,100.0,2.39,16.5,0.27,False
T011178,2025-09-19,15,HH061,DEV0091,28.0,100.0,4.32,18.6,0.53,False
T011179,2025-09-19,19,HH066,DEV0098,19.0,64.3,2.95,13.0,0.29,True
T011180,2025-09-19,12,HH068,DEV0100,5.2,93.6,38.36,195.9,0.65,False
T011181,2025-09-19,17,HH069,DEV0101,34.9,100.0,35.94,253.1,0.21,False
T011182,2025-09-19,16,HH074,DEV0108,18.3,95.1,4.3,28.6,0.25,False
T011183,2025-09-19,16,HH081,DEV0118,29.0,100.0,14.84,92.9,0.61,False
T011184,2025-09-19,17,HH082,DEV0119,38.2,100.0,4.08,18.8,0.65,False
T011185,2025-09-19,16,HH083,DEV0122,25.5,100.0,28.83,183.7,0.44,False
T011186,2025-09-19,15,HH091,DEV0133,18.2,100.0,3.68,20.2,0.42,False
T011187,2025-09-19,19,HH093,DEV0135,38.7,100.0,2.64,12.2,0.39,False
T011188,2025-09-19,19,HH094,DEV0137,15.5,100.0,4.14,28.8,0.2,False
T011189,2025-09-19,16,HH102,DEV0148,12.4,86.6,19.66,126.2,0.68,False
T011190,2025-09-19,17,HH105,DEV0151,13.2,91.8,3.93,18.2,0.14,False
T011191,2025-09-19,16,HH108,DEV0155,12.1,97.1,38.17,170.0,0.37,False
T011192,2025-09-19,15,HH110,DEV0159,37.4,100.0,2.25,10.5,0.26,False
T011193,2025-09-19,13,HH111,DEV0162,32.6,100.0,29.66,136.0,0.41,False
T011194,2025-09-19,19,HH115,DEV0169,28.6,100.0,28.85,160.8,0.7,False
T011195,2025-09-19,13,HH119,DEV0174,37.9,100.0,18.57,123.3,0.19,False
T011196,2025-09-19,15,HH125,DEV0183,9.0,93.6,4.57,23.1,0.25,False
T011197,2025-09-19,14,HH133,DEV0194,23.6,100.0,43.78,242.2,0.17,False
T011198,2025-09-19,14,HH134,DEV0197,26.6,100.0,17.98,90.6,0.14,False
T011199,2025-09-19,17,HH136,DEV0199,9.7,97.5,40.47,179.6,0.43,False
T011200,2025-09-19,18,HH138,DEV0203,11.8,91.0,27.01,120.0,0.15,False
T011201,2025-09-19,12,HH139,DEV0205,35.5,100.0,4.32,25.2,0.21,False
T011202,2025-09-20,18,HH003,DEV0004,12.3,97.9,34.05,187.9,0.56,False
T011203,2025-09-20,19,HH012,DEV0016,22.8,76.9,1.84,9.7,0.12,True
T011204,2025-09-20,19,HH015,DEV0020,29.8,100.0,2.39,14.8,0.58,False
T011205,2025-09-20,14,HH016,DEV0021,17.3,97.4,36.46,194.4,0.28,False
T011206,2025-09-20,16,HH017,DEV0023,6.7,84.6,4.44,20.1,0.58,False
T011207,2025-09-20,15,HH023,DEV0032,37.6,100.0,37.0,160.5,0.18,False
T011208,2025-09-20,15,HH026,DEV0038,11.1,85.6,37.23,173.0,0.19,False
T011209,2025-09-20,19,HH028,DEV0040,24.5,100.0,29.14,215.5,0.27,False
T011210,2025-09-20,19,HH030,DEV0044,32.9,100.0,2.35,10.2,0.11,False
T011211,2025-09-20,19,HH032,DEV0047,13.7,100.0,5.26,28.4,0.58,False
T011212,2025-09-20,13,HH041,DEV0060,6.7,84.0,3.94,18.6,0.12,False
T011213,2025-09-20,17,HH043,DEV0065,35.3,100.0,2.72,16.2,0.28,False
T011214,2025-09-20,17,HH045,DEV0067,20.1,100.0,41.07,246.0,0.52,False
T011215,2025-09-20,15,HH050,DEV0074,39.1,100.0,2.8,13.2,0.54,False
T011216,2025-09-20,14,HH056,DEV0083,31.2,67.1,7.86,48.8,0.38,True
T011217,2025-09-20,17,HH061,DEV0090,10.8,97.0,6.55,40.8,0.35,False
T011218,2025-09-20,12,HH064,DEV0095,11.0,97.6,2.68,13.1,0.37,False
T011219,2025-09-20,19,HH065,DEV0097,14.9,88.3,5.51,27.7,0.78,False
T011220,2025-09-20,18,HH070,DEV0102,14.8,58.1,1.43,8.1,0.17,True
T011221,2025-09-20,17,HH071,DEV0103,32.6,100.0,4.25,20.0,0.51,False
T011222,2025-09-20,18,HH072,DEV0104,5.8,84.8,23.13,124.7,0.07,False
T011223,2025-09-20,16,HH076,DEV0110,36.2,100.0,22.84,133.3,0.51,False
T011224,2025-09-20,17,HH085,DEV0124,6.5,88.6,27.58,162.0,0.09,False
T011225,2025-09-20,12,HH087,DEV0128,26.4,100.0,2.36,13.9,0.21,False
T011226,2025-09-20,19,HH091,DEV0133,28.3,100.0,3.23,23.0,0.53,False
T011227,2025-09-20,17,HH092,DEV0134,21.0,98.8,34.78,224.7,0.31,False
T011228,2025-09-20,14,HH094,DEV0136,16.2,100.0,41.4,189.8,0.25,False
T011229,2025-09-20,15,HH097,DEV0141,29.5,100.0,3.67,23.3,0.51,False
T011230,2025-09-20,18,HH100,DEV0146,12.6,96.6,4.79,21.3,0.19,False
T011231,2025-09-20,16,HH103,DEV0149,39.0,90.7,2.22,10.9,0.55,True
T011232,2025-09-20,17,HH108,DEV0155,18.0,89.4,32.08,240.3,0.39,False
T011233,2025-09-20,19,HH110,DEV0160,21.8,100.0,27.92,155.9,0.43,False
T011234,2025-09-20,16,HH113,DEV0165,12.9,100.0,6.53,38.0,0.33,False
T011235,2025-09-20,10,HH114,DEV0167,20.0,95.2,5.79,41.7,0.6,False
T011236,2025-09-20,16,HH115,DEV0169,13.0,97.8,34.27,241.8,0.44,False
T011237,2025-09-20,18,HH118,DEV0173,31.1,100.0,3.17,18.7,0.17,False
T011238,2025-09-20,15,HH120,DEV0176,23.9,100.0,4.87,28.6,0.45,False
T011239,2025-09-20,16,HH124,DEV0181,8.0,44.5,16.22,103.1,0.68,True
T011240,2025-09-20,15,HH129,DEV0188,34.0,100.0,3.89,23.9,0.52,False
T011241,2025-09-20,19,HH130,DEV0189,13.7,89.7,5.4,26.7,0.16,False
T011242,2025-09-20,16,HH137,DEV0201,10.5,94.1,49.43,227.9,0.67,False
T011243,2025-09-20,16,HH140,DEV0206,25.7,100.0,19.17,143.1,0.62,False
T011244,2025-09-21,16,HH005,DEV0006,16.3,100.0,3.26,18.4,0.57,False
T011245,2025-09-21,16,HH008,DEV0012,39.3,100.0,3.76,17.2,0.74,False
T011246,2025-09-21,12,HH009,DEV0013,9.2,81.1,4.03,23.7,0.23,False
T011247,2025-09-21,18,HH010,DEV0014,39.3,100.0,36.18,171.3,0.3,False
T011248,2025-09-21,12,HH011,DEV0015,32.0,100.0,40.53,243.5,0.72,False
T011249,2025-09-21,14,HH013,DEV0018,11.0,93.5,6.18,30.2,0.71,False
T011250,2025-09-21,15,HH018,DEV0025,30.5,100.0,27.94,202.6,0.56,False
T011251,2025-09-21,18,HH021,DEV0029,21.0,100.0,3.16,15.4,0.35,False
T011252,2025-09-21,15,HH028,DEV0040,36.5,100.0,24.51,178.6,0.46,False
T011253,2025-09-21,19,HH032,DEV0047,23.5,100.0,4.67,28.0,0.43,False
T011254,2025-09-21,17,HH037,DEV0053,36.8,100.0,2.97,14.7,0.63,False
T011255,2025-09-21,19,HH038,DEV0055,24.2,100.0,2.8,20.1,0.56,False
T011256,2025-09-21,15,HH040,DEV0059,27.2,100.0,2.26,12.0,0.59,False
T011257,2025-09-21,17,HH043,DEV0064,25.7,100.0,34.25,181.9,0.41,False
T011258,2025-09-21,17,HH044,DEV0066,39.8,100.0,18.84,141.1,0.73,False
T011259,2025-09-21,17,HH047,DEV0070,36.4,100.0,15.33,73.4,0.12,False
T011260,2025-09-21,16,HH051,DEV0075,21.1,100.0,3.87,22.4,0.38,False
T011261,2025-09-21,15,HH055,DEV0080,33.6,100.0,20.19,115.9,0.31,False
T011262,2025-09-21,19,HH059,DEV0087,27.0,100.0,4.23,21.3,0.31,False
T011263,2025-09-21,15,HH060,DEV0089,8.2,87.9,21.11,114.6,0.92,False
T011264,2025-09-21,15,HH062,DEV0092,19.3,95.3,24.87,185.2,0.28,False
T011265,2025-09-21,18,HH064,DEV0095,17.1,100.0,2.57,13.1,0.42,False
T011266,2025-09-21,17,HH065,DEV0096,28.3,100.0,35.49,187.6,0.91,False
T011267,2025-09-21,16,HH066,DEV0098,13.5,48.2,2.26,10.1,0.34,True
T011268,2025-09-21,19,HH072,DEV0104,25.5,95.2,20.41,102.9,0.08,False
T011269,2025-09-21,19,HH074,DEV0108,19.1,99.2,4.49,19.8,0.3,False
T011270,2025-09-21,14,HH079,DEV0115,32.4,100.0,33.26,248.1,0.21,False
T011271,2025-09-21,19,HH082,DEV0120,9.9,92.0,3.78,22.1,0.66,False
T011272,2025-09-21,19,HH096,DEV0140,34.7,100.0,4.7,25.9,0.17,False
T011273,2025-09-21,14,HH098,DEV0143,27.6,100.0,4.13,22.8,0.6,False
T011274,2025-09-21,14,HH106,DEV0152,14.1,97.8,44.09,245.2,0.24,False
T011275,2025-09-21,15,HH107,DEV0153,7.4,97.0,3.4,16.3,0.25,False
T011276,2025-09-21,14,HH108,DEV0155,8.6,87.9,35.61,158.5,0.48,False
T011277,2025-09-21,14,HH110,DEV0160,22.3,93.7,25.49,112.6,0.43,False
T011278,2025-09-21,16,HH112,DEV0163,35.3,100.0,21.8,156.3,0.22,False
T011279,2025-09-21,19,HH113,DEV0165,19.6,100.0,6.03,43.1,0.26,False
T011280,2025-09-21,17,HH114,DEV0166,16.6,56.2,2.5,11.7,0.39,True
T011281,2025-09-21,17,HH115,DEV0169,31.9,100.0,27.51,179.5,0.58,False
T011282,2025-09-21,19,HH120,DEV0176,29.7,100.0,4.5,19.4,0.32,False
T011283,2025-09-21,16,HH124,DEV0181,36.3,94.7,25.93,161.7,0.75,True
T011284,2025-09-21,13,HH128,DEV0187,8.0,94.5,3.63,19.3,0.16,False
T011285,2025-09-21,19,HH132,DEV0192,37.7,100.0,3.12,19.3,0.27,False
T011286,2025-09-21,18,HH133,DEV0195,32.9,100.0,15.3,113.3,0.16,False
T011287,2025-09-21,15,HH134,DEV0197,35.3,100.0,15.85,118.2,0.25,False
T011288,2025-09-21,17,HH137,DEV0200,9.4,87.4,2.73,14.5,0.47,False
T011289,2025-09-21,10,HH139,DEV0205,8.0,83.1,5.03,34.8,0.25,False
T011290,2025-09-22,13,HH003,DEV0004,28.9,100.0,28.3,160.0,0.53,False
T011291,2025-09-22,15,HH004,DEV0005,7.8,95.0,6.28,36.1,0.2,False
T011292,2025-09-22,15,HH005,DEV0006,37.9,100.0,2.42,11.6,0.35,False
T011293,2025-09-22,15,HH006,DEV0007,26.4,95.7,14.27,72.9,0.55,False
T011294,2025-09-22,17,HH008,DEV0012,33.6,100.0,4.12,28.2,0.63,False
T011295,2025-09-22,13,HH011,DEV0015,21.6,90.8,41.26,184.2,0.52,False
T011296,2025-09-22,18,HH016,DEV0021,19.0,100.0,36.86,158.6,0.49,False
T011297,2025-09-22,15,HH017,DEV0023,32.0,100.0,3.88,26.3,0.59,False
T011298,2025-09-22,14,HH023,DEV0033,19.6,96.9,30.21,146.3,0.18,False
T011299,2025-09-22,15,HH026,DEV0038,10.0,93.5,41.74,261.1,0.18,False
T011300,2025-09-22,16,HH029,DEV0042,16.8,95.4,40.93,249.7,0.52,False
T011301,2025-09-22,15,HH030,DEV0044,21.5,99.2,2.72,14.8,0.07,False
T011302,2025-09-22,18,HH033,DEV0048,6.4,84.4,4.99,23.9,0.29,False
T011303,2025-09-22,15,HH035,DEV0050,26.0,100.0,25.09,159.1,0.4,False
T011304,2025-09-22,19,HH038,DEV0054,36.3,100.0,20.32,87.1,0.71,False
T011305,2025-09-22,14,HH039,DEV0056,27.2,100.0,31.89,140.4,0.89,False
T011306,2025-09-22,19,HH046,DEV0068,5.4,84.9,37.39,260.5,0.08,False
T011307,2025-09-22,18,HH057,DEV0084,16.9,100.0,2.66,16.6,0.6,False
T011308,2025-09-22,14,HH058,DEV0086,39.5,100.0,2.18,15.4,0.31,False
T011309,2025-09-22,12,HH060,DEV0088,10.7,95.1,6.16,29.8,0.59,False
T011310,2025-09-22,17,HH062,DEV0092,19.8,99.4,26.02,112.5,0.44,False
T011311,2025-09-22,18,HH064,DEV0095,6.1,89.1,2.57,11.9,0.44,False
T011312,2025-09-22,16,HH065,DEV0097,6.7,84.7,5.85,28.2,0.76,False
T011313,2025-09-22,18,HH068,DEV0100,13.2,93.5,34.84,235.4,0.66,False
T011314,2025-09-22,18,HH072,DEV0104,24.5,100.0,22.12,150.7,0.06,False
T011315,2025-09-22,14,HH075,DEV0109,39.0,100.0,24.89,169.5,0.44,False
T011316,2025-09-22,16,HH077,DEV0112,27.5,100.0,5.29,23.5,0.44,False
T011317,2025-09-22,11,HH079,DEV0115,17.0,88.8,35.32,177.8,0.24,False
T011318,2025-09-22,14,HH084,DEV0123,36.9,100.0,3.16,14.0,0.66,False
T011319,2025-09-22,16,HH087,DEV0128,32.7,100.0,2.15,11.5,0.32,False
T011320,2025-09-22,19,HH088,DEV0129,12.9,95.9,38.28,285.6,0.3,False
T011321,2025-09-22,11,HH090,DEV0131,20.8,96.8,42.64,275.1,0.82,False
T011322,2025-09-22,16,HH099,DEV0144,24.1,100.0,5.84,29.3,0.3,False
T011323,2025-09-22,17,HH100,DEV0145,5.5,89.6,34.23,201.9,0.21,False
T011324,2025-09-22,16,HH101,DEV0147,27.5,100.0,2.61,14.8,0.09,False
T011325,2025-09-22,14,HH113,DEV0164,32.8,81.4,10.5,68.3,0.28,True
T011326,2025-09-22,15,HH115,DEV0169,9.5,89.9,32.47,142.2,0.51,False
T011327,2025-09-22,19,HH119,DEV0174,29.0,100.0,21.23,99.3,0.31,False
T011328,2025-09-22,17,HH122,DEV0179,32.7,100.0,22.07,95.1,0.53,False
T011329,2025-09-22,19,HH126,DEV0184,34.2,66.7,2.47,13.5,0.33,True
T011330,2025-09-22,16,HH127,DEV0186,39.1,100.0,30.75,228.8,0.23,False
T011331,2025-09-22,19,HH128,DEV0187,9.9,83.9,3.11,13.6,0.14,False
T011332,2025-09-22,19,HH134,DEV0196,27.4,100.0,5.37,34.3,0.2,False
T011333,2025-09-22,19,HH135,DEV0198,31.3,100.0,3.98,25.2,0.15,False
T011334,2025-09-22,15,HH139,DEV0204,30.6,100.0,25.47,163.3,0.19,False
T011335,2025-09-23,13,HH003,DEV0004,22.0,100.0,31.04,202.4,0.39,False
T011336,2025-09-23,16,HH007,DEV0008,12.3,98.0,3.26,18.1,0.2,False
T011337,2025-09-23,18,HH013,DEV0017,26.3,100.0,3.91,26.1,0.87,False
T011338,2025-09-23,15,HH014,DEV0019,27.3,100.0,3.27,15.7,0.25,False
T011339,2025-09-23,16,HH016,DEV0021,36.4,100.0,28.94,165.9,0.32,False
T011340,2025-09-23,11,HH017,DEV0022,28.6,100.0,15.92,79.2,0.51,False
T011341,2025-09-23,14,HH018,DEV0025,16.8,89.7,29.31,161.3,0.47,False
T011342,2025-09-23,19,HH020,DEV0027,36.9,100.0,2.21,15.4,0.13,False
T011343,2025-09-23,19,HH023,DEV0032,38.5,100.0,36.47,215.7,0.14,False
T011344,2025-09-23,19,HH024,DEV0035,21.7,97.2,41.32,217.3,0.73,False
T011345,2025-09-23,17,HH027,DEV0039,17.7,89.8,2.31,14.8,0.21,False
T011346,2025-09-23,17,HH028,DEV0040,6.1,95.1,34.37,161.7,0.41,False
T011347,2025-09-23,19,HH032,DEV0047,21.7,100.0,4.78,30.3,0.42,False
T011348,2025-09-23,16,HH043,DEV0064,31.7,100.0,31.49,162.2,0.32,False
T011349,2025-09-23,14,HH048,DEV0071,24.4,100.0,30.62,184.1,0.06,False
T011350,2025-09-23,19,HH052,DEV0077,17.8,100.0,4.19,29.3,0.46,False
T011351,2025-09-23,17,HH053,DEV0078,9.5,83.8,14.87,67.1,0.18,False
T011352,2025-09-23,13,HH055,DEV0081,23.9,100.0,3.2,20.0,0.52,False
T011353,2025-09-23,17,HH058,DEV0086,16.1,100.0,3.02,20.8,0.41,False
T011354,2025-09-23,17,HH059,DEV0087,31.1,100.0,4.0,28.1,0.23,False
T011355,2025-09-23,15,HH060,DEV0088,22.4,95.8,5.36,23.7,0.85,False
T011356,2025-09-23,19,HH061,DEV0091,22.0,100.0,4.68,32.9,0.35,False
T011357,2025-09-23,14,HH062,DEV0092,16.9,96.2,25.94,184.3,0.3,False
T011358,2025-09-23,16,HH068,DEV0100,9.4,91.9,35.81,260.8,0.77,False
T011359,2025-09-23,19,HH071,DEV0103,14.9,96.0,5.11,25.3,0.43,False
T011360,2025-09-23,16,HH082,DEV0121,5.1,84.7,34.39,156.4,0.69,False
T011361,2025-09-23,18,HH085,DEV0124,31.7,100.0,22.95,115.6,0.07,False
T011362,2025-09-23,16,HH086,DEV0127,26.2,100.0,2.88,13.1,0.41,False
T011363,2025-09-23,15,HH088,DEV0129,22.4,100.0,35.77,161.6,0.28,False
T011364,2025-09-23,18,HH089,DEV0130,11.0,87.9,3.46,25.6,0.1,False
T011365,2025-09-23,18,HH090,DEV0131,16.2,96.0,44.78,202.0,0.74,False
T011366,2025-09-23,17,HH093,DEV0135,19.9,95.3,3.24,15.8,0.43,False
T011367,2025-09-23,18,HH095,DEV0138,24.5,100.0,21.37,117.5,0.86,False
T011368,2025-09-23,13,HH098,DEV0143,32.5,100.0,3.85,18.1,0.65,False
T011369,2025-09-23,19,HH101,DEV0147,15.7,93.8,2.81,15.4,0.07,False
T011370,2025-09-23,10,HH103,DEV0149,21.9,76.9,2.36,12.1,0.44,True
T011371,2025-09-23,14,HH110,DEV0160,25.7,100.0,26.53,117.7,0.28,False
T011372,2025-09-23,18,HH111,DEV0162,37.5,100.0,27.5,156.8,0.37,False
T011373,2025-09-23,19,HH114,DEV0168,30.1,100.0,25.23,161.9,0.54,False
T011374,2025-09-23,16,HH116,DEV0170,10.8,82.5,24.17,106.5,0.73,False
T011375,2025-09-23,19,HH122,DEV0179,29.1,99.4,23.05,145.0,0.7,False
T011376,2025-09-23,18,HH123,DEV0180,35.8,100.0,13.42,67.2,0.39,False
T011377,2025-09-23,17,HH127,DEV0185,28.0,98.2,41.47,208.8,0.15,False
T011378,2025-09-23,17,HH128,DEV0187,5.6,76.2,2.97,14.5,0.18,False
T011379,2025-09-23,18,HH130,DEV0189,23.4,100.0,5.44,37.2,0.09,False
T011380,2025-09-23,17,HH134,DEV0197,35.0,100.0,15.92,97.6,0.21,False
T011381,2025-09-24,12,HH003,DEV0004,13.6,94.1,32.03,178.7,0.53,False
T011382,2025-09-24,19,HH005,DEV0006,27.1,100.0,2.84,16.6,0.34,False
T011383,2025-09-24,19,HH006,DEV0007,23.5,100.0,15.76,105.4,0.74,False
T011384,2025-09-24,16,HH009,DEV0013,13.3,88.3,4.2,22.6,0.28,False
T011385,2025-09-24,13,HH011,DEV0015,39.6,100.0,36.0,174.0,0.37,False
T011386,2025-09-24,15,HH021,DEV0029,38.9,100.0,2.44,14.2,0.43,False
T011387,2025-09-24,16,HH022,DEV0031,5.8,83.1,15.69,117.5,0.47,False
T011388,2025-09-24,19,HH026,DEV0038,34.6,100.0,32.7,151.2,0.2,False
T011389,2025-09-24,16,HH031,DEV0046,19.2,99.2,41.59,224.7,0.41,False
T011390,2025-09-24,15,HH032,DEV0047,21.6,100.0,4.78,20.9,0.39,False
T011391,2025-09-24,15,HH033,DEV0048,28.9,100.0,4.55,30.5,0.19,False
T011392,2025-09-24,11,HH039,DEV0057,15.3,95.6,6.11,35.9,0.79,False
T011393,2025-09-24,19,HH044,DEV0066,18.1,99.9,25.59,133.2,0.41,False
T011394,2025-09-24,13,HH047,DEV0070,14.4,97.3,19.97,149.5,0.15,False
T011395,2025-09-24,14,HH050,DEV0074,22.7,100.0,3.56,15.4,0.32,False
T011396,2025-09-24,19,HH051,DEV0075,24.3,100.0,3.71,18.0,0.52,False
T011397,2025-09-24,15,HH053,DEV0078,29.2,100.0,14.16,65.4,0.16,False
T011398,2025-09-24,18,HH057,DEV0084,12.0,83.6,2.29,14.3,0.66,False
T011399,2025-09-24,19,HH058,DEV0086,23.1,100.0,2.77,16.9,0.45,False
T011400,2025-09-24,12,HH060,DEV0088,27.6,100.0,5.29,24.1,0.52,False
T011401,2025-09-24,17,HH063,DEV0093,21.8,100.0,22.44,106.0,0.48,False
T011402,2025-09-24,13,HH066,DEV0098,28.9,72.4,2.83,16.4,0.36,True
T011403,2025-09-24,15,HH067,DEV0099,32.0,100.0,5.44,23.4,0.46,False
T011404,2025-09-24,15,HH068,DEV0100,7.6,88.7,35.19,222.2,0.81,False
T011405,2025-09-24,17,HH073,DEV0105,22.1,100.0,4.75,25.4,0.2,False
T011406,2025-09-24,17,HH079,DEV0115,34.7,100.0,32.13,158.0,0.19,False
T011407,2025-09-24,13,HH082,DEV0121,17.5,97.4,34.5,229.8,0.75,False
T011408,2025-09-24,15,HH083,DEV0122,14.2,91.4,29.88,158.8,0.3,False
T011409,2025-09-24,18,HH087,DEV0128,12.4,95.5,2.66,16.5,0.32,False
T011410,2025-09-24,18,HH088,DEV0129,32.7,100.0,31.03,203.9,0.25,False
T011411,2025-09-24,12,HH090,DEV0132,27.9,100.0,41.89,189.9,0.52,False
T011412,2025-09-24,17,HH091,DEV0133,14.1,100.0,3.87,16.7,0.39,False
T011413,2025-09-24,17,HH096,DEV0140,39.4,100.0,4.36,22.1,0.13,False
T011414,2025-09-24,15,HH102,DEV0148,11.3,91.7,21.3,158.6,0.77,False
T011415,2025-09-24,16,HH103,DEV0149,20.1,69.8,2.14,10.3,0.92,True
T011416,2025-09-24,18,HH108,DEV0155,8.2,86.5,35.18,210.7,0.44,False
T011417,2025-09-24,19,HH118,DEV0172,27.5,100.0,33.71,145.6,0.28,False
T011418,2025-09-24,19,HH126,DEV0184,8.4,62.7,4.12,23.9,0.29,True
T011419,2025-09-24,12,HH130,DEV0189,33.6,100.0,4.71,26.5,0.14,False
T011420,2025-09-24,19,HH132,DEV0192,7.6,85.4,3.89,28.6,0.37,False
T011421,2025-09-24,19,HH138,DEV0203,5.2,85.2,27.27,186.9,0.17,False
T011422,2025-09-25,14,HH002,DEV0003,39.5,100.0,3.39,17.5,0.56,False
T011423,2025-09-25,14,HH004,DEV0005,29.6,100.0,5.07,27.1,0.16,False
T011424,2025-09-25,15,HH006,DEV0007,20.2,95.3,15.47,97.6,0.44,False
T011425,2025-09-25,18,HH008,DEV0012,22.3,97.0,4.63,24.1,0.81,False
T011426,2025-09-25,15,HH011,DEV0015,17.7,100.0,49.05,279.5,0.72,False
T011427,2025-09-25,15,HH013,DEV0017,37.9,100.0,3.29,18.4,0.63,False
T011428,2025-09-25,17,HH017,DEV0023,9.8,94.8,4.85,34.9,0.53,False
T011429,2025-09-25,17,HH018,DEV0025,31.0,100.0,27.74,129.2,0.57,False
T011430,2025-09-25,16,HH020,DEV0027,20.3,97.1,2.69,12.5,0.17,False
T011431,2025-09-25,19,HH023,DEV0032,14.0,87.1,43.33,255.7,0.16,False
T011432,2025-09-25,19,HH025,DEV0036,5.3,86.1,4.68,28.9,0.49,False
T011433,2025-09-25,17,HH029,DEV0041,36.5,100.0,4.44,19.3,0.46,False
T011434,2025-09-25,16,HH032,DEV0047,31.3,100.0,4.19,24.4,0.5,False
T011435,2025-09-25,19,HH035,DEV0050,37.7,100.0,21.12,96.9,0.39,False
T011436,2025-09-25,18,HH045,DEV0067,18.4,93.2,38.45,174.3,0.86,False
T011437,2025-09-25,16,HH052,DEV0076,32.1,100.0,3.06,19.3,0.47,False
T011438,2025-09-25,17,HH058,DEV0086,7.6,90.0,2.97,18.6,0.4,False
T011439,2025-09-25,17,HH059,DEV0087,38.9,100.0,3.54,20.6,0.23,False
T011440,2025-09-25,10,HH060,DEV0088,29.0,100.0,5.18,27.2,0.48,False
T011441,2025-09-25,19,HH078,DEV0114,32.9,100.0,23.62,134.5,0.77,False
T011442,2025-09-25,15,HH079,DEV0115,10.5,89.4,38.8,249.3,0.24,False
T011443,2025-09-25,14,HH080,DEV0116,33.1,100.0,5.02,34.3,0.8,False
T011444,2025-09-25,14,HH081,DEV0118,27.6,100.0,15.13,74.1,0.61,False
T011445,2025-09-25,18,HH082,DEV0119,20.2,100.0,5.27,35.6,0.53,False
T011446,2025-09-25,15,HH084,DEV0123,13.3,97.6,4.21,18.5,0.86,False
T011447,2025-09-25,16,HH085,DEV0124,26.9,100.0,24.56,155.5,0.07,False
T011448,2025-09-25,16,HH086,DEV0127,10.4,100.0,3.49,24.8,0.34,False
T011449,2025-09-25,19,HH087,DEV0128,24.9,97.5,2.32,10.5,0.21,False
T011450,2025-09-25,12,HH094,DEV0137,40.0,100.0,2.94,14.0,0.25,False
T011451,2025-09-25,18,HH096,DEV0140,24.3,100.0,5.45,27.1,0.12,False
T011452,2025-09-25,15,HH098,DEV0142,34.7,100.0,35.92,235.2,0.56,False
T011453,2025-09-25,19,HH105,DEV0151,28.8,100.0,3.56,16.4,0.16,False
T011454,2025-09-25,18,HH110,DEV0159,11.8,100.0,3.18,20.1,0.43,False
T011455,2025-09-25,14,HH112,DEV0163,17.6,89.4,24.19,145.0,0.26,False
T011456,2025-09-25,14,HH115,DEV0169,5.2,85.9,32.6,146.3,0.46,False
T011457,2025-09-25,18,HH120,DEV0176,29.1,100.0,4.54,24.4,0.51,False
T011458,2025-09-25,14,HH121,DEV0178,15.8,88.4,32.22,144.4,0.72,False
T011459,2025-09-25,19,HH129,DEV0188,13.5,84.2,4.17,22.6,0.51,False
T011460,2025-09-25,15,HH130,DEV0189,6.7,79.4,5.16,28.0,0.11,False
T011461,2025-09-25,19,HH132,DEV0192,37.4,100.0,3.13,18.9,0.46,False
T011462,2025-09-25,14,HH133,DEV0195,25.4,100.0,17.01,109.4,0.2,False
T011463,2025-09-25,11,HH138,DEV0203,31.6,100.0,23.32,102.3,0.26,False
T011464,2025-09-26,17,HH011,DEV0015,11.3,88.1,45.75,203.6,0.68,False
T011465,2025-09-26,15,HH015,DEV0020,38.4,100.0,2.09,12.7,0.43,False
T011466,2025-09-26,13,HH025,DEV0036,12.9,91.4,4.55,22.6,0.47,False
T011467,2025-09-26,15,HH027,DEV0039,16.9,89.3,2.32,12.7,0.25,False
T011468,2025-09-26,17,HH029,DEV0042,20.7,98.2,40.37,261.3,0.52,False
T011469,2025-09-26,18,HH036,DEV0052,6.2,87.0,5.98,28.1,0.39,False
T011470,2025-09-26,17,HH038,DEV0054,18.8,100.0,25.9,119.6,0.69,False
T011471,2025-09-26,18,HH039,DEV0058,26.5,100.0,3.53,20.4,0.81,False
T011472,2025-09-26,15,HH042,DEV0062,12.0,91.2,23.29,104.4,0.23,False
T011473,2025-09-26,19,HH043,DEV0064,20.2,100.0,36.79,225.3,0.44,False
T011474,2025-09-26,19,HH044,DEV0066,18.5,100.0,25.51,169.9,0.86,False
T011475,2025-09-26,12,HH048,DEV0072,31.7,100.0,5.33,27.1,0.07,False
T011476,2025-09-26,17,HH055,DEV0080,35.9,100.0,19.49,130.8,0.43,False
T011477,2025-09-26,19,HH060,DEV0088,38.1,100.0,4.52,26.4,0.57,False
T011478,2025-09-26,17,HH062,DEV0092,13.8,100.0,28.19,122.4,0.36,False
T011479,2025-09-26,17,HH064,DEV0095,16.6,100.0,2.59,19.0,0.47,False
T011480,2025-09-26,14,HH065,DEV0097,29.6,100.0,5.28,23.5,0.67,False
T011481,2025-09-26,17,HH067,DEV0099,32.7,100.0,5.38,35.3,0.66,False
T011482,2025-09-26,17,HH068,DEV0100,30.4,100.0,30.21,159.4,0.7,False
T011483,2025-09-26,19,HH071,DEV0103,22.4,100.0,4.89,30.9,0.33,False
T011484,2025-09-26,16,HH074,DEV0107,15.2,100.0,42.65,247.8,0.25,False
T011485,2025-09-26,15,HH076,DEV0110,27.5,100.0,25.96,175.4,0.51,False
T011486,2025-09-26,18,HH078,DEV0113,8.5,96.5,4.66,20.5,0.64,False
T011487,2025-09-26,19,HH084,DEV0123,17.2,100.0,4.14,21.2,0.54,False
T011488,2025-09-26,15,HH085,DEV0124,14.8,94.7,26.85,143.5,0.08,False
T011489,2025-09-26,11,HH086,DEV0126,35.3,100.0,20.12,103.7,0.36,False
T011490,2025-09-26,17,HH087,DEV0128,9.5,97.8,2.82,16.9,0.19,False
T011491,2025-09-26,17,HH090,DEV0131,38.9,100.0,34.28,180.3,0.5,False
T011492,2025-09-26,14,HH094,DEV0137,13.6,85.9,3.54,22.2,0.24,False
T011493,2025-09-26,18,HH095,DEV0139,11.0,92.3,20.17,106.7,0.81,False
T011494,2025-09-26,18,HH098,DEV0142,32.5,100.0,37.12,215.8,0.55,False
T011495,2025-09-26,19,HH103,DEV0149,29.6,77.1,2.04,9.5,0.43,True
T011496,2025-09-26,13,HH105,DEV0151,28.0,100.0,3.6,16.2,0.23,False
T011497,2025-09-26,19,HH107,DEV0153,25.6,100.0,2.83,15.2,0.34,False
T011498,2025-09-26,16,HH110,DEV0159,15.5,95.3,2.87,13.0,0.42,False
T011499,2025-09-26,16,HH115,DEV0169,38.8,100.0,24.72,156.2,0.47,False
T011500,2025-09-26,14,HH116,DEV0170,24.3,100.0,25.51,153.0,0.73,False
T011501,2025-09-26,16,HH122,DEV0179,6.8,77.5,23.2,150.9,0.53,False
T011502,2025-09-26,15,HH124,DEV0181,31.6,66.7,15.58,90.7,0.59,True
T011503,2025-09-26,19,HH129,DEV0188,20.5,100.0,4.69,23.7,0.81,False
T011504,2025-09-26,17,HH132,DEV0192,29.1,100.0,3.55,20.7,0.45,False
T011505,2025-09-26,18,HH135,DEV0198,23.5,100.0,4.44,28.7,0.1,False
T011506,2025-09-27,16,HH001,DEV0001,24.5,100.0,25.97,134.2,0.24,False
T011507,2025-09-27,15,HH007,DEV0009,23.3,100.0,19.02,100.2,0.39,False
T011508,2025-09-27,17,HH009,DEV0013,31.8,100.0,3.82,20.5,0.15,False
T011509,2025-09-27,13,HH015,DEV0020,37.2,100.0,2.14,9.4,0.54,False
T011510,2025-09-27,16,HH017,DEV0022,19.4,91.5,16.08,72.9,0.71,False
T011511,2025-09-27,16,HH019,DEV0026,23.7,100.0,25.64,121.0,0.19,False
T011512,2025-09-27,19,HH021,DEV0029,22.0,100.0,3.12,16.5,0.4,False
T011513,2025-09-27,16,HH023,DEV0033,34.2,100.0,25.73,148.4,0.15,False
T011514,2025-09-27,17,HH032,DEV0047,10.8,82.9,4.4,30.5,0.43,False
T011515,2025-09-27,16,HH034,DEV0049,21.3,94.9,5.52,38.3,0.33,False
T011516,2025-09-27,16,HH036,DEV0052,34.4,100.0,4.85,31.3,0.35,False
T011517,2025-09-27,15,HH037,DEV0053,25.1,100.0,3.52,16.6,0.82,False
T011518,2025-09-27,17,HH042,DEV0061,11.1,100.0,36.98,173.5,0.24,False
T011519,2025-09-27,16,HH045,DEV0067,17.3,95.0,39.92,172.8,0.74,False
T011520,2025-09-27,14,HH049,DEV0073,9.4,96.9,3.68,16.6,0.07,False
T011521,2025-09-27,19,HH051,DEV0075,24.0,100.0,3.72,25.8,0.37,False
T011522,2025-09-27,12,HH054,DEV0079,39.4,100.0,2.85,16.1,0.49,False
T011523,2025-09-27,16,HH061,DEV0091,20.7,100.0,4.76,27.4,0.48,False
T011524,2025-09-27,14,HH063,DEV0093,12.5,88.1,21.69,153.8,0.46,False
T011525,2025-09-27,14,HH064,DEV0095,28.1,100.0,2.23,9.7,0.3,False
T011526,2025-09-27,16,HH065,DEV0096,21.0,100.0,39.11,244.9,0.68,False
T011527,2025-09-27,17,HH066,DEV0098,39.5,87.8,3.14,19.1,0.35,True
T011528,2025-09-27,18,HH067,DEV0099,21.8,93.5,5.74,29.0,0.69,False
T011529,2025-09-27,17,HH070,DEV0102,10.9,43.6,1.08,6.1,0.23,True
T011530,2025-09-27,19,HH076,DEV0110,33.6,100.0,23.77,128.5,0.78,False
T011531,2025-09-27,19,HH077,DEV0112,7.5,83.4,5.54,39.7,0.33,False
T011532,2025-09-27,17,HH078,DEV0113,9.1,90.1,4.29,21.9,0.71,False
T011533,2025-09-27,15,HH082,DEV0119,27.2,100.0,4.8,24.7,0.8,False
T011534,2025-09-27,19,HH088,DEV0129,23.5,98.5,34.59,173.8,0.18,False
T011535,2025-09-27,14,HH090,DEV0131,14.6,100.0,47.91,322.4,0.61,False
T011536,2025-09-27,17,HH091,DEV0133,13.9,85.5,3.22,19.4,0.38,False
T011537,2025-09-27,16,HH092,DEV0134,11.5,93.3,36.57,175.3,0.23,False
T011538,2025-09-27,12,HH098,DEV0143,17.6,100.0,4.7,24.4,0.49,False
T011539,2025-09-27,17,HH105,DEV0151,26.8,100.0,3.66,15.9,0.16,False
T011540,2025-09-27,14,HH106,DEV0152,27.4,100.0,38.26,266.0,0.2,False
T011541,2025-09-27,15,HH109,DEV0156,10.9,98.0,6.62,35.4,0.55,False
T011542,2025-09-27,19,HH114,DEV0168,16.9,100.0,30.0,172.7,0.45,False
T011543,2025-09-27,17,HH116,DEV0170,5.2,91.3,29.0,177.5,0.92,False
T011544,2025-09-27,14,HH121,DEV0178,27.5,100.0,32.19,188.6,0.44,False
T011545,2025-09-27,17,HH122,DEV0179,38.1,100.0,20.3,88.4,0.49,False
T011546,2025-09-27,19,HH124,DEV0181,12.1,43.2,13.8,74.6,0.78,True
T011547,2025-09-27,19,HH127,DEV0186,33.6,100.0,33.53,231.9,0.15,False
T011548,2025-09-27,19,HH129,DEV0188,15.2,88.1,4.3,31.9,0.74,False
T011549,2025-09-27,18,HH130,DEV0189,25.4,99.6,5.27,26.3,0.16,False
T011550,2025-09-27,18,HH131,DEV0190,24.7,100.0,3.54,17.6,0.37,False
T011551,2025-09-27,15,HH132,DEV0192,24.3,100.0,3.78,16.5,0.38,False
T011552,2025-09-27,19,HH133,DEV0194,39.5,100.0,34.67,226.2,0.1,False
T011553,2025-09-27,14,HH138,DEV0203,14.4,94.4,27.28,193.4,0.15,False
T011554,2025-09-27,19,HH139,DEV0204,16.1,100.0,30.79,139.9,0.32,False
T011555,2025-09-27,14,HH140,DEV0206,29.8,100.0,18.11,81.1,0.54,False
